Equipment_ID,Type,Site_ID,Engine_Hours/Day,Idle_Hours/Day,Fuel_Level (%),Distance_Covered/Day (km),Equipment_Health (%),Current_Contract_ID,Last_Operator_ID,Latitude,Longitude,Maintenance_Status,Utilization (%),Status,Expected_Site_ID,Contract_End_Status,Anomaly_Type,Anomaly_Flag
EQ00001,Excavator,S119,9.8,1.2,57,28.7,88,C2303,OP0028,13.125873,80.306653,Good,83,Running,S119,Active,Normal,0
EQ00002,Excavator,S088,10.1,1.3,49,16.4,90,C5950,OP0137,12.865559,80.288085,Due Soon,87,Running,S088,Active,Normal,0
EQ00003,Motor Grader,S117,9.7,1.8,42,33.5,86,C7249,OP0336,13.263645,80.160668,Good,68,Running,S117,Active,Normal,0
EQ00004,Wheel Loader,S135,5.5,0.5,72,14.0,100,C2609,OP0561,13.340351,80.29292,Good,97,Running,S135,Active,Normal,0
EQ00005,Motor Grader,S059,9.0,1.6,72,29.6,99,C4565,OP0073,12.77546,80.215006,Good,73,Running,S059,Active,Normal,0
EQ00006,Excavator,S034,8.0,2.5,64,17.8,92,C1464,OP0011,13.108332,80.235605,Good,94,Running,S034,Active,Normal,0
EQ00007,Motor Grader,S069,9.0,1.7,48,22.1,87,C4937,OP0052,13.012929,80.30304,Good,71,Running,S069,Active,Normal,0
EQ00008,Wheel Loader,S128,10.9,2.1,62,19.6,91,C8021,OP0286,13.134057,80.149784,Due Soon,80,Running,S128,Active,Normal,0
EQ00009,Backhoe Loader,S106,10.0,2.6,44,23.0,89,C9538,OP0056,13.18246,80.159164,Good,78,Running,S106,Active,Normal,0
EQ00010,Skid Steer Loader,S150,10.0,0.3,51,23.5,80,C4179,OP0798,12.865662,80.081672,Good,94,Running,S150,Active,Normal,0
EQ00011,Dump Truck,S036,6.6,1.2,76,14.3,93,C1206,OP0825,13.133725,80.045796,Due Soon,81,Running,S036,Active,Normal,0
EQ00012,Skid Steer Loader,S051,8.7,2.0,56,36.0,92,C7325,OP1087,13.066004,80.243328,Good,73,Running,S051,Active,Normal,0
EQ00013,Bulldozer,S004,6.3,0.6,50,14.0,86,C8219,OP1031,12.914766,80.028188,Good,71,Running,S004,Active,Normal,0
EQ00014,Backhoe Loader,S038,8.0,1.6,38,36.1,94,C9523,OP0264,13.022769,80.124595,Good,74,Running,S038,Active,Normal,0
EQ00015,Motor Grader,S049,8.1,0.2,48,27.9,94,C2528,OP0434,13.160165,80.204089,Due Soon,66,Running,S049,Active,Normal,0
EQ00016,Motor Grader,S149,10.3,1.9,71,28.3,88,C5781,OP0917,13.190709,80.28972,Good,70,Running,S149,Active,Normal,0
EQ00017,Motor Grader,S037,5.9,2.0,78,37.1,81,C5393,OP0548,12.966859,80.162084,Due Soon,67,Running,S037,Active,Normal,0
EQ00018,Bulldozer,S144,6.1,1.4,80,28.7,90,C9420,OP0196,13.04349,80.290719,Due Soon,76,Running,S144,Active,Normal,0
EQ00019,Skid Steer Loader,S116,7.7,1.0,81,16.6,96,C7021,OP0113,12.744916,80.064399,Due Soon,78,Running,S116,Active,Normal,0
EQ00020,Motor Grader,S106,5.7,0.3,40,37.5,94,C6813,OP0997,12.994499,80.250152,Good,93,Running,S106,Active,Normal,0
EQ00021,Backhoe Loader,S052,10.7,0.9,75,33.4,88,C8963,OP0989,13.32652,79.953711,Due Soon,90,Running,S080,Active,Wrong Site,1
EQ00022,Motor Grader,S018,10.6,2.5,80,19.2,84,C7010,OP1103,13.056463,80.144379,Good,96,Running,S018,Active,Normal,0
EQ00023,Backhoe Loader,S024,8.0,1.3,86,12.7,83,C7039,OP1185,13.095683,80.353393,Good,98,Running,S024,Active,Normal,0
EQ00024,Bulldozer,S134,5.6,1.8,59,26.1,80,C4987,OP1015,13.141629,80.003201,Good,96,Running,S134,Active,Normal,0
EQ00025,Wheel Loader,S113,7.9,2.7,70,37.0,100,C6954,OP0259,13.278839,80.366407,Overdue,72,Running,S113,Active,Normal,0
EQ00026,Motor Grader,S133,10.8,0.6,71,35.4,92,C8544,OP1080,13.236374,80.363247,Good,89,Running,S133,Active,Normal,0
EQ00027,Skid Steer Loader,S097,8.8,1.6,88,39.4,86,C6167,OP0686,13.328233,80.197295,Good,80,Running,S097,Active,Normal,0
EQ00028,Motor Grader,S122,5.1,1.5,72,28.7,97,C8922,OP1003,12.949361,80.180132,Good,66,Running,S122,Active,Normal,0
EQ00029,Motor Grader,S149,5.8,1.0,83,34.2,88,C2217,OP1131,13.257637,79.998767,Good,74,Running,S149,Active,Normal,0
EQ00030,Wheel Loader,S144,10.9,2.7,60,22.2,92,C2273,OP0472,13.245299,80.038432,Good,98,Running,S144,Active,Normal,0
EQ00031,Dump Truck,S110,8.1,0.1,81,39.9,94,C3585,OP0876,13.327193,80.243311,Good,73,Running,S110,Active,Normal,0
EQ00032,Bulldozer,S045,5.0,1.8,41,13.2,99,C5641,OP0592,12.790682,80.213464,Good,80,Running,S045,Active,Normal,0
EQ00033,Excavator,S009,9.5,1.2,49,21.0,96,C8476,OP0158,12.735647,80.272198,Due Soon,88,Running,S009,Active,Normal,0
EQ00034,Motor Grader,S011,9.5,1.8,58,19.2,98,C5718,OP0170,12.928785,80.164218,Good,90,Running,S011,Active,Normal,0
EQ00035,Backhoe Loader,S042,7.5,1.5,81,29.5,92,C2564,OP0805,12.912223,80.227195,Good,79,Running,S042,Active,Normal,0
EQ00036,Excavator,S083,10.9,2.2,46,31.6,82,C1144,OP0188,12.743009,80.238011,Good,67,Running,S083,Active,Normal,0
EQ00037,Skid Steer Loader,S085,7.1,2.7,66,37.9,87,C2254,OP0336,12.91321,80.30065,Good,87,Running,S085,Active,Normal,0
EQ00038,Wheel Loader,S084,8.7,0.7,49,29.6,98,C8343,OP0524,12.965339,80.086577,Due Soon,86,Running,S084,Active,Normal,0
EQ00039,Skid Steer Loader,S058,7.8,0.6,82,34.2,84,C9614,OP0687,12.781638,80.084785,Good,95,Running,S058,Active,Normal,0
EQ00040,Dump Truck,S061,9.3,1.1,69,20.7,99,C4948,OP0157,13.038731,80.237983,Good,85,Running,S061,Expired,Contract Expired,1
EQ00041,Backhoe Loader,S139,7.9,1.6,51,26.1,83,C5352,OP0833,13.058674,80.238705,Good,97,Running,S139,Active,Normal,0
EQ00042,Skid Steer Loader,S017,7.4,2.4,71,23.6,81,C1170,OP0294,13.125008,80.07221,Due Soon,78,Running,S017,Active,Normal,0
EQ00043,Dump Truck,S063,7.7,1.2,65,32.8,89,C9371,OP1189,13.227144,80.132587,Good,80,Running,S063,Active,Normal,0
EQ00044,Backhoe Loader,S146,8.4,2.7,52,17.7,87,C7703,OP0303,12.869669,80.093996,Good,91,Running,S146,Active,Normal,0
EQ00045,Motor Grader,S101,10.5,2.3,40,33.1,92,C4113,OP0327,13.181741,80.124155,Due Soon,72,Running,S101,Active,Normal,0
EQ00046,Bulldozer,S064,9.5,0.7,41,27.9,80,C6938,OP0278,13.27739,79.976934,Good,89,Running,S064,Active,Normal,0
EQ00047,Backhoe Loader,S079,7.7,1.6,57,28.9,85,C8085,OP0522,13.198013,80.231053,Good,74,Running,S079,Active,Normal,0
EQ00048,Bulldozer,S074,7.6,1.6,38,26.4,89,C9845,OP0777,12.734334,80.378376,Good,82,Running,S074,Active,Normal,0
EQ00049,Wheel Loader,S142,10.4,1.6,85,39.2,87,C9768,OP1140,12.869024,80.154529,Good,78,Running,S142,Active,Normal,0
EQ00050,Wheel Loader,S050,6.4,1.0,84,26.8,86,C6004,OP0327,12.994996,80.067079,Good,72,Running,S050,Active,Normal,0
EQ00051,Bulldozer,S078,6.3,0.6,65,35.5,89,C8268,OP0449,12.753069,80.177385,Due Soon,67,Running,S078,Active,Normal,0
EQ00052,Skid Steer Loader,S035,9.4,3.0,92,22.0,95,C6284,OP0739,13.173179,80.322303,Good,77,Running,S035,Active,Normal,0
EQ00053,Motor Grader,S085,7.1,2.3,56,23.4,92,C8349,OP0345,13.135876,80.152138,Good,71,Running,S085,Active,Normal,0
EQ00054,Skid Steer Loader,S090,10.4,0.3,68,39.8,96,C5464,OP0591,13.07381,80.09259,Good,71,Running,S090,Active,Normal,0
EQ00055,Motor Grader,S050,6.9,16.0,73,22.4,99,C3539,OP1015,12.796161,80.196744,Good,8,Idle,S050,Active,Low Utilization,1
EQ00056,Motor Grader,S078,8.7,2.1,35,13.1,88,C6937,OP0762,13.073313,80.090307,Good,77,Running,S078,Active,Normal,0
EQ00057,Wheel Loader,S105,5.2,2.4,83,35.0,90,C3638,OP0866,12.99512,80.140364,Good,98,Running,S104,Active,Wrong Site,1
EQ00058,Backhoe Loader,S038,8.0,2.2,71,22.9,98,C3983,OP0657,13.302192,80.255838,Good,89,Running,S038,Active,Normal,0
EQ00059,Motor Grader,S050,7.3,2.6,58,165.0,87,C4499,OP0380,13.296452,79.981041,Good,98,Running,S050,Active,Distance Spike,1
EQ00060,Backhoe Loader,S008,9.1,2.3,87,36.9,28,C4708,OP0847,12.746745,80.093306,Overdue,98,Maintenance,S008,Active,Maintenance Overdue,1
EQ00061,Skid Steer Loader,S099,6.5,2.7,87,20.4,99,C6618,OP0928,12.943361,79.959901,Due Soon,96,Running,S099,Active,Normal,0
EQ00062,Bulldozer,S023,9.9,0.5,64,20.0,90,C3101,OP0751,12.811176,80.317683,Good,67,Running,S023,Active,Normal,0
EQ00063,Wheel Loader,S068,5.4,0.1,57,26.1,83,C8571,OP0018,13.060982,80.193412,Good,83,Running,S068,Active,Normal,0
EQ00064,Excavator,S124,7.1,2.5,49,23.5,93,C6913,OP0738,13.21379,80.352347,Good,92,Running,S124,Active,Normal,0
EQ00065,Skid Steer Loader,S063,8.8,1.9,57,37.7,80,C3962,OP1078,12.896257,80.263996,Good,90,Running,S063,Active,Normal,0
EQ00066,Excavator,S056,10.8,1.3,75,15.9,88,C1725,OP0950,12.720407,80.026542,Due Soon,97,Running,S056,Active,Normal,0
EQ00067,Excavator,S145,9.5,2.7,51,25.6,81,C6331,OP1121,13.06082,80.262938,Good,83,Running,S145,Active,Normal,0
EQ00068,Bulldozer,S002,6.8,2.0,48,35.0,92,C8979,OP0464,13.034613,80.143822,Overdue,97,Running,S002,Active,Normal,0
EQ00069,Excavator,S001,10.4,2.2,94,39.9,85,C3989,OP0392,12.894253,80.09033,Good,66,Running,S001,Active,Normal,0
EQ00070,Excavator,S081,10.0,1.6,61,15.8,100,C9533,OP0133,13.147108,80.025206,Good,67,Running,S081,Active,Normal,0
EQ00071,Excavator,S098,7.0,1.0,92,27.8,100,C1916,OP0433,13.253459,80.299887,Good,95,Running,S098,Active,Normal,0
EQ00072,Backhoe Loader,S075,9.5,2.9,76,24.0,90,C3913,OP1084,13.083849,80.360335,Good,98,Running,S075,Active,Normal,0
EQ00073,Skid Steer Loader,S139,6.1,1.7,41,26.6,96,C9394,OP1108,12.93045,80.104801,Due Soon,90,Running,S139,Active,Normal,0
EQ00074,Dump Truck,S138,5.7,1.1,69,36.1,93,C8497,OP0312,12.701946,80.271302,Good,83,Running,S138,Active,Normal,0
EQ00075,Wheel Loader,S056,7.8,2.3,73,22.6,83,C6200,OP0702,12.877316,80.272831,Due Soon,98,Running,S056,Active,Normal,0
EQ00076,Motor Grader,S107,7.4,1.5,47,20.3,87,C5074,OP0518,13.285128,80.129676,Due Soon,84,Running,S107,Active,Normal,0
EQ00077,Excavator,S133,9.2,0.5,88,13.6,83,C7147,OP0994,13.191064,80.279578,Good,69,Running,S133,Active,Normal,0
EQ00078,Wheel Loader,S091,7.2,2.9,35,29.8,92,C2919,OP1138,12.959242,79.970764,Good,89,Running,S091,Active,Normal,0
EQ00079,Backhoe Loader,S006,9.7,1.4,66,19.7,91,C7294,OP0876,13.106602,80.002469,Good,92,Running,S006,Active,Normal,0
EQ00080,Motor Grader,S108,8.1,1.3,90,17.5,96,C7988,OP0414,12.700569,80.172848,Due Soon,78,Running,S108,Active,Normal,0
EQ00081,Skid Steer Loader,S067,10.0,16.0,87,15.2,100,C5211,OP0499,13.26754,80.159543,Good,8,Idle,S067,Active,Low Utilization,1
EQ00082,Bulldozer,S100,0.5,22.0,69,23.5,83,C3867,OP1030,13.28845,80.325708,Good,5,Idle,S100,Active,High Idle,1
EQ00083,Backhoe Loader,S074,9.8,1.3,5,18.0,83,C2165,OP0194,12.999984,80.11847,Good,79,Running,S074,Active,Fuel Anomaly,1
EQ00084,Skid Steer Loader,S019,5.2,0.7,36,29.9,98,C3851,OP0706,13.196976,80.101995,Good,68,Running,S019,Active,Normal,0
EQ00085,Excavator,S089,11.0,0.3,59,27.5,99,C4362,OP0476,13.279073,80.350236,Good,72,Running,S089,Active,Normal,0
EQ00086,Skid Steer Loader,S143,7.0,2.2,68,37.5,88,C9994,OP1065,13.130705,80.027767,Good,85,Running,S143,Active,Normal,0
EQ00087,Backhoe Loader,S043,6.5,2.6,41,33.3,83,C9367,OP0358,12.896142,80.303007,Good,72,Running,S043,Active,Normal,0
EQ00088,Dump Truck,S068,8.0,0.1,39,12.8,88,C1209,OP0885,12.971172,79.977188,Good,92,Running,S068,Active,Normal,0
EQ00089,Excavator,S080,10.8,2.2,44,18.8,92,C5156,OP0154,13.100606,80.320166,Good,95,Running,S080,Active,Normal,0
EQ00090,Backhoe Loader,S102,6.5,0.3,44,25.5,86,C2975,OP0975,13.079651,80.271613,Good,93,Running,S102,Active,Normal,0
EQ00091,Skid Steer Loader,S072,6.9,0.6,52,21.8,90,C9631,OP0668,12.79731,80.350708,Overdue,67,Running,S072,Active,Normal,0
EQ00092,Wheel Loader,S140,7.4,2.7,41,19.0,97,C1341,OP0932,12.825151,80.216637,Good,86,Running,S140,Active,Normal,0
EQ00093,Backhoe Loader,S121,6.2,1.5,89,14.7,87,C8291,OP0985,13.099558,80.146504,Good,82,Running,S121,Active,Normal,0
EQ00094,Backhoe Loader,S150,6.5,0.3,40,15.2,98,C3868,OP0710,13.022929,79.986686,Good,92,Running,S150,Active,Normal,0
EQ00095,Bulldozer,S106,6.7,2.3,85,20.1,83,C2824,OP0534,12.87888,80.303151,Due Soon,89,Running,S106,Active,Normal,0
EQ00096,Dump Truck,S075,9.6,2.7,92,31.8,97,C5352,OP1134,13.032508,80.289037,Good,79,Running,S075,Active,Normal,0
EQ00097,Motor Grader,S061,6.9,1.8,79,28.9,90,C5444,OP1012,13.241754,80.354575,Due Soon,71,Running,S061,Active,Normal,0
EQ00098,Backhoe Loader,S007,6.1,1.9,79,30.9,97,C1440,OP0330,13.206401,80.01918,Due Soon,68,Running,S007,Active,Normal,0
EQ00099,Backhoe Loader,S134,6.2,1.4,57,21.4,82,C3504,OP0879,13.072179,80.375858,Due Soon,85,Running,S134,Active,Normal,0
EQ00100,Excavator,S112,8.8,0.3,77,31.1,87,C1858,OP0126,13.059428,79.97972,Good,73,Running,S112,Active,Normal,0
EQ00101,Backhoe Loader,S051,7.6,0.8,47,26.2,86,C7128,OP0123,13.214889,80.283892,Good,71,Running,S051,Active,Normal,0
EQ00102,Backhoe Loader,S148,7.3,0.3,64,12.5,91,C7698,OP0247,12.771966,79.967112,Good,77,Running,S148,Expired,Contract Expired,1
EQ00103,Skid Steer Loader,S119,5.0,1.3,77,22.2,86,C3813,OP0590,12.90866,80.143589,Good,78,Running,S119,Active,Normal,0
EQ00104,Excavator,S053,6.4,2.6,75,24.2,99,C4147,OP0490,12.87968,80.081028,Good,78,Running,S053,Active,Normal,0
EQ00105,Excavator,S021,8.9,16.0,73,38.9,84,C7601,OP0901,13.306555,80.272915,Good,8,Idle,S021,Active,Low Utilization,1
EQ00106,Motor Grader,S144,10.8,2.8,52,24.1,99,C2544,OP0778,13.009998,80.296986,Due Soon,96,Running,S144,Active,Normal,0
EQ00107,Excavator,S092,7.8,2.2,38,21.4,100,C3098,OP0721,12.916394,79.96737,Good,90,Running,S092,Active,Normal,0
EQ00108,Wheel Loader,S019,8.7,1.0,88,19.7,90,C9086,OP0574,12.920268,80.170976,Good,83,Running,S019,Active,Normal,0
EQ00109,Bulldozer,S072,6.2,0.8,50,39.6,87,C1840,OP0554,13.26468,80.278326,Good,81,Running,S072,Active,Normal,0
EQ00110,Bulldozer,S111,6.2,0.5,80,27.0,99,C5950,OP1034,13.09221,80.074232,Due Soon,98,Running,S111,Active,Normal,0
EQ00111,Skid Steer Loader,S078,7.5,0.0,47,30.8,83,C1450,OP0519,12.765731,79.985336,Good,85,Running,S078,Active,Normal,0
EQ00112,Skid Steer Loader,S084,8.4,1.8,79,25.6,96,C8388,OP0044,13.307201,80.015337,Good,85,Running,S084,Active,Normal,0
EQ00113,Backhoe Loader,S002,9.9,1.7,63,34.2,100,C8505,OP0820,13.128859,80.104906,Good,76,Running,S002,Active,Normal,0
EQ00114,Wheel Loader,S129,10.8,0.1,92,14.6,87,C4977,OP0691,13.260084,80.060517,Good,80,Running,S129,Active,Normal,0
EQ00115,Backhoe Loader,S140,8.9,2.3,58,31.2,92,C7262,OP0023,12.778339,80.194991,Due Soon,73,Running,S140,Active,Normal,0
EQ00116,Skid Steer Loader,S066,7.1,1.6,84,18.9,84,C7414,OP0382,12.759273,80.394834,Good,67,Running,S066,Active,Normal,0
EQ00117,Skid Steer Loader,S043,5.1,1.0,44,17.8,80,C9382,OP0026,12.780222,80.387721,Good,84,Running,S043,Active,Normal,0
EQ00118,Wheel Loader,S120,9.3,1.6,81,18.6,98,C6437,OP1188,13.33528,80.041002,Good,75,Running,S120,Active,Normal,0
EQ00119,Excavator,S065,10.6,0.2,89,37.0,89,C5957,OP0221,12.850879,80.388421,Good,96,Running,S065,Active,Normal,0
EQ00120,Wheel Loader,S077,9.9,0.6,79,38.9,85,C3067,OP0235,13.001492,80.070651,Good,72,Running,S077,Expired,Contract Expired,1
EQ00121,Backhoe Loader,S089,6.2,1.0,92,29.6,88,C1558,OP0604,13.150887,80.131569,Good,73,Running,S089,Expired,Contract Expired,1
EQ00122,Skid Steer Loader,S017,10.2,1.0,76,26.0,95,C5485,OP0119,13.170231,80.187417,Good,69,Running,S017,Active,Normal,0
EQ00123,Dump Truck,S132,8.4,1.2,55,35.0,100,C7393,OP0907,13.126688,80.198948,Due Soon,98,Running,S132,Active,Normal,0
EQ00124,Skid Steer Loader,S111,8.8,0.6,87,26.9,90,C4395,OP1152,12.873173,80.086944,Good,84,Running,S111,Active,Normal,0
EQ00125,Dump Truck,S094,6.4,0.2,70,39.6,88,C7742,OP0453,12.842335,80.279392,Good,79,Running,S094,Active,Normal,0
EQ00126,Backhoe Loader,S045,9.0,0.1,51,21.7,88,C4069,OP0731,13.231465,80.271032,Good,93,Running,S045,Active,Normal,0
EQ00127,Backhoe Loader,S028,6.3,2.1,89,29.9,90,C1158,OP0384,12.728165,80.092683,Good,93,Running,S028,Active,Normal,0
EQ00128,Backhoe Loader,S044,5.1,0.7,65,28.9,89,C1594,OP0804,13.17571,80.216773,Good,83,Running,S044,Active,Normal,0
EQ00129,Backhoe Loader,S093,5.2,1.4,93,36.9,96,C4311,OP0196,13.266319,80.357437,Good,74,Running,S093,Active,Normal,0
EQ00130,Skid Steer Loader,S134,8.7,0.3,89,38.3,88,C1608,OP0238,12.939062,80.128988,Good,78,Running,S134,Active,Normal,0
EQ00131,Excavator,S098,5.4,2.2,73,30.5,87,C1882,OP0412,12.820336,80.144207,Good,95,Running,S098,Active,Normal,0
EQ00132,Wheel Loader,S122,7.3,0.4,76,17.0,87,C3230,OP0792,12.96676,80.39812,Good,65,Running,S122,Active,Normal,0
EQ00133,Dump Truck,S133,7.1,1.3,78,27.3,86,C1635,OP1095,13.265214,80.154893,Good,70,Running,S133,Active,Normal,0
EQ00134,Motor Grader,S014,10.7,0.6,56,16.8,91,C3366,OP0433,12.931661,80.273625,Good,73,Running,S014,Active,Normal,0
EQ00135,Backhoe Loader,S103,10.8,1.5,92,34.1,86,C5182,OP0562,13.106538,80.163687,Good,81,Running,S103,Active,Normal,0
EQ00136,Dump Truck,S013,5.0,2.2,83,19.2,100,C7663,OP0826,13.041999,80.034241,Overdue,86,Running,S013,Active,Normal,0
EQ00137,Bulldozer,S047,7.6,1.2,81,15.1,94,C9607,OP0707,12.94414,80.024731,Good,66,Running,S047,Active,Normal,0
EQ00138,Dump Truck,S047,9.9,2.8,87,28.2,85,C1381,OP1066,13.28827,80.113942,Good,71,Running,S047,Active,Normal,0
EQ00139,Skid Steer Loader,S090,8.3,0.7,5,18.0,85,C3376,OP0497,13.163411,80.221062,Good,67,Running,S090,Active,Fuel Anomaly,1
EQ00140,Excavator,S043,6.4,2.0,91,29.8,28,C8513,OP0924,13.112976,80.045558,Overdue,98,Maintenance,S043,Active,Maintenance Overdue,1
EQ00141,Dump Truck,S087,8.6,1.2,84,25.2,95,C1693,OP0887,13.05555,80.047367,Good,86,Running,S087,Active,Normal,0
EQ00142,Backhoe Loader,S030,7.2,16.0,69,38.0,88,C7187,OP0415,12.929896,80.220353,Good,8,Idle,S030,Active,Low Utilization,1
EQ00143,Skid Steer Loader,S088,8.6,0.3,77,24.8,80,C2009,OP0793,12.808636,80.225953,Due Soon,84,Running,S088,Active,Normal,0
EQ00144,Motor Grader,S021,10.0,2.1,73,26.9,83,C4388,OP1166,12.872627,80.172768,Due Soon,96,Running,S021,Active,Normal,0
EQ00145,Motor Grader,S064,10.9,0.3,69,21.4,91,C2831,OP1018,13.139049,80.238803,Good,79,Running,S064,Active,Normal,0
EQ00146,Dump Truck,S054,6.8,2.9,80,22.9,94,C4767,OP0082,12.832475,80.023723,Due Soon,70,Running,S054,Active,Normal,0
EQ00147,Excavator,S085,8.7,2.1,91,38.6,80,C1287,OP0458,12.749063,80.013639,Overdue,94,Running,S085,Active,Normal,0
EQ00148,Skid Steer Loader,S146,10.3,1.6,95,38.7,96,C2527,OP0688,12.978346,80.134972,Good,72,Running,S146,Active,Normal,0
EQ00149,Motor Grader,S058,9.8,0.7,39,165.0,83,C3695,OP0245,13.078744,79.983554,Good,98,Running,S058,Active,Distance Spike,1
EQ00150,Bulldozer,S108,9.5,1.3,87,13.8,80,C3477,OP0297,12.740107,80.201462,Good,88,Running,S108,Active,Normal,0
EQ00151,Motor Grader,S032,5.3,0.7,73,30.8,92,C6940,OP0236,13.185976,80.160531,Good,77,Running,S032,Active,Normal,0
EQ00152,Backhoe Loader,S110,7.9,2.2,66,26.8,81,C9748,OP0602,13.117548,80.25345,Due Soon,84,Running,S110,Active,Normal,0
EQ00153,Wheel Loader,S041,5.7,1.3,36,18.0,90,C2780,OP0834,12.730109,80.021985,Due Soon,78,Running,S041,Active,Normal,0
EQ00154,Bulldozer,S043,6.8,0.1,62,19.8,86,C9348,OP0794,13.131861,80.304053,Good,86,Running,S043,Active,Normal,0
EQ00155,Dump Truck,S073,5.2,2.3,75,30.3,83,C2438,OP0568,12.903771,80.079669,Good,95,Running,S073,Expired,Contract Expired,1
EQ00156,Bulldozer,S104,7.8,1.8,74,27.7,90,C9871,OP0521,13.097669,80.198494,Good,73,Running,S104,Active,Normal,0
EQ00157,Motor Grader,S042,9.9,1.2,48,22.2,90,C5763,OP0888,13.225661,80.117929,Good,93,Running,S042,Active,Normal,0
EQ00158,Excavator,S067,9.4,1.1,51,16.3,84,C4497,OP0476,12.733955,80.394344,Good,93,Running,S067,Active,Normal,0
EQ00159,Excavator,S101,6.9,1.2,38,14.1,95,C8404,OP0528,12.962669,80.066435,Good,80,Running,S101,Active,Normal,0
EQ00160,Dump Truck,S136,7.6,2.0,35,25.7,85,C8523,OP0101,12.704261,80.06295,Good,93,Running,S136,Active,Normal,0
EQ00161,Backhoe Loader,S039,9.6,0.5,42,24.4,91,C8012,OP0257,12.839542,80.292976,Overdue,68,Running,S039,Active,Normal,0
EQ00162,Wheel Loader,S142,8.3,1.0,42,32.7,83,C9165,OP0124,13.202222,80.041254,Good,98,Running,S142,Active,Normal,0
EQ00163,Motor Grader,S011,10.8,1.5,68,24.8,87,C2048,OP0909,12.734103,80.381775,Good,74,Running,S011,Active,Normal,0
EQ00164,Excavator,S058,9.5,0.6,36,15.2,28,C3863,OP1162,13.048134,80.239153,Overdue,83,Maintenance,S058,Active,Maintenance Overdue,1
EQ00165,Backhoe Loader,S003,10.6,1.9,36,24.2,83,C1910,OP0855,13.335934,80.399398,Good,75,Running,S003,Active,Normal,0
EQ00166,Skid Steer Loader,S059,9.4,0.2,94,33.0,87,C5531,OP0694,13.175631,80.182773,Overdue,77,Running,S059,Active,Normal,0
EQ00167,Excavator,S031,6.8,0.9,59,18.8,95,C2879,OP0015,13.203065,80.022561,Good,70,Running,S054,Active,Wrong Site,1
EQ00168,Backhoe Loader,S074,8.9,2.1,40,165.0,89,C4531,OP0553,12.834568,80.351297,Good,98,Running,S074,Active,Distance Spike,1
EQ00169,Excavator,S130,8.0,1.5,69,13.0,91,C7911,OP0674,13.245623,80.264836,Good,75,Running,S130,Active,Normal,0
EQ00170,Dump Truck,S139,8.2,2.8,58,21.1,83,C6450,OP0277,12.800242,80.157671,Good,84,Running,S139,Active,Normal,0
EQ00171,Bulldozer,S089,6.6,2.9,68,12.5,91,C2971,OP1151,12.707067,80.085799,Good,96,Running,S089,Active,Normal,0
EQ00172,Wheel Loader,S104,9.3,2.6,66,20.9,82,C5810,OP0846,12.722964,79.968092,Good,92,Running,S104,Active,Normal,0
EQ00173,Bulldozer,S064,9.5,1.9,57,27.1,96,C5601,OP0271,12.988011,80.396916,Good,87,Running,S064,Active,Normal,0
EQ00174,Excavator,S100,5.8,2.2,67,23.4,84,C5218,OP0019,12.757974,80.388439,Good,87,Running,S100,Active,Normal,0
EQ00175,Backhoe Loader,S006,5.5,0.7,70,23.8,82,C7852,OP0710,13.05645,80.3454,Due Soon,89,Running,S006,Active,Normal,0
EQ00176,Bulldozer,S052,6.3,0.3,87,27.0,93,C9579,OP1196,12.880184,80.346196,Good,89,Running,S052,Active,Normal,0
EQ00177,Dump Truck,S105,10.1,1.1,68,31.8,92,C4785,OP0249,13.187383,80.081473,Good,82,Running,S105,Active,Normal,0
EQ00178,Dump Truck,S137,5.9,2.5,87,18.5,93,C2019,OP0123,12.716656,80.3951,Due Soon,84,Running,S137,Active,Normal,0
EQ00179,Bulldozer,S094,6.4,2.5,80,36.3,99,C6073,OP0227,13.096369,80.084288,Good,98,Running,S094,Active,Normal,0
EQ00180,Backhoe Loader,S041,8.4,1.9,79,38.1,89,C5777,OP0407,12.8879,80.096721,Good,93,Running,S041,Active,Normal,0
EQ00181,Excavator,S062,6.2,2.8,50,19.8,92,C1835,OP1082,12.724645,80.271155,Good,78,Running,S062,Active,Normal,0
EQ00182,Bulldozer,S039,5.1,1.7,35,34.3,94,C7810,OP0219,12.897539,80.011501,Good,73,Running,S039,Active,Normal,0
EQ00183,Dump Truck,S084,7.8,3.0,83,33.4,94,C9756,OP0801,13.181635,80.313201,Due Soon,66,Running,S084,Active,Normal,0
EQ00184,Excavator,S018,10.2,0.2,43,27.8,84,C7684,OP0522,13.220021,80.356164,Good,79,Running,S018,Active,Normal,0
EQ00185,Dump Truck,S070,8.6,0.2,85,25.4,98,C2686,OP0551,13.221666,80.191319,Good,75,Running,S070,Active,Normal,0
EQ00186,Backhoe Loader,S044,9.7,0.7,73,29.1,93,C3495,OP0945,12.718444,80.245725,Good,88,Running,S044,Active,Normal,0
EQ00187,Dump Truck,S045,7.7,2.2,78,27.0,93,C4664,OP1025,13.145469,80.392849,Good,95,Running,S045,Active,Normal,0
EQ00188,Backhoe Loader,S047,10.2,1.9,87,19.0,89,C1222,OP0299,13.13313,80.112277,Good,78,Running,S047,Active,Normal,0
EQ00189,Excavator,S139,10.8,0.7,61,30.9,94,C9498,OP0447,13.317266,80.319868,Good,84,Running,S139,Active,Normal,0
EQ00190,Excavator,S012,10.4,1.3,86,14.1,87,C9845,OP1015,12.753745,80.059722,Good,83,Running,S012,Active,Normal,0
EQ00191,Bulldozer,S014,8.6,0.4,5,18.0,81,C6788,OP0312,13.048939,80.217712,Due Soon,87,Running,S014,Active,Fuel Anomaly,1
EQ00192,Skid Steer Loader,S118,8.4,2.8,59,29.4,90,C1395,OP0050,12.72226,80.099715,Good,97,Running,S118,Active,Normal,0
EQ00193,Motor Grader,S108,9.6,2.1,68,12.5,91,C1825,OP0563,12.981234,79.994051,Good,94,Running,S108,Active,Normal,0
EQ00194,Backhoe Loader,S126,10.7,1.5,52,34.7,84,C1200,OP0579,13.209333,80.273969,Good,97,Running,S126,Active,Normal,0
EQ00195,Skid Steer Loader,S051,6.3,1.5,86,38.3,97,C4072,OP0237,13.109633,80.327329,Good,95,Running,S051,Active,Normal,0
EQ00196,Wheel Loader,S010,5.5,2.0,91,35.1,89,C1852,OP0558,12.756245,80.126494,Good,82,Running,S010,Active,Normal,0
EQ00197,Wheel Loader,S008,8.0,0.4,92,24.7,89,C9369,OP0574,13.311289,80.022259,Good,88,Running,S008,Active,Normal,0
EQ00198,Backhoe Loader,S127,9.5,0.2,56,18.3,82,C4453,OP0997,13.245364,80.071339,Good,78,Running,S127,Active,Normal,0
EQ00199,Skid Steer Loader,S147,10.5,2.6,38,34.1,92,C2862,OP1061,13.064864,80.269918,Due Soon,89,Running,S147,Active,Normal,0
EQ00200,Dump Truck,S062,9.6,0.8,76,14.4,93,C2153,OP0711,13.191899,80.231306,Good,80,Running,S062,Active,Normal,0
EQ00201,Wheel Loader,S002,7.2,3.0,55,12.6,94,C2936,OP1186,12.894935,79.981534,Due Soon,91,Running,S002,Active,Normal,0
EQ00202,Wheel Loader,S043,5.7,2.8,91,36.8,80,C8148,OP0882,13.020369,80.349481,Good,70,Running,S043,Active,Normal,0
EQ00203,Motor Grader,S114,10.0,1.2,90,29.1,97,C2908,OP0965,12.949945,80.055576,Good,78,Running,S114,Active,Normal,0
EQ00204,Motor Grader,S014,9.2,0.1,38,32.7,28,C8602,OP0558,13.120272,80.193041,Overdue,86,Maintenance,S014,Active,Maintenance Overdue,1
EQ00205,Bulldozer,S039,5.7,0.5,78,19.6,89,C5793,OP0671,12.971392,80.095403,Good,79,Running,S039,Active,Normal,0
EQ00206,Wheel Loader,S026,9.7,1.7,50,36.6,88,C8115,OP0081,13.032909,80.375594,Good,88,Running,S026,Active,Normal,0
EQ00207,Dump Truck,S012,8.9,1.6,56,23.4,93,C5630,OP1088,13.307452,80.270593,Good,93,Running,S012,Active,Normal,0
EQ00208,Excavator,S065,5.9,0.4,90,29.0,84,C8087,OP0058,12.805088,80.001099,Good,97,Running,S065,Active,Normal,0
EQ00209,Skid Steer Loader,S055,10.0,0.4,71,15.5,28,C4101,OP0153,13.034884,80.318348,Overdue,73,Maintenance,S055,Active,Maintenance Overdue,1
EQ00210,Bulldozer,S006,10.5,0.2,45,35.1,98,C5803,OP0225,12.879624,80.244107,Good,91,Running,S006,Active,Normal,0
EQ00211,Dump Truck,S025,6.5,1.3,88,38.5,87,C3166,OP0055,12.975266,80.011136,Due Soon,95,Running,S025,Active,Normal,0
EQ00212,Wheel Loader,S143,10.7,2.9,84,16.8,83,C6392,OP0163,13.302307,79.950145,Good,77,Running,S143,Active,Normal,0
EQ00213,Bulldozer,S150,9.8,2.2,55,23.8,97,C3827,OP0715,13.128642,80.023527,Good,71,Running,S150,Active,Normal,0
EQ00214,Excavator,S067,7.4,0.1,82,33.6,98,C6704,OP0679,12.855942,80.159031,Good,79,Running,S067,Active,Normal,0
EQ00215,Excavator,S123,6.8,1.0,79,39.1,96,C7266,OP0304,13.276249,80.116295,Good,83,Running,S084,Active,Wrong Site,1
EQ00216,Dump Truck,S067,6.3,0.4,72,35.3,94,C2715,OP0908,13.23471,80.343958,Due Soon,74,Running,S067,Active,Normal,0
EQ00217,Motor Grader,S092,7.2,1.7,92,34.1,98,C9603,OP0987,13.298454,80.228877,Good,77,Running,S092,Active,Normal,0
EQ00218,Skid Steer Loader,S002,10.2,0.1,73,18.4,81,C6576,OP0662,12.723906,80.011757,Good,77,Running,S002,Active,Normal,0
EQ00219,Skid Steer Loader,S119,9.2,1.8,41,31.0,91,C9787,OP0460,13.289101,80.390707,Good,95,Running,S119,Active,Normal,0
EQ00220,Backhoe Loader,S064,7.5,1.4,89,28.2,84,C7602,OP0239,13.314777,80.155076,Good,82,Running,S064,Active,Normal,0
EQ00221,Wheel Loader,S110,6.8,1.0,75,32.3,91,C8192,OP0077,12.936759,80.323897,Good,83,Running,S110,Active,Normal,0
EQ00222,Wheel Loader,S066,10.0,1.2,72,19.9,97,C7165,OP0845,12.883862,80.099479,Good,83,Running,S066,Active,Normal,0
EQ00223,Backhoe Loader,S128,7.2,2.6,50,21.4,97,C5722,OP1005,12.900892,80.251808,Good,78,Running,S128,Active,Normal,0
EQ00224,Bulldozer,S031,9.1,1.9,88,21.1,98,C5279,OP0629,12.78607,80.167193,Due Soon,80,Running,S031,Active,Normal,0
EQ00225,Bulldozer,S126,9.1,0.4,67,28.6,100,C9648,OP0840,13.039473,80.269353,Good,93,Running,S126,Active,Normal,0
EQ00226,Backhoe Loader,S149,9.5,1.5,94,29.3,95,C6632,OP0590,13.270433,80.360147,Good,95,Running,S149,Active,Normal,0
EQ00227,Backhoe Loader,S108,8.4,1.1,64,18.7,90,C8923,OP0204,12.993631,80.301992,Good,78,Running,S108,Active,Normal,0
EQ00228,Bulldozer,S099,8.8,0.3,60,27.5,93,C1354,OP0143,13.05708,80.331889,Due Soon,95,Running,S099,Active,Normal,0
EQ00229,Skid Steer Loader,S149,7.2,0.6,89,24.4,88,C8166,OP0995,13.052697,80.392538,Good,81,Running,S149,Active,Normal,0
EQ00230,Motor Grader,S088,8.9,0.5,47,32.1,98,C3668,OP0423,12.81789,80.360588,Good,73,Running,S088,Active,Normal,0
EQ00231,Bulldozer,S147,6.1,2.5,40,30.9,96,C4316,OP0560,12.852624,80.263797,Good,79,Running,S147,Active,Normal,0
EQ00232,Backhoe Loader,S137,5.2,2.0,63,23.7,100,C8625,OP0716,12.960432,80.000375,Good,78,Running,S137,Active,Normal,0
EQ00233,Motor Grader,S041,7.5,0.9,76,25.6,82,C6647,OP0066,12.796159,80.371402,Good,73,Running,S041,Active,Normal,0
EQ00234,Bulldozer,S095,6.7,2.3,46,33.0,81,C1196,OP0028,13.063309,80.338866,Good,78,Running,S095,Active,Normal,0
EQ00235,Wheel Loader,S114,5.8,0.7,60,31.7,81,C5568,OP0902,13.200897,80.302383,Due Soon,75,Running,S114,Active,Normal,0
EQ00236,Motor Grader,S024,8.3,1.3,57,16.7,87,C1919,OP0704,13.333154,80.116039,Due Soon,92,Running,S024,Active,Normal,0
EQ00237,Excavator,S055,6.4,2.6,50,23.6,94,C3003,OP0947,12.747449,80.198688,Good,95,Running,S055,Expired,Contract Expired,1
EQ00238,Motor Grader,S025,7.2,1.6,61,36.0,96,C9692,OP0561,13.151574,80.047295,Good,92,Running,S025,Active,Normal,0
EQ00239,Dump Truck,S039,5.5,0.3,94,17.9,96,C7171,OP0835,13.170394,80.011402,Good,90,Running,S039,Active,Normal,0
EQ00240,Motor Grader,S046,8.3,0.5,53,12.9,100,C4877,OP0098,13.120977,80.114917,Good,95,Running,S046,Active,Normal,0
EQ00241,Excavator,S058,7.7,2.6,43,17.0,83,C2510,OP0669,12.798902,80.152872,Good,66,Running,S058,Active,Normal,0
EQ00242,Bulldozer,S138,6.3,1.0,80,30.6,82,C4047,OP0797,13.121423,80.065145,Good,90,Running,S138,Active,Normal,0
EQ00243,Skid Steer Loader,S101,8.6,0.2,41,24.4,100,C8927,OP1140,12.835223,80.206302,Good,70,Running,S094,Active,Wrong Site,1
EQ00244,Skid Steer Loader,S127,5.5,1.9,67,19.6,88,C1489,OP1123,12.72952,80.093501,Good,69,Running,S127,Active,Normal,0
EQ00245,Motor Grader,S056,6.2,0.0,91,33.5,84,C9148,OP0139,13.302642,80.060152,Due Soon,69,Running,S056,Active,Normal,0
EQ00246,Skid Steer Loader,S053,5.2,0.1,87,165.0,98,C1464,OP0136,12.793721,80.393091,Good,98,Running,S053,Active,Distance Spike,1
EQ00247,Skid Steer Loader,S037,8.2,0.7,45,16.8,84,C7615,OP0264,12.734352,80.302661,Good,83,Running,S037,Active,Normal,0
EQ00248,Backhoe Loader,S086,9.4,1.9,72,24.7,91,C6230,OP0320,12.816221,80.217683,Good,65,Running,S086,Active,Normal,0
EQ00249,Wheel Loader,S046,9.6,2.9,93,35.0,100,C7332,OP0394,12.910885,80.138121,Good,87,Running,S046,Active,Normal,0
EQ00250,Bulldozer,S074,9.8,0.7,46,38.1,86,C4723,OP0566,12.828849,80.30868,Good,70,Running,S074,Active,Normal,0
EQ00251,Backhoe Loader,S104,5.8,2.1,62,25.9,97,C1551,OP0852,13.102621,80.391244,Good,77,Running,S104,Active,Normal,0
EQ00252,Motor Grader,S124,5.7,2.6,92,39.5,81,C8983,OP0202,13.259043,80.366922,Due Soon,67,Running,S124,Active,Normal,0
EQ00253,Skid Steer Loader,S089,6.0,2.8,51,25.5,95,C7810,OP0459,12.757371,80.161808,Good,79,Running,S089,Active,Normal,0
EQ00254,Excavator,S047,6.7,0.3,82,34.4,96,C4674,OP0807,12.994456,80.115593,Good,88,Running,S047,Active,Normal,0
EQ00255,Motor Grader,S071,5.2,2.5,85,29.2,98,C2870,OP1066,13.042506,80.188394,Good,95,Running,S071,Active,Normal,0
EQ00256,Skid Steer Loader,S076,10.1,1.2,79,27.8,91,C5528,OP0829,13.066117,80.301742,Good,77,Running,S076,Active,Normal,0
EQ00257,Wheel Loader,S129,10.8,1.4,43,23.2,88,C8037,OP0838,12.781917,80.044255,Good,70,Running,S129,Active,Normal,0
EQ00258,Dump Truck,S145,5.1,0.1,76,30.2,94,C3284,OP0509,13.126361,80.287947,Good,93,Running,S145,Active,Normal,0
EQ00259,Motor Grader,S042,5.7,1.5,5,18.0,97,C3549,OP1112,13.290715,80.217234,Good,95,Running,S042,Active,Fuel Anomaly,1
EQ00260,Wheel Loader,S056,5.0,0.0,5,18.0,85,C3951,OP1092,12.811225,80.152789,Good,95,Running,S056,Active,Fuel Anomaly,1
EQ00261,Motor Grader,S143,10.0,1.6,73,22.8,84,C8030,OP0647,13.273528,79.952291,Good,70,Running,S143,Active,Normal,0
EQ00262,Dump Truck,S054,10.2,2.8,64,23.1,98,C9219,OP0647,12.857452,80.350011,Due Soon,98,Running,S054,Active,Normal,0
EQ00263,Motor Grader,S121,6.5,0.1,84,25.1,84,C7898,OP0340,12.971083,80.266097,Good,80,Running,S121,Active,Normal,0
EQ00264,Excavator,S087,11.0,2.8,85,14.6,82,C7499,OP0895,13.241389,80.094553,Good,97,Running,S087,Active,Normal,0
EQ00265,Bulldozer,S073,9.5,0.2,44,165.0,83,C4184,OP0337,13.063292,80.365228,Good,98,Running,S073,Active,Distance Spike,1
EQ00266,Backhoe Loader,S027,5.1,2.8,78,36.8,94,C9101,OP0107,13.11432,80.147245,Good,90,Running,S027,Active,Normal,0
EQ00267,Backhoe Loader,S005,9.9,1.2,80,26.1,92,C4841,OP0009,12.764046,80.275072,Due Soon,88,Running,S005,Active,Normal,0
EQ00268,Dump Truck,S128,10.7,1.7,46,34.7,95,C5622,OP0969,13.115058,80.160352,Good,90,Running,S128,Active,Normal,0
EQ00269,Motor Grader,S115,8.0,1.5,54,25.4,93,C6945,OP0335,13.237604,80.388834,Good,83,Running,S115,Active,Normal,0
EQ00270,Bulldozer,S139,5.9,2.1,50,38.5,92,C1325,OP1199,13.225923,80.381826,Good,69,Running,S139,Active,Normal,0
EQ00271,Motor Grader,S088,6.5,2.5,94,38.1,28,C5013,OP1149,13.090485,80.298213,Overdue,67,Maintenance,S088,Active,Maintenance Overdue,1
EQ00272,Wheel Loader,S016,9.1,1.4,84,34.2,89,C2062,OP0814,12.904487,80.081939,Good,78,Running,S016,Active,Normal,0
EQ00273,Skid Steer Loader,S092,10.9,2.2,82,13.9,81,C2718,OP0380,12.961354,80.274292,Good,82,Running,S092,Active,Normal,0
EQ00274,Dump Truck,S049,10.4,1.2,74,20.3,100,C7552,OP0175,12.71665,80.158138,Good,79,Running,S049,Active,Normal,0
EQ00275,Wheel Loader,S046,5.3,2.2,49,26.4,88,C9052,OP0406,13.209415,80.325074,Good,84,Running,S046,Active,Normal,0
EQ00276,Wheel Loader,S055,6.1,0.9,95,39.2,100,C9387,OP0192,13.052498,80.328766,Good,70,Running,S055,Active,Normal,0
EQ00277,Backhoe Loader,S025,7.1,0.2,63,35.9,82,C6867,OP0420,12.893187,80.172028,Good,84,Running,S025,Active,Normal,0
EQ00278,Dump Truck,S133,6.4,1.4,76,24.7,94,C7669,OP0761,12.869205,80.226093,Due Soon,86,Running,S133,Active,Normal,0
EQ00279,Bulldozer,S042,5.4,1.3,49,16.8,83,C5078,OP0194,12.815553,80.189077,Good,98,Running,S042,Active,Normal,0
EQ00280,Excavator,S069,10.7,1.8,43,37.4,87,C3252,OP0626,13.085377,80.211669,Due Soon,71,Running,S069,Active,Normal,0
EQ00281,Bulldozer,S055,5.4,2.6,54,23.1,96,C3647,OP0291,13.217777,80.200488,Good,96,Running,S055,Active,Normal,0
EQ00282,Wheel Loader,S030,9.5,0.5,43,23.5,100,C2429,OP1007,13.307792,80.056009,Due Soon,94,Running,S030,Active,Normal,0
EQ00283,Motor Grader,S126,10.1,0.2,80,33.1,92,C3338,OP0551,13.210738,80.122554,Good,93,Running,S126,Active,Normal,0
EQ00284,Skid Steer Loader,S059,6.5,1.2,72,18.3,84,C3860,OP1030,13.211806,80.357211,Good,90,Running,S059,Active,Normal,0
EQ00285,Backhoe Loader,S022,7.1,1.6,91,12.4,84,C5615,OP0879,12.722716,79.96594,Good,69,Running,S022,Active,Normal,0
EQ00286,Bulldozer,S113,7.3,0.0,35,29.5,100,C2017,OP1058,13.056938,80.209748,Due Soon,84,Running,S113,Active,Normal,0
EQ00287,Bulldozer,S069,0.5,22.0,56,19.3,84,C8740,OP0570,13.003267,80.29838,Good,5,Idle,S069,Active,High Idle,1
EQ00288,Motor Grader,S032,6.9,2.2,89,15.0,94,C8945,OP0038,13.294994,80.043444,Good,85,Running,S032,Active,Normal,0
EQ00289,Motor Grader,S040,8.6,2.8,61,13.9,82,C7153,OP0657,13.347199,80.086348,Good,75,Running,S040,Active,Normal,0
EQ00290,Bulldozer,S119,5.6,2.2,92,32.9,99,C6893,OP0960,13.142421,79.981668,Overdue,70,Running,S119,Active,Normal,0
EQ00291,Skid Steer Loader,S095,6.3,0.5,78,25.6,92,C4972,OP0996,12.841294,80.131014,Good,86,Running,S095,Active,Normal,0
EQ00292,Bulldozer,S058,6.3,0.5,44,30.5,92,C4740,OP1134,12.898371,80.372783,Due Soon,75,Running,S058,Active,Normal,0
EQ00293,Skid Steer Loader,S051,9.5,1.6,81,14.0,85,C3626,OP0943,12.766764,80.358906,Good,73,Running,S051,Active,Normal,0
EQ00294,Wheel Loader,S111,11.0,0.2,46,19.6,84,C2472,OP0889,13.178882,80.262849,Good,65,Running,S111,Active,Normal,0
EQ00295,Bulldozer,S097,7.6,2.5,56,38.7,84,C6034,,13.212649,80.222478,Good,69,Running,S097,Active,Missing Operator,1
EQ00296,Bulldozer,S073,10.8,0.2,84,22.8,89,C2560,OP0284,13.30749,79.953998,Good,83,Running,S073,Active,Normal,0
EQ00297,Wheel Loader,S092,10.0,3.0,53,25.0,98,C5817,OP1150,13.193035,80.131699,Good,75,Running,S092,Active,Normal,0
EQ00298,Dump Truck,S103,9.3,0.7,84,31.2,86,C6935,OP0325,13.134213,80.121418,Good,95,Running,S103,Active,Normal,0
EQ00299,Dump Truck,S131,5.2,0.2,69,27.5,82,C2112,OP0401,12.897356,80.159454,Due Soon,72,Running,S131,Active,Normal,0
EQ00300,Dump Truck,S113,8.7,2.0,95,31.7,94,C6227,OP0140,12.775482,80.18895,Good,66,Running,S113,Active,Normal,0
EQ00301,Dump Truck,S062,6.8,0.3,35,38.9,89,C2462,OP0959,13.113307,80.037364,Good,90,Running,S062,Active,Normal,0
EQ00302,Wheel Loader,S118,5.9,2.9,44,33.0,98,C5460,OP1172,12.88058,80.091896,Good,96,Running,S118,Active,Normal,0
EQ00303,Backhoe Loader,S026,8.6,0.1,88,20.8,91,C6928,OP1080,12.804448,80.270665,Good,70,Running,S026,Expired,Contract Expired,1
EQ00304,Skid Steer Loader,S082,6.5,2.1,5,18.0,82,C5367,OP0878,13.150021,80.211871,Good,96,Running,S082,Active,Fuel Anomaly,1
EQ00305,Skid Steer Loader,S061,0.5,22.0,76,34.2,86,C3734,OP0495,12.854654,80.187318,Good,5,Idle,S061,Active,High Idle,1
EQ00306,Bulldozer,S090,8.0,1.1,66,33.4,89,C6745,OP0521,12.886246,80.096774,Due Soon,70,Running,S090,Active,Normal,0
EQ00307,Excavator,S108,5.4,1.8,90,30.9,86,C7465,OP0015,12.742406,79.991048,Good,81,Running,S108,Active,Normal,0
EQ00308,Excavator,S056,9.2,1.5,84,36.8,83,C5298,OP0344,13.051223,80.25122,Good,68,Running,S056,Active,Normal,0
EQ00309,Motor Grader,S075,10.5,2.2,42,15.8,94,C2369,OP0681,13.212348,80.02316,Good,79,Running,S075,Active,Normal,0
EQ00310,Motor Grader,S038,8.2,16.0,35,36.2,88,C2716,OP1014,12.73588,80.16243,Good,8,Idle,S038,Active,Low Utilization,1
EQ00311,Wheel Loader,S113,7.8,0.3,93,15.0,90,C4622,OP0622,12.941436,80.150574,Due Soon,84,Running,S113,Active,Normal,0
EQ00312,Backhoe Loader,S107,9.1,1.7,62,20.2,99,C9563,OP0880,13.039525,80.293834,Due Soon,97,Running,S107,Active,Normal,0
EQ00313,Motor Grader,S005,5.5,2.7,66,39.0,28,C9963,OP0073,13.12536,79.973207,Overdue,88,Maintenance,S005,Active,Maintenance Overdue,1
EQ00314,Excavator,S044,5.3,0.1,59,32.2,100,C5370,OP0079,13.019802,80.178397,Due Soon,69,Running,S044,Active,Normal,0
EQ00315,Dump Truck,S122,9.6,2.5,92,34.1,83,C8376,OP0773,13.176924,80.109387,Due Soon,94,Running,S122,Active,Normal,0
EQ00316,Dump Truck,S026,9.8,2.6,75,38.3,89,C9720,OP0795,13.170094,80.178126,Due Soon,90,Running,S026,Active,Normal,0
EQ00317,Wheel Loader,S148,8.4,0.2,53,21.6,88,C8672,OP0435,13.05564,80.357425,Good,77,Running,S148,Active,Normal,0
EQ00318,Bulldozer,S095,7.6,2.5,73,25.8,97,C1497,OP0323,12.845414,80.177054,Good,80,Running,S095,Active,Normal,0
EQ00319,Backhoe Loader,S030,6.3,1.4,51,20.2,85,C7800,OP0334,13.146737,80.057326,Good,72,Running,S030,Active,Normal,0
EQ00320,Backhoe Loader,S098,6.8,0.2,94,31.9,82,C7594,OP0926,12.775069,79.980004,Good,76,Running,S098,Active,Normal,0
EQ00321,Wheel Loader,S098,6.3,2.5,38,34.4,96,C6401,OP1200,13.012967,80.327123,Good,90,Running,S098,Active,Normal,0
EQ00322,Motor Grader,S017,7.9,1.6,80,38.6,91,C8980,OP0172,13.162722,80.162778,Good,79,Running,S017,Active,Normal,0
EQ00323,Dump Truck,S094,10.4,2.7,81,37.4,85,C4178,OP0159,12.78024,80.284055,Good,80,Running,S094,Active,Normal,0
EQ00324,Skid Steer Loader,S036,0.5,22.0,40,27.1,89,C7003,OP0685,13.098433,80.281677,Good,5,Idle,S036,Active,High Idle,1
EQ00325,Backhoe Loader,S083,9.2,2.6,68,14.3,28,C8341,OP0479,13.05001,80.254255,Overdue,87,Maintenance,S083,Active,Maintenance Overdue,1
EQ00326,Bulldozer,S027,8.2,1.6,62,32.3,94,C8306,OP0293,12.893015,80.147841,Due Soon,80,Running,S027,Active,Normal,0
EQ00327,Skid Steer Loader,S100,8.2,1.1,42,18.4,97,C2984,OP0559,12.730034,80.305096,Good,67,Running,S100,Active,Normal,0
EQ00328,Excavator,S081,8.9,2.4,57,28.3,94,C3616,OP0194,12.840559,80.225129,Good,67,Running,S081,Active,Normal,0
EQ00329,Backhoe Loader,S078,5.1,1.3,93,34.7,80,C6225,OP0100,12.856983,80.052746,Due Soon,89,Running,S078,Active,Normal,0
EQ00330,Skid Steer Loader,S065,6.5,0.9,53,14.5,88,C9127,OP0907,13.028296,80.046517,Good,91,Running,S065,Active,Normal,0
EQ00331,Motor Grader,S119,6.3,2.7,47,39.2,100,C5689,OP0457,12.912264,80.333637,Good,70,Running,S119,Active,Normal,0
EQ00332,Skid Steer Loader,S079,8.4,1.9,37,35.2,84,C5309,OP0466,12.862787,80.399023,Good,96,Running,S079,Active,Normal,0
EQ00333,Motor Grader,S086,5.9,2.8,41,31.4,82,C9753,OP0737,13.288258,80.157574,Overdue,76,Running,S086,Active,Normal,0
EQ00334,Bulldozer,S108,5.4,0.4,49,17.1,88,C8402,OP0398,13.317296,80.056083,Due Soon,74,Running,S108,Active,Normal,0
EQ00335,Backhoe Loader,S005,10.6,2.4,72,16.1,96,C9953,OP0424,12.965024,80.174961,Good,79,Running,S005,Active,Normal,0
EQ00336,Bulldozer,S149,7.8,1.6,39,32.9,96,C5335,OP1133,12.87368,79.978268,Good,67,Running,S149,Active,Normal,0
EQ00337,Skid Steer Loader,S132,8.7,0.7,79,29.1,89,C1860,OP0599,12.74977,80.345587,Good,78,Running,S132,Active,Normal,0
EQ00338,Skid Steer Loader,S068,7.0,2.7,82,36.0,96,C3691,OP0495,12.77328,80.33211,Good,68,Running,S068,Active,Normal,0
EQ00339,Dump Truck,S107,7.4,0.5,72,15.4,100,C6670,OP1130,13.239752,80.323408,Good,72,Running,S107,Active,Normal,0
EQ00340,Excavator,S109,11.0,0.1,67,31.3,90,C9078,OP0602,13.157867,80.179453,Good,98,Running,S109,Active,Normal,0
EQ00341,Excavator,S108,8.0,1.0,87,19.7,91,C9363,OP1013,13.029863,79.954733,Good,89,Running,S108,Active,Normal,0
EQ00342,Wheel Loader,S072,9.8,2.3,83,13.8,97,C8685,OP0467,12.76395,80.286799,Due Soon,91,Running,S072,Active,Normal,0
EQ00343,Excavator,S046,10.0,0.3,39,14.1,89,C3006,OP0269,12.987639,80.352633,Good,96,Running,S046,Active,Normal,0
EQ00344,Motor Grader,S015,7.8,2.9,66,39.0,92,C2064,OP0525,13.008326,80.206998,Good,98,Running,S015,Active,Normal,0
EQ00345,Dump Truck,S148,9.2,0.6,82,17.1,92,C2761,OP0898,13.016664,80.133113,Good,85,Running,S148,Active,Normal,0
EQ00346,Wheel Loader,S108,10.8,0.9,61,26.9,98,C1036,OP0961,13.176896,80.334795,Good,70,Running,S108,Active,Normal,0
EQ00347,Excavator,S144,6.3,0.4,94,24.4,98,C4543,OP0583,12.730657,80.211341,Good,84,Running,S144,Active,Normal,0
EQ00348,Bulldozer,S118,8.9,0.3,83,37.7,90,C1127,OP0648,12.814109,80.172818,Good,87,Running,S118,Active,Normal,0
EQ00349,Motor Grader,S026,5.1,2.4,36,37.3,81,C3450,OP0275,13.067045,80.056898,Good,88,Running,S026,Active,Normal,0
EQ00350,Backhoe Loader,S027,7.7,0.8,42,30.7,93,C7693,OP0849,13.109761,80.321708,Good,97,Running,S027,Active,Normal,0
EQ00351,Motor Grader,S028,9.9,1.1,38,34.5,98,C3777,OP0396,12.769901,80.075254,Good,75,Running,S028,Active,Normal,0
EQ00352,Wheel Loader,S114,10.2,1.2,43,27.2,85,C6431,OP0263,13.243669,80.385155,Good,85,Running,S114,Active,Normal,0
EQ00353,Excavator,S060,5.7,2.6,43,35.6,91,C8901,OP1116,12.959948,80.215295,Good,67,Running,S060,Active,Normal,0
EQ00354,Bulldozer,S101,9.5,0.3,54,24.1,96,C1198,OP0271,12.911349,80.189198,Good,78,Running,S101,Active,Normal,0
EQ00355,Motor Grader,S109,6.1,1.0,70,14.6,90,C1200,OP0834,13.103553,80.12941,Good,81,Running,S109,Active,Normal,0
EQ00356,Wheel Loader,S059,7.3,0.8,69,31.1,89,C5694,OP0559,12.746762,80.178562,Due Soon,90,Running,S059,Active,Normal,0
EQ00357,Wheel Loader,S134,6.6,2.3,95,22.9,97,C5410,OP0760,13.128393,80.048154,Good,75,Running,S134,Active,Normal,0
EQ00358,Bulldozer,S029,6.0,2.4,63,23.6,99,C2334,OP0648,13.319647,80.138245,Good,76,Running,S029,Active,Normal,0
EQ00359,Motor Grader,S022,7.3,2.4,63,28.3,84,C6515,OP0431,13.243344,80.334855,Good,83,Running,S022,Active,Normal,0
EQ00360,Bulldozer,S131,5.4,0.1,78,30.4,82,C3609,OP0230,12.809978,80.143675,Good,71,Running,S131,Active,Normal,0
EQ00361,Dump Truck,S033,9.7,0.4,89,34.8,96,C4134,OP0373,12.72855,80.381931,Good,85,Running,S033,Active,Normal,0
EQ00362,Dump Truck,S112,6.7,1.9,85,17.6,98,C1490,OP0519,12.936134,80.035627,Good,66,Running,S112,Active,Normal,0
EQ00363,Backhoe Loader,S102,9.4,2.0,65,20.3,83,C8441,OP0188,13.001431,80.067672,Good,92,Running,S102,Active,Normal,0
EQ00364,Bulldozer,S008,7.6,1.0,40,26.9,83,C7807,OP0004,13.262811,80.140088,Good,79,Running,S008,Active,Normal,0
EQ00365,Backhoe Loader,S015,10.3,1.5,66,15.7,95,C3861,OP0011,13.274862,79.956308,Good,91,Running,S015,Active,Normal,0
EQ00366,Wheel Loader,S020,9.0,0.3,41,19.2,94,C7826,OP0100,12.725297,80.031034,Good,72,Running,S020,Active,Normal,0
EQ00367,Motor Grader,S053,8.7,2.8,80,24.1,89,C6564,OP0672,12.873401,80.004052,Due Soon,79,Running,S053,Active,Normal,0
EQ00368,Backhoe Loader,S110,8.0,1.2,87,20.8,93,C7344,OP0781,13.203586,80.108737,Overdue,65,Running,S110,Active,Normal,0
EQ00369,Excavator,S067,10.0,0.7,75,15.9,97,C5822,OP0070,12.851278,80.180128,Good,77,Running,S067,Active,Normal,0
EQ00370,Motor Grader,S056,8.4,1.2,51,17.6,81,C4258,OP0799,12.963943,80.120821,Due Soon,65,Running,S056,Active,Normal,0
EQ00371,Motor Grader,S144,7.9,2.7,90,32.8,100,C4366,OP0823,13.239033,80.084464,Good,73,Running,S144,Active,Normal,0
EQ00372,Backhoe Loader,S124,9.6,1.6,90,13.7,83,C1919,OP0081,13.244978,80.10131,Good,86,Running,S124,Active,Normal,0
EQ00373,Dump Truck,S076,6.8,0.7,47,32.0,100,C6916,OP0117,13.215824,80.215604,Good,73,Running,S076,Active,Normal,0
EQ00374,Backhoe Loader,S081,6.3,2.1,82,36.0,86,C8259,OP0387,13.218601,79.984197,Good,69,Running,S081,Active,Normal,0
EQ00375,Motor Grader,S063,5.4,0.3,53,17.7,93,C6204,OP0958,12.768856,80.230825,Due Soon,69,Running,S063,Active,Normal,0
EQ00376,Motor Grader,S105,6.7,2.1,50,36.8,84,C3892,OP0666,12.987331,80.223207,Good,95,Running,S105,Active,Normal,0
EQ00377,Skid Steer Loader,S060,7.3,0.5,48,14.3,82,C3087,OP0041,13.287019,80.185968,Good,93,Running,S060,Active,Normal,0
EQ00378,Bulldozer,S039,9.0,2.2,81,24.5,82,C4594,OP0817,13.076682,80.339558,Good,89,Running,S039,Active,Normal,0
EQ00379,Skid Steer Loader,S072,5.8,2.4,59,38.7,100,C7849,OP1192,12.715616,80.186973,Good,98,Running,S072,Active,Normal,0
EQ00380,Backhoe Loader,S066,0.5,22.0,57,22.3,95,C1875,OP0063,13.323564,80.294155,Good,5,Idle,S066,Active,High Idle,1
EQ00381,Bulldozer,S023,6.2,2.8,74,27.0,86,C3659,OP0692,13.190595,80.188172,Good,91,Running,S023,Active,Normal,0
EQ00382,Bulldozer,S108,7.9,2.3,71,22.1,87,C1855,OP1188,13.074984,80.364538,Due Soon,76,Running,S108,Active,Normal,0
EQ00383,Skid Steer Loader,S146,8.4,1.5,74,22.7,84,C4651,OP0238,12.889385,80.367077,Good,66,Running,S146,Active,Normal,0
EQ00384,Motor Grader,S104,6.8,1.1,53,37.4,97,C7838,OP0062,12.963682,80.175237,Due Soon,77,Running,S104,Active,Normal,0
EQ00385,Backhoe Loader,S142,9.0,2.0,42,25.1,100,C2785,OP0594,13.238707,80.226883,Good,69,Running,S142,Active,Normal,0
EQ00386,Skid Steer Loader,S131,5.3,0.4,88,30.6,81,C4798,OP0266,12.973117,80.378239,Due Soon,92,Running,S131,Active,Normal,0
EQ00387,Motor Grader,S146,5.8,0.8,50,24.9,95,C9336,OP0098,12.758517,80.252007,Good,94,Running,S146,Active,Normal,0
EQ00388,Backhoe Loader,S069,9.0,0.3,93,39.9,82,C8045,OP0826,13.076593,80.346117,Good,70,Running,S069,Active,Normal,0
EQ00389,Motor Grader,S053,7.9,0.4,66,15.5,91,C6281,OP0725,13.008359,80.162437,Good,76,Running,S053,Active,Normal,0
EQ00390,Bulldozer,S059,6.7,2.9,65,26.4,85,C5485,OP0470,12.927184,80.205987,Due Soon,88,Running,S059,Active,Normal,0
EQ00391,Skid Steer Loader,S133,9.2,0.4,44,27.9,90,C5342,OP0656,13.002323,80.052833,Due Soon,89,Running,S133,Active,Normal,0
EQ00392,Backhoe Loader,S108,6.3,3.0,35,35.8,87,C6017,OP0626,13.312635,80.310247,Good,80,Running,S108,Active,Normal,0
EQ00393,Bulldozer,S054,7.8,2.3,55,13.3,97,C1339,OP0154,13.128562,80.084893,Good,96,Running,S054,Active,Normal,0
EQ00394,Bulldozer,S146,6.1,1.9,64,37.2,97,C7831,OP0543,13.205969,80.286416,Good,69,Running,S146,Active,Normal,0
EQ00395,Excavator,S147,8.3,0.4,40,27.6,81,C9264,OP0111,12.721697,80.292007,Good,86,Running,S147,Active,Normal,0
EQ00396,Dump Truck,S095,9.5,2.3,54,17.4,99,C8603,OP0311,12.819052,80.094185,Overdue,96,Running,S095,Active,Normal,0
EQ00397,Wheel Loader,S130,7.2,2.0,51,32.6,100,C7245,OP1192,12.860603,80.150108,Good,81,Running,S130,Active,Normal,0
EQ00398,Dump Truck,S112,6.1,0.6,37,15.0,100,C5454,OP0959,13.088518,80.215672,Good,69,Running,S112,Active,Normal,0
EQ00399,Dump Truck,S043,8.2,1.8,49,36.3,80,C6584,OP0631,13.013087,80.385208,Due Soon,76,Running,S043,Active,Normal,0
EQ00400,Excavator,S003,10.5,2.0,64,30.4,90,C5830,OP0408,12.95579,80.171123,Good,98,Running,S003,Active,Normal,0
EQ00401,Dump Truck,S009,7.5,1.6,80,12.6,89,C6128,OP0102,12.785782,80.226283,Good,79,Running,S009,Active,Normal,0
EQ00402,Backhoe Loader,S056,8.6,0.2,61,35.0,99,C7845,OP1060,12.743779,80.339682,Good,85,Running,S056,Active,Normal,0
EQ00403,Dump Truck,S083,5.4,1.5,92,26.2,91,C2082,OP0560,12.978247,80.202583,Good,80,Running,S083,Active,Normal,0
EQ00404,Skid Steer Loader,S070,5.2,1.9,82,33.8,88,C6910,OP1062,13.312149,79.966789,Good,77,Running,S070,Active,Normal,0
EQ00405,Motor Grader,S091,6.3,2.3,79,26.6,86,C9803,OP1001,13.24228,80.124306,Good,71,Running,S091,Active,Normal,0
EQ00406,Excavator,S055,6.5,2.2,91,18.4,92,C8016,OP0109,12.984766,80.369366,Good,89,Running,S055,Active,Normal,0
EQ00407,Wheel Loader,S122,8.0,1.5,82,34.4,99,C4363,OP0400,12.820154,80.231413,Good,92,Running,S122,Active,Normal,0
EQ00408,Motor Grader,S150,10.4,0.3,88,35.0,93,C6341,OP0044,13.215987,80.072654,Good,87,Running,S150,Active,Normal,0
EQ00409,Bulldozer,S006,5.9,3.0,56,14.1,94,C4890,OP0146,12.968395,80.320023,Good,97,Running,S006,Active,Normal,0
EQ00410,Dump Truck,S147,7.0,2.5,41,19.0,82,C5486,OP0668,13.274101,80.116837,Good,93,Running,S147,Active,Normal,0
EQ00411,Motor Grader,S141,8.5,1.3,64,29.2,92,C9650,OP0866,12.824143,80.245757,Good,65,Running,S141,Active,Normal,0
EQ00412,Backhoe Loader,S058,5.3,0.1,56,37.4,81,C8815,OP1016,13.217923,79.95221,Good,79,Running,S058,Active,Normal,0
EQ00413,Excavator,S088,6.7,1.0,45,16.0,86,C8761,OP1114,13.244739,80.352598,Good,69,Running,S088,Active,Normal,0
EQ00414,Backhoe Loader,S135,6.6,1.7,56,22.6,100,C8334,OP0500,13.347275,80.151418,Good,66,Running,S135,Active,Normal,0
EQ00415,Excavator,S094,7.8,1.7,95,22.0,92,C7298,OP0571,13.211983,80.254998,Good,95,Running,S094,Active,Normal,0
EQ00416,Skid Steer Loader,S023,6.3,1.1,80,15.7,82,C5894,OP0718,13.142944,80.345655,Due Soon,93,Running,S023,Active,Normal,0
EQ00417,Wheel Loader,S110,5.1,1.7,76,39.6,86,C1732,OP0355,13.159797,80.022227,Overdue,95,Running,S110,Active,Normal,0
EQ00418,Bulldozer,S139,9.8,0.3,80,14.7,98,C1821,,12.992938,80.335617,Good,73,Running,S139,Active,Missing Operator,1
EQ00419,Dump Truck,S145,6.5,1.5,45,39.7,93,C5925,OP0291,13.308211,80.00889,Good,70,Running,S145,Active,Normal,0
EQ00420,Excavator,S084,6.8,0.5,66,37.3,85,C4718,OP1059,12.96429,80.291366,Good,95,Running,S084,Active,Normal,0
EQ00421,Backhoe Loader,S037,10.3,0.8,42,17.4,89,C6220,OP0025,12.941091,80.166747,Good,75,Running,S037,Active,Normal,0
EQ00422,Bulldozer,S067,10.3,2.2,65,17.4,88,C1898,OP0033,13.085008,80.206337,Good,83,Running,S067,Active,Normal,0
EQ00423,Wheel Loader,S070,8.5,1.9,84,22.7,91,C9621,OP0501,12.895066,80.338974,Good,73,Running,S070,Active,Normal,0
EQ00424,Bulldozer,S003,9.0,0.2,42,25.8,92,C9890,,12.762994,80.309844,Good,91,Running,S003,Active,Missing Operator,1
EQ00425,Excavator,S041,10.4,2.5,81,27.7,97,C4866,OP0167,13.117998,80.278277,Good,98,Running,S041,Active,Normal,0
EQ00426,Excavator,S084,11.0,16.0,95,38.8,91,C4311,OP0443,12.787066,80.092946,Good,8,Idle,S084,Active,Low Utilization,1
EQ00427,Backhoe Loader,S149,8.0,1.7,62,20.6,88,C6722,OP0955,12.969536,80.341332,Good,85,Running,S149,Active,Normal,0
EQ00428,Bulldozer,S120,7.4,0.8,66,25.4,97,C6904,OP1078,12.758291,79.961946,Good,78,Running,S120,Active,Normal,0
EQ00429,Backhoe Loader,S068,7.9,0.9,46,19.3,99,C4651,OP0251,13.158289,80.263282,Due Soon,80,Running,S068,Active,Normal,0
EQ00430,Skid Steer Loader,S070,5.2,1.9,65,34.2,86,C6455,OP0557,12.824606,80.334312,Good,82,Running,S070,Active,Normal,0
EQ00431,Bulldozer,S080,7.6,1.0,56,20.4,89,C3076,OP0451,12.726559,80.347087,Good,78,Running,S080,Active,Normal,0
EQ00432,Bulldozer,S050,9.4,0.2,52,24.5,85,C3520,OP0766,13.096886,80.319305,Good,93,Running,S050,Active,Normal,0
EQ00433,Skid Steer Loader,S086,10.8,1.7,59,23.0,84,C8135,OP0385,12.702043,80.119576,Good,67,Running,S086,Active,Normal,0
EQ00434,Dump Truck,S087,8.3,2.1,38,20.5,98,C3234,OP0668,12.797785,80.116372,Due Soon,79,Running,S087,Active,Normal,0
EQ00435,Wheel Loader,S057,5.1,2.1,56,17.6,97,C5121,OP0255,13.288162,80.042723,Due Soon,84,Running,S057,Active,Normal,0
EQ00436,Dump Truck,S072,5.5,0.8,85,19.0,93,C4053,OP0899,12.753238,80.154722,Good,67,Running,S072,Active,Normal,0
EQ00437,Excavator,S009,8.9,0.8,82,25.5,94,C6022,OP0070,12.793867,80.348375,Good,65,Running,S009,Active,Normal,0
EQ00438,Bulldozer,S123,10.8,1.6,52,32.9,28,C3193,OP0075,12.821301,80.161696,Overdue,66,Maintenance,S123,Active,Maintenance Overdue,1
EQ00439,Excavator,S114,9.9,1.3,44,33.4,85,C2328,OP0379,12.813255,80.363908,Due Soon,87,Running,S114,Active,Normal,0
EQ00440,Skid Steer Loader,S072,5.1,16.0,86,34.2,86,C1404,OP0145,12.791325,80.258374,Good,8,Idle,S072,Active,Low Utilization,1
EQ00441,Motor Grader,S075,7.0,1.6,43,37.6,100,C2060,OP1073,13.099869,79.999198,Good,92,Running,S075,Active,Normal,0
EQ00442,Excavator,S026,10.7,1.3,72,36.8,91,C4939,OP0544,13.047703,80.008111,Good,74,Running,S026,Active,Normal,0
EQ00443,Skid Steer Loader,S014,8.8,1.4,39,24.3,97,C1617,OP0625,12.796617,80.02356,Good,76,Running,S014,Active,Normal,0
EQ00444,Backhoe Loader,S083,5.5,2.8,66,24.9,98,C6866,OP0461,13.166116,80.230612,Due Soon,73,Running,S083,Active,Normal,0
EQ00445,Skid Steer Loader,S017,7.9,0.8,53,26.8,93,C1558,OP0588,12.730895,80.156088,Good,83,Running,S017,Active,Normal,0
EQ00446,Bulldozer,S088,6.4,2.3,75,37.2,85,C1322,OP0859,13.011158,80.136337,Good,93,Running,S088,Active,Normal,0
EQ00447,Wheel Loader,S138,9.7,0.8,74,30.4,82,C5703,OP1179,13.234277,80.045612,Good,94,Running,S138,Active,Normal,0
EQ00448,Skid Steer Loader,S120,10.4,2.5,85,20.7,98,C6566,OP0900,13.284578,80.204656,Good,82,Running,S120,Active,Normal,0
EQ00449,Dump Truck,S138,9.1,1.3,48,34.9,86,C2624,OP0291,13.189367,79.960752,Good,98,Running,S138,Active,Normal,0
EQ00450,Excavator,S141,9.9,0.4,75,17.2,85,C7865,OP0495,13.095078,79.96533,Good,73,Running,S141,Active,Normal,0
EQ00451,Excavator,S026,10.6,2.1,58,17.3,96,C2449,OP0380,13.109247,80.190866,Overdue,93,Running,S026,Active,Normal,0
EQ00452,Bulldozer,S101,7.3,0.7,53,13.6,93,C9200,OP0831,12.738151,80.346767,Good,82,Running,S101,Active,Normal,0
EQ00453,Skid Steer Loader,S122,6.4,2.4,58,30.3,83,C2268,OP0020,12.972083,80.333003,Good,94,Running,S122,Active,Normal,0
EQ00454,Excavator,S111,5.4,0.7,74,30.9,98,C3100,OP0262,13.083426,80.03819,Good,83,Running,S111,Active,Normal,0
EQ00455,Motor Grader,S063,7.9,1.4,82,33.4,89,C3053,OP0169,12.848081,80.34256,Good,91,Running,S063,Active,Normal,0
EQ00456,Backhoe Loader,S077,6.6,0.4,76,29.3,88,C1814,OP0039,12.897391,80.386744,Overdue,86,Running,S077,Active,Normal,0
EQ00457,Bulldozer,S075,7.8,1.4,63,39.3,81,C8507,OP1007,12.819986,80.214868,Due Soon,68,Running,S075,Active,Normal,0
EQ00458,Excavator,S046,6.3,2.2,81,32.1,82,C8549,OP0001,12.762642,80.20239,Good,65,Running,S046,Active,Normal,0
EQ00459,Bulldozer,S098,9.4,1.3,91,19.8,85,C2175,OP0229,13.293461,80.091407,Due Soon,71,Running,S098,Active,Normal,0
EQ00460,Excavator,S135,6.1,1.8,88,38.7,96,C5297,OP0488,12.748427,80.027958,Good,77,Running,S135,Active,Normal,0
EQ00461,Bulldozer,S051,8.6,0.1,90,34.7,99,C6544,OP0505,12.969457,80.142667,Good,67,Running,S051,Active,Normal,0
EQ00462,Excavator,S085,7.7,1.0,77,27.9,100,C3982,OP0722,13.259652,80.320708,Good,78,Running,S085,Active,Normal,0
EQ00463,Bulldozer,S043,7.1,0.8,64,32.3,96,C3255,OP0776,13.209505,80.376021,Good,90,Running,S043,Active,Normal,0
EQ00464,Bulldozer,S012,5.9,1.2,68,38.2,98,C9606,OP0448,12.705331,80.263832,Good,95,Running,S012,Active,Normal,0
EQ00465,Bulldozer,S020,5.0,0.3,94,34.3,84,C6362,OP0006,13.2331,79.991962,Good,88,Running,S020,Active,Normal,0
EQ00466,Motor Grader,S147,6.9,1.0,47,17.2,93,C6235,OP0864,13.170463,80.206555,Good,91,Running,S147,Active,Normal,0
EQ00467,Wheel Loader,S066,8.2,1.5,94,35.4,97,C7700,OP0892,13.141061,80.124546,Due Soon,72,Running,S066,Active,Normal,0
EQ00468,Backhoe Loader,S145,10.3,0.8,57,27.9,28,C6226,OP0781,13.139128,80.116952,Overdue,89,Maintenance,S145,Active,Maintenance Overdue,1
EQ00469,Backhoe Loader,S046,5.9,0.3,59,35.5,96,C9140,OP0487,13.219357,79.971922,Good,97,Running,S046,Active,Normal,0
EQ00470,Motor Grader,S133,10.7,2.0,89,15.5,97,C7620,OP0258,13.285106,80.057825,Good,87,Running,S133,Active,Normal,0
EQ00471,Dump Truck,S061,6.1,0.8,82,19.3,80,C2584,OP0701,12.704645,80.239011,Good,65,Running,S061,Active,Normal,0
EQ00472,Backhoe Loader,S010,10.4,2.4,53,30.9,86,C8181,OP1007,13.033557,79.974791,Good,76,Running,S010,Active,Normal,0
EQ00473,Excavator,S144,8.2,1.2,74,37.5,95,C5727,OP0517,12.968937,80.366318,Good,66,Running,S144,Active,Normal,0
EQ00474,Skid Steer Loader,S072,7.1,0.0,73,24.4,81,C4904,OP1055,13.019672,80.045763,Good,96,Running,S072,Active,Normal,0
EQ00475,Wheel Loader,S084,10.6,2.2,86,26.4,86,C1469,OP0993,13.328005,80.080294,Good,79,Running,S084,Active,Normal,0
EQ00476,Backhoe Loader,S121,10.2,2.9,69,38.9,100,C1425,OP0788,13.320507,80.028552,Good,88,Running,S121,Active,Normal,0
EQ00477,Excavator,S080,10.5,0.4,87,25.7,82,C4722,OP1148,12.773175,80.072139,Good,76,Running,S080,Active,Normal,0
EQ00478,Dump Truck,S080,5.7,2.3,44,32.1,91,C4325,OP1067,12.874745,80.12004,Good,80,Running,S080,Active,Normal,0
EQ00479,Excavator,S094,10.3,0.6,76,30.1,83,C6399,OP0438,13.082515,80.289507,Good,94,Running,S094,Active,Normal,0
EQ00480,Backhoe Loader,S133,5.1,2.3,60,29.8,98,C5629,OP0047,13.322818,80.188493,Good,86,Running,S133,Active,Normal,0
EQ00481,Backhoe Loader,S044,10.2,0.7,54,31.6,86,C6920,OP0806,12.798545,80.063159,Good,84,Running,S044,Active,Normal,0
EQ00482,Dump Truck,S112,8.2,1.8,64,31.6,85,C1255,OP0538,12.895903,79.977018,Good,79,Running,S112,Active,Normal,0
EQ00483,Dump Truck,S119,9.1,2.3,48,39.4,90,C8240,OP0328,13.101403,80.21439,Good,98,Running,S119,Active,Normal,0
EQ00484,Skid Steer Loader,S148,10.8,2.4,42,14.0,83,C8070,OP0161,12.700077,80.260377,Good,65,Running,S148,Active,Normal,0
EQ00485,Excavator,S013,8.5,0.1,82,18.2,80,C9397,OP0462,13.097566,80.229769,Good,66,Running,S013,Active,Normal,0
EQ00486,Bulldozer,S115,9.2,2.6,72,30.8,83,C5648,OP0837,13.235181,80.086167,Good,82,Running,S115,Active,Normal,0
EQ00487,Skid Steer Loader,S013,7.7,1.7,35,31.0,93,C8774,OP0201,12.938842,80.128152,Good,73,Running,S042,Active,Wrong Site,1
EQ00488,Motor Grader,S060,10.0,2.2,74,28.0,89,C7465,OP1017,13.114724,79.963389,Good,95,Running,S060,Active,Normal,0
EQ00489,Dump Truck,S029,10.2,1.2,49,30.9,85,C4547,OP1071,13.040731,80.152987,Good,82,Running,S029,Active,Normal,0
EQ00490,Backhoe Loader,S104,5.8,0.8,39,26.8,100,C9066,OP1171,12.996968,80.137468,Good,68,Running,S104,Active,Normal,0
EQ00491,Backhoe Loader,S097,8.5,1.3,87,22.5,92,C2557,OP0177,12.754553,80.365609,Due Soon,67,Running,S097,Active,Normal,0
EQ00492,Dump Truck,S058,10.3,0.9,90,18.6,88,C4944,OP0017,12.852576,80.080098,Due Soon,67,Running,S058,Active,Normal,0
EQ00493,Excavator,S097,8.7,0.4,42,17.2,86,C1132,OP0710,13.057474,80.314478,Good,66,Running,S097,Active,Normal,0
EQ00494,Bulldozer,S140,9.9,1.2,49,19.2,82,C8802,OP0846,13.026769,80.06268,Good,85,Running,S140,Active,Normal,0
EQ00495,Bulldozer,S092,7.2,2.4,92,25.0,94,C8252,OP0478,13.184351,80.082295,Good,76,Running,S092,Active,Normal,0
EQ00496,Skid Steer Loader,S089,9.4,1.0,45,28.3,97,C1188,OP0820,12.892872,80.035424,Good,84,Running,S089,Active,Normal,0
EQ00497,Motor Grader,S008,7.0,2.9,56,18.6,92,C9920,OP0726,13.016409,79.979824,Good,69,Running,S008,Active,Normal,0
EQ00498,Dump Truck,S055,6.8,2.4,69,35.9,93,C5745,OP0922,13.264651,80.337766,Good,67,Running,S055,Active,Normal,0
EQ00499,Bulldozer,S003,5.9,1.3,35,34.9,84,C6622,OP0268,12.791335,80.166363,Good,68,Running,S003,Active,Normal,0
EQ00500,Wheel Loader,S049,9.2,1.1,68,39.0,85,C7794,OP0226,13.348397,80.314408,Good,72,Running,S049,Active,Normal,0
EQ00501,Bulldozer,S014,6.1,0.3,89,20.3,90,C9746,OP0953,12.739808,80.149292,Due Soon,66,Running,S014,Active,Normal,0
EQ00502,Excavator,S045,9.2,1.5,82,31.4,88,C9128,OP0030,12.870779,80.150566,Good,77,Running,S045,Active,Normal,0
EQ00503,Motor Grader,S141,10.8,2.7,57,36.4,81,C3123,OP0105,13.200562,80.124361,Due Soon,68,Running,S141,Active,Normal,0
EQ00504,Excavator,S108,7.8,1.5,80,25.0,85,C6399,OP0788,12.852724,80.349231,Due Soon,97,Running,S108,Active,Normal,0
EQ00505,Excavator,S076,8.9,0.6,86,36.4,80,C7510,OP0719,13.241072,80.058206,Good,86,Running,S076,Active,Normal,0
EQ00506,Motor Grader,S131,9.2,1.8,89,21.3,93,C8019,OP0173,12.834579,80.062501,Good,96,Running,S131,Active,Normal,0
EQ00507,Dump Truck,S119,5.5,2.3,95,39.9,97,C4613,OP0612,13.064566,80.368846,Good,70,Running,S119,Active,Normal,0
EQ00508,Backhoe Loader,S130,5.7,0.4,81,34.5,98,C3813,OP0288,12.818732,80.208677,Due Soon,84,Running,S130,Active,Normal,0
EQ00509,Backhoe Loader,S024,5.6,2.0,68,26.5,92,C4433,OP1055,13.292951,80.192705,Good,73,Running,S085,Active,Wrong Site,1
EQ00510,Wheel Loader,S096,7.3,0.3,95,36.0,87,C4301,OP0196,12.955908,80.209703,Overdue,91,Running,S096,Active,Normal,0
EQ00511,Motor Grader,S089,7.4,0.7,36,26.3,92,C3311,OP0753,12.913989,80.314095,Good,65,Running,S089,Active,Normal,0
EQ00512,Excavator,S052,7.9,2.6,86,30.0,94,C3189,OP0031,12.846353,80.153423,Good,69,Running,S052,Active,Normal,0
EQ00513,Skid Steer Loader,S104,8.3,1.0,66,14.6,88,C5994,OP0314,12.785968,80.100045,Good,73,Running,S104,Active,Normal,0
EQ00514,Bulldozer,S046,9.5,1.6,39,24.5,93,C5999,OP0414,13.090075,80.146001,Good,78,Running,S046,Active,Normal,0
EQ00515,Bulldozer,S077,10.3,2.8,95,16.0,89,C9003,OP0564,13.204369,80.077484,Good,96,Running,S077,Active,Normal,0
EQ00516,Bulldozer,S051,6.1,0.7,36,15.1,81,C8667,OP0170,12.824811,80.332556,Good,68,Running,S051,Active,Normal,0
EQ00517,Backhoe Loader,S148,9.5,0.9,87,37.0,87,C8328,OP0183,12.811271,80.265288,Due Soon,84,Running,S148,Active,Normal,0
EQ00518,Backhoe Loader,S140,9.7,0.8,83,17.4,82,C6728,OP0747,13.02889,80.123584,Good,72,Running,S140,Active,Normal,0
EQ00519,Excavator,S001,9.6,1.4,76,34.8,95,C7664,OP0155,13.222425,80.209854,Good,82,Running,S001,Active,Normal,0
EQ00520,Skid Steer Loader,S094,10.0,1.6,83,21.1,93,C7777,OP0529,13.165681,80.006401,Good,66,Running,S094,Active,Normal,0
EQ00521,Motor Grader,S125,9.8,0.3,93,28.6,28,C3612,OP0429,13.23578,79.995779,Overdue,73,Maintenance,S125,Active,Maintenance Overdue,1
EQ00522,Motor Grader,S066,10.2,1.6,57,37.0,94,C2042,OP0710,12.901693,80.235424,Good,66,Running,S066,Active,Normal,0
EQ00523,Motor Grader,S142,6.1,2.3,74,38.9,95,C5430,OP0899,13.004686,80.239621,Good,80,Running,S142,Active,Normal,0
EQ00524,Bulldozer,S111,10.4,1.7,44,15.1,95,C4046,OP0069,13.28427,80.314808,Good,80,Running,S111,Active,Normal,0
EQ00525,Skid Steer Loader,S056,6.4,1.1,78,36.2,86,C1147,OP0751,12.819525,80.236782,Good,90,Running,S056,Active,Normal,0
EQ00526,Backhoe Loader,S110,8.7,2.9,52,36.7,96,C3143,OP0043,13.269471,80.191002,Good,97,Running,S110,Expired,Contract Expired,1
EQ00527,Excavator,S138,7.0,0.7,65,23.6,94,C9191,OP0086,12.734173,80.115036,Good,70,Running,S138,Active,Normal,0
EQ00528,Bulldozer,S048,5.6,1.0,42,12.9,88,C6027,OP1051,12.841499,80.091674,Good,81,Running,S048,Active,Normal,0
EQ00529,Bulldozer,S120,8.6,0.0,37,14.2,99,C3442,OP1165,13.067422,80.197008,Good,84,Running,S120,Active,Normal,0
EQ00530,Motor Grader,S080,6.5,1.9,71,29.2,85,C2494,OP0062,13.206543,80.040269,Good,65,Running,S080,Active,Normal,0
EQ00531,Dump Truck,S045,5.0,1.3,67,20.5,99,C3161,OP0028,13.018853,80.389553,Good,70,Running,S045,Active,Normal,0
EQ00532,Bulldozer,S145,9.9,0.4,58,30.5,80,C5513,OP0776,13.25052,80.312673,Good,97,Running,S145,Active,Normal,0
EQ00533,Wheel Loader,S094,9.5,2.6,77,26.3,100,C9892,OP1189,13.016038,80.025603,Good,91,Running,S094,Active,Normal,0
EQ00534,Wheel Loader,S033,8.5,2.5,50,38.0,91,C7450,OP0216,13.212795,80.014627,Due Soon,81,Running,S033,Active,Normal,0
EQ00535,Motor Grader,S141,6.6,1.4,68,165.0,85,C8776,OP0358,13.115852,80.269982,Due Soon,98,Running,S141,Active,Distance Spike,1
EQ00536,Dump Truck,S146,5.4,0.7,84,28.2,88,C3245,OP0973,12.935125,80.363121,Due Soon,86,Running,S146,Active,Normal,0
EQ00537,Bulldozer,S012,10.0,0.5,67,26.1,28,C1992,OP0751,13.184847,80.06264,Overdue,86,Maintenance,S012,Active,Maintenance Overdue,1
EQ00538,Backhoe Loader,S045,7.0,2.7,50,36.9,99,C4206,,13.087039,80.3079,Good,84,Running,S045,Active,Missing Operator,1
EQ00539,Wheel Loader,S102,10.3,0.8,43,33.5,83,C6814,OP0104,12.915336,80.053046,Due Soon,67,Running,S102,Active,Normal,0
EQ00540,Skid Steer Loader,S139,7.6,1.5,74,16.5,87,C7538,OP0257,12.987184,80.300379,Good,72,Running,S139,Active,Normal,0
EQ00541,Backhoe Loader,S123,10.9,0.2,85,25.5,91,C7265,OP0303,12.702394,80.029778,Good,94,Running,S123,Active,Normal,0
EQ00542,Dump Truck,S013,7.2,0.1,83,16.5,80,C8914,OP0912,13.114844,80.365583,Good,80,Running,S013,Active,Normal,0
EQ00543,Bulldozer,S044,9.5,1.0,52,33.6,100,C5380,OP0410,13.175736,80.371422,Good,89,Running,S044,Active,Normal,0
EQ00544,Bulldozer,S112,10.1,0.9,91,27.6,91,C5700,OP0310,12.976801,80.234459,Good,68,Running,S112,Active,Normal,0
EQ00545,Dump Truck,S077,7.4,0.9,62,24.8,91,C3204,OP0742,13.213901,80.102955,Good,88,Running,S077,Active,Normal,0
EQ00546,Excavator,S089,5.9,0.2,81,23.0,99,C1156,OP0442,12.985502,80.302822,Due Soon,70,Running,S089,Active,Normal,0
EQ00547,Backhoe Loader,S063,5.8,0.7,82,22.3,95,C6927,OP0383,12.875789,80.104044,Good,73,Running,S063,Active,Normal,0
EQ00548,Backhoe Loader,S061,5.6,1.7,68,25.7,89,C3134,OP1093,12.773536,79.976598,Good,81,Running,S061,Active,Normal,0
EQ00549,Skid Steer Loader,S007,7.1,2.2,85,25.0,97,C9501,OP0516,13.069564,80.146268,Due Soon,82,Running,S007,Active,Normal,0
EQ00550,Bulldozer,S057,5.7,0.4,49,17.2,85,C6075,OP1104,13.248701,80.36317,Good,67,Running,S057,Active,Normal,0
EQ00551,Wheel Loader,S147,6.4,0.2,92,28.5,81,C5343,OP0691,13.091821,80.207419,Good,80,Running,S147,Active,Normal,0
EQ00552,Motor Grader,S123,5.5,0.6,56,27.6,28,C1538,OP0609,13.195841,80.398025,Overdue,79,Maintenance,S123,Active,Maintenance Overdue,1
EQ00553,Skid Steer Loader,S142,7.5,1.3,41,30.4,83,C7815,OP0228,13.296816,80.354725,Good,92,Running,S142,Active,Normal,0
EQ00554,Excavator,S051,6.0,0.1,66,38.2,92,C5746,OP0097,12.909333,80.264072,Good,77,Running,S051,Active,Normal,0
EQ00555,Excavator,S024,5.9,16.0,40,36.9,88,C6981,OP0117,12.944703,80.223256,Good,8,Idle,S024,Active,Low Utilization,1
EQ00556,Backhoe Loader,S120,9.2,1.0,89,29.1,100,C7593,OP0919,13.108984,80.254758,Good,82,Running,S120,Active,Normal,0
EQ00557,Backhoe Loader,S107,7.0,1.4,79,27.7,96,C7193,OP0297,13.313881,80.367668,Good,81,Running,S107,Active,Normal,0
EQ00558,Wheel Loader,S139,9.2,1.8,50,18.3,98,C5792,OP0807,12.907239,79.995283,Due Soon,75,Running,S139,Active,Normal,0
EQ00559,Backhoe Loader,S145,7.7,2.0,91,31.9,88,C8366,OP0372,12.80807,80.303987,Good,76,Running,S145,Active,Normal,0
EQ00560,Excavator,S038,9.9,2.6,65,28.3,94,C2478,OP0490,13.245046,80.028683,Good,79,Running,S038,Active,Normal,0
EQ00561,Backhoe Loader,S025,8.9,2.5,43,34.8,93,C3057,OP0784,12.910731,80.030961,Overdue,75,Running,S025,Active,Normal,0
EQ00562,Bulldozer,S117,8.4,0.0,37,20.6,98,C1980,OP1063,12.722406,80.250043,Due Soon,91,Running,S117,Active,Normal,0
EQ00563,Wheel Loader,S117,8.0,2.2,93,22.2,97,C5004,OP1030,12.927746,80.176716,Due Soon,90,Running,S117,Active,Normal,0
EQ00564,Wheel Loader,S058,9.5,2.9,78,14.8,90,C5083,OP1086,13.010459,80.196255,Good,83,Running,S058,Active,Normal,0
EQ00565,Skid Steer Loader,S041,6.3,0.5,40,35.1,84,C7054,OP0655,12.810209,80.21079,Good,74,Running,S041,Active,Normal,0
EQ00566,Wheel Loader,S073,6.0,0.6,82,28.0,92,C7232,OP0053,13.185966,80.135628,Good,85,Running,S073,Active,Normal,0
EQ00567,Excavator,S128,8.6,1.7,45,34.0,85,C3076,OP1101,13.313858,79.99794,Good,81,Running,S128,Active,Normal,0
EQ00568,Excavator,S041,10.9,0.2,49,28.2,81,C9216,OP0733,13.114734,79.973855,Due Soon,87,Running,S041,Active,Normal,0
EQ00569,Backhoe Loader,S103,9.2,1.9,55,38.5,91,C9905,OP0550,12.917132,80.328347,Good,94,Running,S103,Active,Normal,0
EQ00570,Motor Grader,S020,8.1,2.8,67,13.3,98,C9071,OP0517,13.037578,80.228131,Due Soon,89,Running,S020,Active,Normal,0
EQ00571,Dump Truck,S133,10.8,1.3,67,39.5,93,C5218,OP0333,12.99723,80.240124,Good,81,Running,S133,Active,Normal,0
EQ00572,Backhoe Loader,S030,6.4,0.9,74,28.0,85,C1919,OP0116,12.882472,80.184738,Good,89,Running,S030,Active,Normal,0
EQ00573,Dump Truck,S066,9.8,1.3,69,21.4,80,C8625,OP0818,13.088305,80.211776,Good,91,Running,S066,Active,Normal,0
EQ00574,Wheel Loader,S057,6.7,2.3,70,30.8,93,C3568,OP0696,12.863334,80.219762,Good,92,Running,S057,Active,Normal,0
EQ00575,Dump Truck,S054,9.6,1.6,48,16.2,94,C6455,OP0578,12.759047,80.000515,Good,87,Running,S054,Active,Normal,0
EQ00576,Skid Steer Loader,S037,6.4,1.7,57,23.3,97,C5514,OP1116,12.93285,80.331279,Good,82,Running,S037,Active,Normal,0
EQ00577,Excavator,S008,9.4,2.4,89,12.3,92,C1743,OP0218,13.288644,80.143285,Good,95,Running,S008,Active,Normal,0
EQ00578,Motor Grader,S013,6.8,2.3,91,31.6,87,C7298,OP0181,12.868686,79.965239,Good,77,Running,S013,Active,Normal,0
EQ00579,Excavator,S098,6.2,2.0,5,18.0,85,C9794,OP0417,12.880442,80.348479,Good,81,Running,S098,Active,Fuel Anomaly,1
EQ00580,Backhoe Loader,S030,8.9,0.6,93,16.1,92,C7583,OP0062,13.109441,80.148916,Good,65,Running,S030,Active,Normal,0
EQ00581,Excavator,S130,9.5,0.8,94,39.0,28,C3395,OP0720,13.159865,80.27393,Overdue,70,Maintenance,S130,Active,Maintenance Overdue,1
EQ00582,Motor Grader,S074,9.9,2.3,66,22.1,96,C9439,OP0952,13.338067,80.355229,Good,81,Running,S074,Active,Normal,0
EQ00583,Skid Steer Loader,S111,9.8,0.4,76,23.1,94,C5494,OP0921,13.276613,80.352267,Good,93,Running,S111,Active,Normal,0
EQ00584,Wheel Loader,S143,6.7,1.6,38,30.1,96,C2882,OP0292,13.335317,80.222127,Good,96,Running,S143,Active,Normal,0
EQ00585,Dump Truck,S024,7.1,0.3,55,37.1,82,C2511,OP0602,13.286976,80.208487,Good,77,Running,S024,Active,Normal,0
EQ00586,Skid Steer Loader,S046,9.7,1.7,66,30.9,83,C9196,OP0911,13.061714,80.11615,Good,72,Running,S046,Active,Normal,0
EQ00587,Dump Truck,S079,6.9,2.1,63,26.1,80,C9060,OP0304,13.284258,80.016082,Good,83,Running,S079,Active,Normal,0
EQ00588,Wheel Loader,S145,11.0,2.8,52,30.1,84,C7537,OP0601,13.211034,80.358557,Good,88,Running,S145,Active,Normal,0
EQ00589,Bulldozer,S064,0.5,22.0,73,14.2,84,C2071,OP0321,12.746161,79.952869,Good,5,Idle,S064,Active,High Idle,1
EQ00590,Skid Steer Loader,S113,5.1,1.6,66,18.8,94,C3326,OP0295,13.084838,80.364325,Good,67,Running,S113,Active,Normal,0
EQ00591,Motor Grader,S104,6.4,2.3,63,30.9,91,C5411,OP0803,13.174978,79.952984,Good,81,Running,S104,Active,Normal,0
EQ00592,Dump Truck,S081,9.7,1.6,39,27.3,98,C4004,OP0334,12.795799,80.210998,Good,78,Running,S081,Active,Normal,0
EQ00593,Wheel Loader,S006,7.9,0.4,54,21.8,87,C5243,OP0100,13.2341,80.234445,Good,88,Running,S006,Active,Normal,0
EQ00594,Backhoe Loader,S088,10.8,1.9,50,12.9,88,C9087,OP0861,13.259593,80.067076,Good,66,Running,S088,Active,Normal,0
EQ00595,Motor Grader,S055,6.4,2.2,68,38.2,86,C5024,OP0578,13.185607,80.01921,Good,86,Running,S055,Active,Normal,0
EQ00596,Bulldozer,S037,8.5,16.0,61,19.2,80,C3691,OP0940,12.817016,80.269373,Good,8,Idle,S037,Active,Low Utilization,1
EQ00597,Motor Grader,S017,6.0,0.5,5,18.0,84,C3119,OP1180,13.069647,80.392196,Due Soon,80,Running,S017,Active,Fuel Anomaly,1
EQ00598,Bulldozer,S025,5.9,2.7,87,19.0,85,C4646,OP0567,13.346499,80.348888,Good,95,Running,S025,Active,Normal,0
EQ00599,Skid Steer Loader,S036,5.3,1.1,88,32.9,91,C2557,OP0966,12.916362,80.153213,Good,76,Running,S036,Active,Normal,0
EQ00600,Excavator,S077,6.1,1.3,48,19.2,84,C4176,OP0383,12.708253,80.347582,Good,96,Running,S077,Active,Normal,0
EQ00601,Backhoe Loader,S117,7.9,1.8,48,36.8,80,C2095,OP0696,13.038755,80.328817,Good,89,Running,S117,Active,Normal,0
EQ00602,Excavator,S137,10.7,2.5,63,23.4,97,C4941,OP0120,13.247581,80.268986,Good,83,Running,S137,Active,Normal,0
EQ00603,Excavator,S095,10.1,0.4,79,15.8,94,C1639,OP0047,12.963567,80.19891,Good,66,Running,S095,Active,Normal,0
EQ00604,Motor Grader,S076,6.4,2.3,55,24.1,85,C1640,OP1091,12.868176,80.023729,Good,78,Running,S076,Active,Normal,0
EQ00605,Excavator,S039,6.3,1.4,92,14.9,85,C3223,OP0924,13.334943,80.263446,Good,83,Running,S039,Active,Normal,0
EQ00606,Motor Grader,S018,8.3,2.3,60,23.7,85,C6080,OP0354,13.340791,80.247306,Due Soon,94,Running,S018,Active,Normal,0
EQ00607,Motor Grader,S059,7.7,2.1,44,26.3,96,C1022,OP0229,13.242074,80.359458,Good,74,Running,S059,Active,Normal,0
EQ00608,Wheel Loader,S009,7.6,2.7,5,18.0,87,C9231,OP0589,13.034666,80.335344,Good,89,Running,S009,Active,Fuel Anomaly,1
EQ00609,Excavator,S006,10.4,1.9,80,18.7,95,C1723,OP0022,13.232434,79.975919,Good,78,Running,S006,Active,Normal,0
EQ00610,Bulldozer,S009,9.2,2.7,77,27.1,80,C7349,OP0133,13.186273,80.010416,Good,74,Running,S009,Active,Normal,0
EQ00611,Backhoe Loader,S061,5.2,0.7,79,32.6,99,C8566,,13.018819,80.216869,Good,78,Running,S061,Active,Missing Operator,1
EQ00612,Bulldozer,S130,10.8,0.4,45,16.2,82,C4423,,12.843765,80.032019,Due Soon,82,Running,S130,Active,Missing Operator,1
EQ00613,Dump Truck,S001,0.5,22.0,46,27.4,83,C5992,OP1189,13.020516,80.062331,Good,5,Idle,S001,Active,High Idle,1
EQ00614,Backhoe Loader,S030,10.1,0.8,62,38.7,94,C4810,OP0628,13.234973,79.979762,Due Soon,76,Running,S030,Active,Normal,0
EQ00615,Wheel Loader,S038,6.6,2.4,51,18.4,90,C4897,OP0170,12.97346,80.164526,Good,73,Running,S038,Active,Normal,0
EQ00616,Skid Steer Loader,S113,5.8,1.2,73,12.2,85,C8179,OP1037,13.268006,80.25732,Good,90,Running,S113,Active,Normal,0
EQ00617,Backhoe Loader,S020,7.9,0.3,91,13.0,92,C4714,OP0108,13.019188,80.34359,Overdue,82,Running,S020,Active,Normal,0
EQ00618,Excavator,S041,5.1,0.8,66,29.2,80,C7168,OP0154,13.123088,79.964767,Good,89,Running,S041,Active,Normal,0
EQ00619,Skid Steer Loader,S063,10.0,2.3,62,38.3,98,C3462,OP0752,13.282287,80.38582,Good,84,Running,S063,Active,Normal,0
EQ00620,Backhoe Loader,S105,10.9,2.7,56,25.9,94,C5790,OP0954,12.893278,80.154007,Good,68,Running,S105,Active,Normal,0
EQ00621,Backhoe Loader,S137,7.8,1.9,42,39.0,98,C8103,OP0678,13.325417,80.094932,Good,88,Running,S137,Active,Normal,0
EQ00622,Wheel Loader,S077,10.8,0.4,78,31.7,88,C9238,OP0183,12.90647,80.160397,Good,85,Running,S077,Active,Normal,0
EQ00623,Motor Grader,S047,8.9,0.6,57,23.4,80,C1401,OP0580,13.162859,80.189231,Good,68,Running,S047,Active,Normal,0
EQ00624,Bulldozer,S113,5.4,0.5,80,16.0,87,C6646,OP1067,12.78538,80.287178,Due Soon,70,Running,S113,Active,Normal,0
EQ00625,Dump Truck,S053,7.5,0.4,67,35.7,87,C4795,OP0940,13.023195,80.038553,Good,75,Running,S053,Active,Normal,0
EQ00626,Skid Steer Loader,S097,9.7,0.7,57,31.5,89,C9516,OP0183,13.147857,79.967027,Good,96,Running,S097,Active,Normal,0
EQ00627,Bulldozer,S118,10.4,2.6,90,39.4,95,C3947,OP0586,12.967935,80.346676,Good,76,Running,S118,Active,Normal,0
EQ00628,Excavator,S028,5.5,2.8,89,27.1,86,C3606,OP0324,12.972704,80.023697,Good,89,Running,S028,Active,Normal,0
EQ00629,Dump Truck,S027,5.2,2.7,38,22.0,86,C7117,OP0997,13.125029,80.385505,Good,71,Running,S027,Active,Normal,0
EQ00630,Dump Truck,S093,10.8,2.9,93,31.1,82,C1939,OP0865,13.304495,80.00267,Good,81,Running,S093,Active,Normal,0
EQ00631,Wheel Loader,S138,7.5,0.8,89,24.3,93,C2618,OP0726,13.015283,80.357784,Good,73,Running,S138,Active,Normal,0
EQ00632,Dump Truck,S007,10.6,2.7,63,23.5,88,C6104,OP0522,12.858652,80.357567,Good,75,Running,S007,Active,Normal,0
EQ00633,Bulldozer,S017,8.4,1.6,90,35.2,89,C2216,OP0044,13.345791,80.30572,Good,74,Running,S017,Active,Normal,0
EQ00634,Wheel Loader,S077,6.2,2.3,59,16.7,28,C3555,OP0797,12.83599,80.206342,Overdue,88,Maintenance,S077,Active,Maintenance Overdue,1
EQ00635,Motor Grader,S061,9.8,0.6,77,17.4,81,C9876,OP0244,12.892879,80.277815,Good,82,Running,S061,Active,Normal,0
EQ00636,Dump Truck,S069,7.8,1.2,61,24.6,92,C4727,OP0813,13.003424,80.043114,Good,79,Running,S069,Active,Normal,0
EQ00637,Wheel Loader,S038,10.0,2.1,43,36.8,85,C5544,OP0228,13.142594,80.258903,Good,70,Running,S038,Active,Normal,0
EQ00638,Motor Grader,S087,10.3,0.8,74,12.7,80,C3773,OP0789,13.11626,80.307586,Good,81,Running,S087,Active,Normal,0
EQ00639,Motor Grader,S096,10.8,2.7,52,15.4,93,C6724,OP0373,13.124686,80.254678,Good,65,Running,S096,Active,Normal,0
EQ00640,Bulldozer,S082,8.7,2.2,5,18.0,89,C2136,OP0865,13.069018,80.336816,Due Soon,92,Running,S082,Active,Fuel Anomaly,1
EQ00641,Motor Grader,S025,9.7,1.4,83,19.1,86,C4549,OP0623,12.805242,80.005793,Overdue,65,Running,S025,Active,Normal,0
EQ00642,Excavator,S021,5.8,1.9,36,23.6,96,C9113,OP0411,13.095164,80.061254,Good,94,Running,S021,Active,Normal,0
EQ00643,Dump Truck,S131,7.6,2.2,78,26.4,82,C4790,OP0529,12.947356,80.366436,Good,72,Running,S131,Active,Normal,0
EQ00644,Backhoe Loader,S132,10.9,0.4,81,13.0,86,C7622,OP0587,13.265297,80.131065,Good,91,Running,S132,Active,Normal,0
EQ00645,Excavator,S106,7.8,1.1,40,19.6,87,C5112,OP0089,13.262959,80.39993,Good,86,Running,S106,Active,Normal,0
EQ00646,Dump Truck,S060,9.9,1.8,87,36.7,82,C2326,OP0387,12.779824,80.236206,Good,89,Running,S060,Active,Normal,0
EQ00647,Skid Steer Loader,S074,8.6,1.5,48,35.7,81,C6598,OP0412,12.751868,80.234161,Due Soon,76,Running,S074,Active,Normal,0
EQ00648,Bulldozer,S118,9.3,1.3,51,15.1,89,C1370,OP0252,13.140617,80.268561,Good,77,Running,S118,Active,Normal,0
EQ00649,Wheel Loader,S047,6.4,3.0,53,31.4,84,C9595,OP0583,12.91965,80.067474,Good,93,Running,S047,Active,Normal,0
EQ00650,Motor Grader,S144,7.0,0.9,50,18.7,100,C2797,OP1070,12.725687,80.02167,Due Soon,85,Running,S144,Active,Normal,0
EQ00651,Excavator,S042,5.4,1.0,38,35.3,92,C2897,OP1032,12.957119,80.044125,Overdue,95,Running,S042,Active,Normal,0
EQ00652,Wheel Loader,S092,9.1,2.0,64,13.4,85,C9842,OP0933,13.200293,80.102791,Good,85,Running,S092,Expired,Contract Expired,1
EQ00653,Motor Grader,S121,10.7,1.5,61,22.3,84,C9593,OP0621,13.002033,79.970772,Due Soon,70,Running,S121,Active,Normal,0
EQ00654,Excavator,S089,6.3,0.2,88,23.0,92,C8357,OP0786,13.205009,80.043889,Good,89,Running,S089,Active,Normal,0
EQ00655,Backhoe Loader,S035,10.3,2.2,77,35.5,83,C9205,OP0611,12.983343,80.049053,Due Soon,68,Running,S035,Active,Normal,0
EQ00656,Bulldozer,S090,10.8,16.0,51,16.7,94,C6463,OP0243,12.903762,79.97508,Due Soon,8,Idle,S090,Active,Low Utilization,1
EQ00657,Motor Grader,S108,6.0,0.7,45,28.0,90,C7487,OP0667,12.770511,80.048114,Good,76,Running,S108,Active,Normal,0
EQ00658,Excavator,S003,0.5,22.0,61,28.3,93,C1548,OP0333,12.823888,80.216632,Good,5,Idle,S003,Active,High Idle,1
EQ00659,Wheel Loader,S130,6.8,1.2,85,19.3,92,C9723,OP0840,13.173611,80.107783,Good,92,Running,S130,Active,Normal,0
EQ00660,Backhoe Loader,S007,9.6,1.2,93,30.3,82,C7809,OP0624,12.897739,80.006404,Good,92,Running,S007,Active,Normal,0
EQ00661,Backhoe Loader,S058,10.8,1.0,47,27.2,28,C3477,OP0995,13.068211,80.232385,Overdue,91,Maintenance,S058,Active,Maintenance Overdue,1
EQ00662,Excavator,S107,10.9,1.3,94,18.2,88,C2711,OP0983,12.715585,80.000799,Due Soon,65,Running,S008,Active,Wrong Site,1
EQ00663,Backhoe Loader,S133,6.3,1.1,73,12.2,84,C3986,OP0091,13.047157,80.189688,Good,71,Running,S133,Active,Normal,0
EQ00664,Motor Grader,S077,8.8,2.1,74,22.6,80,C3446,OP0750,12.901567,80.191175,Good,84,Running,S077,Active,Normal,0
EQ00665,Wheel Loader,S123,9.7,0.9,42,32.8,84,C5076,OP0817,13.216195,79.987741,Due Soon,67,Running,S123,Expired,Contract Expired,1
EQ00666,Motor Grader,S054,5.2,2.5,39,38.9,85,C5428,OP0743,12.778747,80.248991,Due Soon,97,Running,S054,Active,Normal,0
EQ00667,Skid Steer Loader,S120,10.8,0.9,36,27.1,85,C2033,OP1074,12.746479,80.188874,Good,67,Running,S120,Active,Normal,0
EQ00668,Dump Truck,S013,6.0,1.2,39,23.8,86,C8160,OP0276,13.046046,80.195409,Due Soon,68,Running,S013,Active,Normal,0
EQ00669,Excavator,S063,10.2,2.3,5,18.0,83,C9339,OP0041,13.211461,80.084628,Good,75,Running,S063,Active,Fuel Anomaly,1
EQ00670,Dump Truck,S083,9.0,1.2,86,39.4,90,C2641,OP0342,12.959613,80.341777,Good,83,Running,S083,Active,Normal,0
EQ00671,Backhoe Loader,S056,9.7,0.6,46,23.6,80,C5419,OP1042,12.884475,80.061013,Due Soon,94,Running,S056,Active,Normal,0
EQ00672,Dump Truck,S086,8.7,1.6,95,24.9,92,C3922,OP0286,13.249918,80.395653,Good,85,Running,S086,Active,Normal,0
EQ00673,Excavator,S114,7.5,0.4,44,29.7,98,C3254,OP0946,13.091145,80.052742,Overdue,76,Running,S114,Active,Normal,0
EQ00674,Skid Steer Loader,S128,6.1,0.3,48,13.4,88,C5343,OP1185,13.007516,80.351416,Good,85,Running,S128,Active,Normal,0
EQ00675,Skid Steer Loader,S070,6.0,1.2,35,37.3,95,C1322,OP0133,12.861744,80.252038,Good,86,Running,S070,Active,Normal,0
EQ00676,Bulldozer,S078,9.4,2.7,72,32.1,99,C2649,OP0967,13.047887,80.308842,Good,96,Running,S078,Active,Normal,0
EQ00677,Bulldozer,S054,0.5,22.0,68,31.0,92,C9418,OP0403,13.027252,80.000722,Good,5,Idle,S054,Active,High Idle,1
EQ00678,Bulldozer,S029,7.2,2.2,58,32.8,92,C8361,OP0061,12.997319,80.061579,Due Soon,70,Running,S029,Active,Normal,0
EQ00679,Bulldozer,S004,9.4,1.5,38,25.2,80,C1083,OP0660,12.95296,79.978722,Good,73,Running,S004,Active,Normal,0
EQ00680,Excavator,S076,8.9,2.1,52,37.6,87,C6659,OP0227,12.916843,80.391172,Good,93,Running,S076,Active,Normal,0
EQ00681,Skid Steer Loader,S132,8.7,2.6,76,35.3,84,C2604,OP0976,12.776146,79.989482,Good,74,Running,S132,Active,Normal,0
EQ00682,Excavator,S096,10.2,2.8,94,33.8,92,C3905,OP1073,12.898613,80.302397,Good,77,Running,S096,Active,Normal,0
EQ00683,Motor Grader,S129,8.9,2.9,87,14.3,90,C8125,OP0100,13.229928,80.230359,Good,97,Running,S129,Active,Normal,0
EQ00684,Bulldozer,S090,8.3,1.2,45,165.0,81,C8916,OP0871,13.30639,79.962426,Good,98,Running,S090,Active,Distance Spike,1
EQ00685,Bulldozer,S121,10.6,2.9,71,23.6,100,C7685,OP0892,12.854476,80.346706,Due Soon,96,Running,S121,Active,Normal,0
EQ00686,Bulldozer,S050,10.0,1.4,62,38.8,85,C6560,OP1186,12.801008,80.025199,Good,71,Running,S050,Active,Normal,0
EQ00687,Motor Grader,S142,9.4,1.4,94,36.7,92,C9145,OP0389,13.319667,80.203127,Good,91,Running,S142,Active,Normal,0
EQ00688,Backhoe Loader,S137,7.3,1.5,35,32.1,92,C4907,OP0339,13.078773,80.398563,Overdue,81,Running,S137,Active,Normal,0
EQ00689,Dump Truck,S099,5.8,2.1,90,32.6,92,C1342,OP0915,12.756865,80.076238,Due Soon,81,Running,S099,Active,Normal,0
EQ00690,Wheel Loader,S138,7.8,1.1,66,21.1,97,C6641,OP1100,13.121378,80.164502,Good,85,Running,S138,Active,Normal,0
EQ00691,Motor Grader,S073,8.3,0.4,52,27.4,99,C2306,OP0810,13.175894,80.231456,Good,77,Running,S073,Active,Normal,0
EQ00692,Dump Truck,S121,8.9,2.1,47,15.5,98,C4514,OP0786,13.277544,79.964552,Good,69,Running,S121,Active,Normal,0
EQ00693,Skid Steer Loader,S001,5.7,2.1,71,30.1,90,C3870,OP0884,12.817995,80.370507,Good,67,Running,S001,Active,Normal,0
EQ00694,Backhoe Loader,S086,8.1,0.4,87,25.0,99,C8147,OP0029,13.242287,80.273917,Good,95,Running,S086,Active,Normal,0
EQ00695,Bulldozer,S077,7.6,2.4,48,12.8,100,C9375,OP0022,12.84292,79.961182,Good,87,Running,S077,Active,Normal,0
EQ00696,Wheel Loader,S135,7.1,1.9,83,24.1,84,C5076,OP0626,13.200024,80.258285,Due Soon,73,Running,S135,Active,Normal,0
EQ00697,Excavator,S122,9.7,1.9,54,34.5,97,C6798,OP0786,12.990931,80.280031,Good,88,Running,S122,Active,Normal,0
EQ00698,Skid Steer Loader,S026,7.1,0.3,88,36.9,98,C1762,OP0928,12.991732,80.282573,Good,86,Running,S026,Active,Normal,0
EQ00699,Bulldozer,S061,8.1,0.8,94,15.7,84,C5675,OP0570,12.720681,80.031301,Good,65,Running,S061,Active,Normal,0
EQ00700,Backhoe Loader,S150,8.4,1.3,93,165.0,89,C5500,OP0774,13.196932,79.966081,Good,98,Running,S150,Active,Distance Spike,1
EQ00701,Excavator,S099,5.6,0.8,66,19.4,97,C5982,OP0411,12.841023,80.030439,Good,81,Running,S099,Active,Normal,0
EQ00702,Wheel Loader,S092,8.6,2.6,92,33.0,99,C1215,OP0611,13.276867,80.073626,Good,81,Running,S092,Active,Normal,0
EQ00703,Bulldozer,S099,7.0,0.3,62,23.1,84,C6500,OP0518,13.172437,79.968193,Good,79,Running,S099,Active,Normal,0
EQ00704,Wheel Loader,S061,8.4,1.4,93,20.5,85,C1388,OP1050,13.087602,80.069958,Good,67,Running,S061,Active,Normal,0
EQ00705,Excavator,S111,9.7,1.6,95,36.5,94,C8262,OP0946,12.769299,80.155095,Good,67,Running,S111,Active,Normal,0
EQ00706,Skid Steer Loader,S007,8.7,2.1,61,13.0,88,C5448,OP1163,13.275133,80.212381,Good,72,Running,S007,Active,Normal,0
EQ00707,Excavator,S041,9.4,1.8,59,34.3,96,C7067,OP0515,12.980319,80.327055,Good,93,Running,S041,Active,Normal,0
EQ00708,Dump Truck,S067,6.3,2.2,44,32.8,89,C5222,OP1187,13.04336,80.166967,Good,85,Running,S067,Active,Normal,0
EQ00709,Excavator,S149,6.9,1.6,73,33.0,95,C4591,OP1166,13.130217,80.276057,Good,91,Running,S149,Active,Normal,0
EQ00710,Wheel Loader,S122,6.2,1.7,79,20.1,83,C7367,OP1153,13.234981,80.010521,Good,68,Running,S122,Active,Normal,0
EQ00711,Backhoe Loader,S080,8.1,0.4,75,34.1,80,C9846,OP0917,13.043721,80.022717,Good,68,Running,S080,Active,Normal,0
EQ00712,Motor Grader,S067,10.4,1.1,43,13.2,81,C1824,OP0197,12.865959,80.079887,Good,66,Running,S067,Active,Normal,0
EQ00713,Dump Truck,S057,8.5,0.9,91,35.8,84,C9269,OP0825,12.707859,80.081701,Good,88,Running,S057,Active,Normal,0
EQ00714,Motor Grader,S146,10.4,0.4,51,23.7,99,C1256,OP0716,13.326041,80.092481,Due Soon,89,Running,S146,Active,Normal,0
EQ00715,Wheel Loader,S150,6.8,2.1,81,21.7,83,C1510,OP0830,13.298666,80.061481,Good,86,Running,S150,Active,Normal,0
EQ00716,Bulldozer,S003,6.9,0.3,76,24.6,80,C8786,OP0223,12.971783,80.284058,Good,91,Running,S003,Active,Normal,0
EQ00717,Dump Truck,S105,5.3,1.2,82,26.7,84,C4533,OP0782,13.082469,80.184629,Good,73,Running,S105,Active,Normal,0
EQ00718,Motor Grader,S143,5.0,2.8,93,37.6,91,C2550,OP0446,12.831464,80.223992,Good,89,Running,S010,Active,Wrong Site,1
EQ00719,Skid Steer Loader,S090,6.6,0.8,70,14.0,86,C4550,OP0857,12.980811,80.06979,Good,94,Running,S090,Active,Normal,0
EQ00720,Skid Steer Loader,S139,7.4,1.3,83,15.6,94,C8029,OP1124,13.093441,80.192136,Overdue,87,Running,S139,Active,Normal,0
EQ00721,Skid Steer Loader,S113,6.1,0.7,52,21.7,96,C8002,OP0472,13.327235,80.284672,Good,65,Running,S113,Active,Normal,0
EQ00722,Excavator,S102,7.1,2.2,86,32.6,100,C6822,OP1158,12.917044,80.265605,Due Soon,88,Running,S102,Active,Normal,0
EQ00723,Wheel Loader,S095,8.3,1.3,72,32.5,90,C5384,OP0622,12.898996,80.394432,Good,93,Running,S095,Active,Normal,0
EQ00724,Dump Truck,S121,8.4,2.3,77,13.4,91,C3366,OP0623,12.767319,80.011221,Good,95,Running,S121,Active,Normal,0
EQ00725,Dump Truck,S017,10.0,1.2,93,38.9,91,C5673,OP0436,12.961084,80.162973,Due Soon,91,Running,S017,Active,Normal,0
EQ00726,Motor Grader,S045,6.9,0.9,88,34.0,94,C1697,OP0899,12.7735,80.347963,Good,96,Running,S045,Active,Normal,0
EQ00727,Motor Grader,S026,8.7,1.1,51,27.4,95,C1138,OP0628,12.871978,80.034326,Good,89,Running,S026,Active,Normal,0
EQ00728,Skid Steer Loader,S128,8.5,1.1,72,15.4,84,C5547,OP0214,13.298499,80.15301,Good,94,Running,S128,Active,Normal,0
EQ00729,Skid Steer Loader,S128,6.0,0.4,64,27.9,28,C2098,OP0999,12.943046,80.088955,Overdue,89,Maintenance,S128,Active,Maintenance Overdue,1
EQ00730,Skid Steer Loader,S049,8.3,2.7,35,17.6,87,C4330,OP0320,12.989996,80.314774,Due Soon,75,Running,S049,Active,Normal,0
EQ00731,Excavator,S048,6.5,1.7,85,36.0,90,C5204,OP0952,13.044902,80.28365,Due Soon,71,Running,S048,Active,Normal,0
EQ00732,Wheel Loader,S136,9.1,1.9,91,26.2,92,C3984,OP0340,12.903845,80.069041,Due Soon,82,Running,S136,Active,Normal,0
EQ00733,Bulldozer,S032,10.0,2.0,72,20.0,85,C1820,OP0948,13.165872,80.358009,Good,85,Running,S032,Active,Normal,0
EQ00734,Excavator,S112,6.6,2.5,45,17.9,83,C2363,OP0436,12.977393,80.1022,Good,71,Running,S112,Active,Normal,0
EQ00735,Wheel Loader,S012,7.3,2.4,66,27.2,91,C5115,OP0603,13.223277,80.060046,Good,83,Running,S012,Active,Normal,0
EQ00736,Dump Truck,S112,9.6,0.6,74,22.4,94,C7548,OP1063,12.881758,80.389515,Good,66,Running,S112,Active,Normal,0
EQ00737,Backhoe Loader,S137,6.5,1.1,41,27.6,95,C6816,OP0514,12.709242,80.379229,Overdue,96,Running,S137,Active,Normal,0
EQ00738,Excavator,S127,6.8,1.2,94,20.9,88,C1793,OP0931,12.973074,80.349425,Good,85,Running,S127,Active,Normal,0
EQ00739,Excavator,S120,9.9,0.3,77,31.7,91,C3904,OP0645,13.168452,80.347736,Good,80,Running,S120,Active,Normal,0
EQ00740,Motor Grader,S013,5.6,1.8,36,19.4,90,C3509,OP0611,13.195035,80.346957,Good,82,Running,S013,Expired,Contract Expired,1
EQ00741,Bulldozer,S131,10.6,2.0,83,15.4,97,C4799,OP0857,13.192997,80.214672,Good,91,Running,S131,Active,Normal,0
EQ00742,Wheel Loader,S008,6.6,2.4,52,15.4,86,C6980,OP0864,13.213523,80.052487,Good,73,Running,S008,Active,Normal,0
EQ00743,Backhoe Loader,S122,6.3,1.9,85,12.7,91,C9292,OP0770,13.206708,80.016449,Good,91,Running,S122,Active,Normal,0
EQ00744,Bulldozer,S014,5.8,2.6,90,35.0,86,C9892,OP0148,13.219063,80.245943,Good,81,Running,S014,Active,Normal,0
EQ00745,Excavator,S145,5.3,1.4,51,32.0,100,C7548,OP0242,12.723385,80.069975,Good,81,Running,S145,Active,Normal,0
EQ00746,Skid Steer Loader,S088,6.9,0.7,92,39.8,90,C8084,OP0362,13.296646,80.286191,Good,88,Running,S088,Active,Normal,0
EQ00747,Excavator,S113,10.4,1.4,57,34.6,86,C9999,OP0716,13.024743,80.020825,Good,66,Running,S113,Active,Normal,0
EQ00748,Wheel Loader,S071,8.5,2.2,74,27.1,82,C5430,OP0824,13.042842,80.091787,Good,98,Running,S071,Active,Normal,0
EQ00749,Backhoe Loader,S056,6.2,2.8,88,34.5,89,C3279,OP0366,12.766713,80.073538,Good,71,Running,S056,Active,Normal,0
EQ00750,Skid Steer Loader,S056,7.9,2.1,82,32.5,89,C2072,OP0320,12.98046,80.237868,Due Soon,77,Running,S056,Active,Normal,0
EQ00751,Excavator,S078,7.7,2.4,65,38.1,98,C2340,OP0880,12.718063,80.051194,Good,92,Running,S078,Active,Normal,0
EQ00752,Dump Truck,S130,9.5,0.1,81,36.5,82,C1179,OP0858,12.86066,80.357831,Good,80,Running,S130,Active,Normal,0
EQ00753,Backhoe Loader,S017,7.8,2.2,69,20.6,84,C2433,OP0331,12.761326,80.317194,Good,91,Running,S017,Active,Normal,0
EQ00754,Excavator,S120,10.2,1.2,70,33.4,81,C7915,OP0672,12.774107,80.166352,Good,97,Running,S120,Active,Normal,0
EQ00755,Motor Grader,S077,8.7,2.6,65,18.5,86,C1268,OP0553,12.908714,80.375336,Good,72,Running,S077,Active,Normal,0
EQ00756,Skid Steer Loader,S111,10.5,2.9,75,18.8,83,C4932,OP0941,12.751789,80.171979,Good,77,Running,S111,Active,Normal,0
EQ00757,Backhoe Loader,S143,6.6,2.3,88,29.4,96,C9107,OP0929,13.121082,80.096437,Good,88,Running,S056,Active,Wrong Site,1
EQ00758,Bulldozer,S107,7.8,1.3,69,35.9,98,C2750,OP0531,13.078988,80.034328,Good,74,Running,S107,Active,Normal,0
EQ00759,Skid Steer Loader,S022,10.7,0.8,48,27.8,85,C6794,,12.858762,79.967666,Good,95,Running,S022,Active,Missing Operator,1
EQ00760,Motor Grader,S054,6.5,2.7,70,33.6,80,C6252,OP0250,12.889974,80.024279,Good,77,Running,S054,Active,Normal,0
EQ00761,Motor Grader,S024,5.6,2.3,36,24.5,91,C4294,OP0068,13.046147,80.144886,Good,90,Running,S024,Active,Normal,0
EQ00762,Wheel Loader,S005,9.8,2.2,74,29.9,90,C9881,OP1051,13.247634,80.210529,Good,93,Running,S005,Active,Normal,0
EQ00763,Backhoe Loader,S057,0.5,22.0,88,12.4,94,C9147,OP0415,12.778273,80.368544,Good,5,Idle,S057,Active,High Idle,1
EQ00764,Backhoe Loader,S009,5.4,0.5,77,31.1,94,C6401,OP0366,13.296572,80.235402,Good,79,Running,S009,Active,Normal,0
EQ00765,Bulldozer,S041,7.4,1.2,76,165.0,82,C2597,OP0476,13.257621,80.091076,Good,98,Running,S041,Active,Distance Spike,1
EQ00766,Wheel Loader,S109,7.9,2.1,53,32.3,87,C5118,OP0571,13.236502,79.951289,Due Soon,70,Running,S109,Active,Normal,0
EQ00767,Motor Grader,S118,8.4,3.0,48,38.1,95,C4001,OP0821,13.190235,79.996097,Good,80,Running,S118,Active,Normal,0
EQ00768,Excavator,S147,5.4,2.3,75,16.5,98,C2826,OP0102,12.931971,80.210643,Good,88,Running,S147,Active,Normal,0
EQ00769,Excavator,S122,10.5,1.4,45,18.5,93,C6202,OP0370,13.267456,80.388961,Due Soon,95,Running,S122,Active,Normal,0
EQ00770,Motor Grader,S010,10.4,16.0,93,28.8,99,C2846,OP0968,13.100598,80.077471,Good,8,Idle,S010,Active,Low Utilization,1
EQ00771,Motor Grader,S134,6.8,1.4,83,24.0,88,C4977,OP0450,12.716352,79.95608,Good,73,Running,S134,Active,Normal,0
EQ00772,Bulldozer,S147,10.2,1.7,59,17.6,100,C1664,OP0438,12.780399,80.381111,Good,89,Running,S147,Active,Normal,0
EQ00773,Backhoe Loader,S050,10.4,0.2,94,35.7,87,C6040,OP0306,13.005993,80.325863,Good,77,Running,S050,Active,Normal,0
EQ00774,Dump Truck,S077,9.7,16.0,59,15.1,90,C5027,OP0330,13.011407,80.170165,Good,8,Idle,S077,Active,Low Utilization,1
EQ00775,Wheel Loader,S070,8.6,2.8,51,20.3,81,C5559,OP1071,13.270642,80.245593,Good,89,Running,S070,Active,Normal,0
EQ00776,Skid Steer Loader,S024,6.8,1.1,65,34.7,80,C8481,OP0133,12.917457,80.149364,Good,67,Running,S024,Active,Normal,0
EQ00777,Dump Truck,S027,6.1,0.4,55,34.2,91,C5052,OP1076,13.108889,80.225508,Good,95,Running,S027,Active,Normal,0
EQ00778,Bulldozer,S058,5.0,1.7,53,39.3,88,C3562,OP0077,13.326798,80.151061,Good,97,Running,S058,Active,Normal,0
EQ00779,Wheel Loader,S044,7.6,2.3,64,21.7,99,C9961,OP1049,13.315933,80.159916,Due Soon,91,Running,S044,Active,Normal,0
EQ00780,Backhoe Loader,S058,8.9,2.3,44,30.3,83,C2178,OP0138,13.274991,80.267672,Good,71,Running,S058,Active,Normal,0
EQ00781,Bulldozer,S012,5.4,0.3,37,22.6,93,C1393,OP0669,12.786475,80.056162,Good,90,Running,S012,Active,Normal,0
EQ00782,Excavator,S145,5.6,0.2,89,34.4,81,C4898,OP0980,13.278245,80.215966,Good,67,Running,S145,Active,Normal,0
EQ00783,Skid Steer Loader,S053,8.3,1.1,81,20.0,93,C4038,OP1080,13.183718,79.995617,Due Soon,84,Running,S053,Active,Normal,0
EQ00784,Backhoe Loader,S023,6.4,2.0,37,16.6,90,C6300,OP0428,13.262224,80.018124,Good,96,Running,S023,Active,Normal,0
EQ00785,Bulldozer,S066,11.0,2.4,35,32.9,85,C5054,OP0290,13.126775,80.389044,Due Soon,73,Running,S066,Active,Normal,0
EQ00786,Motor Grader,S082,6.5,0.8,90,15.5,94,C4465,OP0263,13.012592,80.008075,Good,84,Running,S082,Active,Normal,0
EQ00787,Wheel Loader,S033,9.9,1.7,77,32.8,90,C9091,OP0518,13.113287,80.01165,Good,74,Running,S033,Active,Normal,0
EQ00788,Excavator,S069,7.2,2.3,57,165.0,84,C2717,OP0401,13.139145,80.17958,Due Soon,98,Running,S069,Active,Distance Spike,1
EQ00789,Bulldozer,S064,5.4,2.1,63,22.6,94,C4231,OP0250,13.078389,80.396104,Good,73,Running,S064,Active,Normal,0
EQ00790,Wheel Loader,S139,8.6,2.4,63,18.9,86,C2245,OP0365,12.789523,80.262583,Due Soon,96,Running,S139,Active,Normal,0
EQ00791,Bulldozer,S017,5.4,1.0,35,23.4,86,C2992,OP0012,12.86604,80.169801,Good,94,Running,S017,Active,Normal,0
EQ00792,Backhoe Loader,S032,8.8,0.8,57,35.3,98,C1721,OP1009,13.26996,80.158299,Good,84,Running,S032,Active,Normal,0
EQ00793,Excavator,S064,5.0,2.5,56,36.5,88,C8603,OP0921,13.204049,80.05423,Good,79,Running,S064,Active,Normal,0
EQ00794,Wheel Loader,S147,10.7,2.3,45,24.3,95,C7825,OP1137,12.793438,80.052383,Due Soon,80,Running,S147,Active,Normal,0
EQ00795,Excavator,S076,6.9,2.2,91,29.0,98,C2804,OP0492,12.738418,80.291977,Good,93,Running,S076,Active,Normal,0
EQ00796,Excavator,S123,6.6,0.5,69,34.3,97,C3600,OP0459,12.811354,80.314267,Good,70,Running,S123,Active,Normal,0
EQ00797,Backhoe Loader,S083,10.9,2.5,69,34.8,82,C5713,OP0304,13.26526,80.122307,Due Soon,88,Running,S083,Active,Normal,0
EQ00798,Motor Grader,S120,5.9,1.0,88,29.7,82,C9405,OP0031,13.180384,80.08084,Due Soon,93,Running,S120,Active,Normal,0
EQ00799,Bulldozer,S086,6.8,1.4,70,29.6,83,C6390,OP0236,13.095752,80.316065,Good,90,Running,S086,Active,Normal,0
EQ00800,Bulldozer,S107,6.5,2.1,60,29.6,96,C9342,OP0217,12.981579,80.34941,Good,92,Running,S107,Active,Normal,0
EQ00801,Backhoe Loader,S028,9.3,2.2,95,165.0,80,C8645,OP0247,12.830135,80.098519,Due Soon,98,Running,S028,Active,Distance Spike,1
EQ00802,Bulldozer,S065,7.8,2.5,36,18.2,91,C9636,OP0310,12.963962,80.017917,Good,70,Running,S065,Active,Normal,0
EQ00803,Wheel Loader,S033,5.8,1.8,65,27.8,83,C6631,OP1131,13.259387,80.076788,Good,80,Running,S033,Active,Normal,0
EQ00804,Skid Steer Loader,S146,7.2,0.2,53,31.1,85,C3576,OP0426,12.700053,80.109677,Good,71,Running,S146,Active,Normal,0
EQ00805,Bulldozer,S100,9.5,1.3,70,33.8,92,C2824,OP0407,12.997153,80.259276,Good,83,Running,S100,Active,Normal,0
EQ00806,Excavator,S041,7.5,2.6,88,26.2,85,C6208,OP0204,13.08326,80.319676,Good,67,Running,S041,Active,Normal,0
EQ00807,Skid Steer Loader,S016,7.9,0.8,71,39.3,84,C9523,OP0328,13.021788,80.134758,Good,89,Running,S016,Active,Normal,0
EQ00808,Bulldozer,S150,5.9,0.0,66,20.9,92,C4676,OP0858,12.912915,80.187912,Good,67,Running,S150,Active,Normal,0
EQ00809,Dump Truck,S121,6.2,2.2,56,37.6,87,C5039,OP0629,13.185674,80.372747,Good,68,Running,S121,Active,Normal,0
EQ00810,Backhoe Loader,S147,8.7,2.5,67,23.4,92,C3182,OP0523,12.966572,79.974703,Good,86,Running,S147,Active,Normal,0
EQ00811,Bulldozer,S094,8.4,0.5,85,29.2,81,C5162,OP0849,13.284491,80.213281,Good,75,Running,S094,Active,Normal,0
EQ00812,Backhoe Loader,S046,6.7,2.4,93,23.6,91,C8309,OP0267,13.128378,80.148307,Good,70,Running,S046,Active,Normal,0
EQ00813,Dump Truck,S081,9.0,2.7,84,22.3,94,C7196,OP0115,13.275095,80.214825,Due Soon,66,Running,S081,Active,Normal,0
EQ00814,Motor Grader,S077,8.7,0.3,40,14.4,96,C5319,OP0232,13.109741,80.256732,Due Soon,69,Running,S077,Active,Normal,0
EQ00815,Backhoe Loader,S112,8.8,1.3,84,16.1,100,C9105,OP0037,12.873952,80.398453,Good,97,Running,S112,Active,Normal,0
EQ00816,Dump Truck,S106,6.6,1.7,64,28.7,85,C7655,OP0200,13.012768,79.974404,Good,85,Running,S106,Expired,Contract Expired,1
EQ00817,Dump Truck,S010,9.4,0.2,5,18.0,92,C9840,OP0461,13.226013,80.274161,Due Soon,97,Running,S010,Active,Fuel Anomaly,1
EQ00818,Dump Truck,S036,9.3,2.5,52,34.6,97,C3202,OP1063,13.33339,80.347298,Good,85,Running,S036,Active,Normal,0
EQ00819,Dump Truck,S010,10.1,1.6,52,19.6,91,C4861,OP0733,13.228719,79.975544,Good,86,Running,S010,Active,Normal,0
EQ00820,Bulldozer,S094,7.1,0.4,62,17.8,90,C2995,OP0613,12.741832,80.094995,Good,85,Running,S094,Active,Normal,0
EQ00821,Bulldozer,S046,5.5,0.5,75,19.3,28,C7263,OP0387,13.042192,80.299983,Overdue,95,Maintenance,S046,Active,Maintenance Overdue,1
EQ00822,Motor Grader,S120,5.1,0.6,47,17.3,92,C4672,OP0345,13.215699,80.392015,Good,93,Running,S120,Active,Normal,0
EQ00823,Backhoe Loader,S045,7.5,2.6,55,24.2,97,C2068,OP0240,12.93484,80.218825,Good,83,Running,S045,Active,Normal,0
EQ00824,Dump Truck,S038,10.5,2.3,94,30.9,83,C2632,OP1114,13.182189,80.191927,Good,67,Running,S038,Active,Normal,0
EQ00825,Skid Steer Loader,S031,9.0,2.1,92,28.7,98,C8075,OP0388,13.081566,80.054108,Good,79,Running,S031,Active,Normal,0
EQ00826,Excavator,S065,6.0,1.7,48,36.5,94,C4876,OP1149,12.867094,80.161267,Good,96,Running,S065,Active,Normal,0
EQ00827,Excavator,S095,10.6,2.4,72,15.4,89,C5764,OP0859,13.007128,80.28827,Good,83,Running,S095,Active,Normal,0
EQ00828,Backhoe Loader,S082,10.1,0.1,72,13.6,100,C9578,OP0520,13.04042,79.977709,Good,98,Running,S082,Active,Normal,0
EQ00829,Excavator,S148,6.9,1.1,64,23.3,84,C6322,OP0878,12.707672,80.249255,Overdue,73,Running,S148,Active,Normal,0
EQ00830,Skid Steer Loader,S095,8.0,0.7,94,12.3,88,C2125,OP0568,13.256681,80.297954,Good,87,Running,S095,Active,Normal,0
EQ00831,Skid Steer Loader,S068,6.0,1.3,72,17.3,80,C5869,OP1132,13.177943,79.995295,Good,85,Running,S068,Active,Normal,0
EQ00832,Motor Grader,S045,10.8,1.5,58,14.9,90,C3461,OP1008,12.806912,80.128234,Good,89,Running,S045,Active,Normal,0
EQ00833,Backhoe Loader,S136,8.4,1.8,41,37.0,92,C9606,OP0137,13.306411,80.135507,Due Soon,95,Running,S136,Active,Normal,0
EQ00834,Excavator,S008,10.6,2.1,60,18.7,97,C2418,OP0240,12.930246,80.07319,Due Soon,66,Running,S008,Active,Normal,0
EQ00835,Wheel Loader,S101,6.7,2.4,76,37.6,81,C4498,OP0701,13.343601,80.248904,Due Soon,73,Running,S101,Active,Normal,0
EQ00836,Motor Grader,S124,10.6,2.7,79,165.0,82,C4226,OP0647,13.103713,80.317656,Good,98,Running,S124,Active,Distance Spike,1
EQ00837,Excavator,S037,5.9,0.5,46,13.4,97,C8476,OP1089,12.882133,80.035142,Good,96,Running,S037,Active,Normal,0
EQ00838,Dump Truck,S019,10.1,1.7,95,40.0,83,C5313,OP0130,13.339341,80.082522,Good,79,Running,S019,Active,Normal,0
EQ00839,Dump Truck,S094,5.2,1.9,43,32.0,94,C5146,OP0151,12.870879,80.233688,Good,68,Running,S094,Active,Normal,0
EQ00840,Dump Truck,S108,9.2,0.2,68,26.3,80,C6087,OP0812,13.217353,80.045081,Good,90,Running,S108,Active,Normal,0
EQ00841,Excavator,S111,9.8,1.3,85,13.0,83,C8858,OP0802,13.037748,80.319961,Due Soon,72,Running,S111,Active,Normal,0
EQ00842,Motor Grader,S005,8.2,2.4,43,27.1,86,C6787,OP0760,13.238268,80.050158,Due Soon,98,Running,S005,Active,Normal,0
EQ00843,Motor Grader,S082,10.0,2.2,50,29.7,83,C3167,OP0120,12.966679,80.26087,Good,88,Running,S082,Active,Normal,0
EQ00844,Skid Steer Loader,S049,9.8,1.9,5,18.0,96,C4439,OP0900,12.90625,80.029066,Good,78,Running,S049,Active,Fuel Anomaly,1
EQ00845,Skid Steer Loader,S111,5.9,2.3,35,30.7,91,C3826,OP0152,13.013388,80.025586,Due Soon,67,Running,S111,Active,Normal,0
EQ00846,Skid Steer Loader,S008,6.5,2.0,77,22.0,90,C9020,OP0196,13.030715,80.273481,Due Soon,76,Running,S008,Active,Normal,0
EQ00847,Wheel Loader,S110,10.1,0.1,80,25.1,98,C7881,OP0246,12.947038,80.282238,Good,70,Running,S110,Active,Normal,0
EQ00848,Bulldozer,S026,5.8,0.3,64,15.0,80,C2217,OP1194,12.727231,80.377373,Good,90,Running,S026,Active,Normal,0
EQ00849,Skid Steer Loader,S009,8.6,2.3,78,22.1,90,C9196,OP0461,12.925197,80.327877,Good,71,Running,S009,Active,Normal,0
EQ00850,Dump Truck,S141,9.3,1.0,58,36.4,95,C5957,OP0463,12.945069,80.27033,Good,72,Running,S141,Active,Normal,0
EQ00851,Wheel Loader,S066,8.7,0.4,39,14.8,82,C4201,OP0548,13.330434,80.33936,Good,70,Running,S066,Active,Normal,0
EQ00852,Backhoe Loader,S067,8.5,1.3,48,36.3,80,C7881,OP0621,12.912112,80.332428,Due Soon,82,Running,S067,Active,Normal,0
EQ00853,Wheel Loader,S032,5.0,0.9,92,23.5,82,C4946,OP0540,13.125672,80.144497,Good,71,Running,S032,Active,Normal,0
EQ00854,Excavator,S124,9.9,0.8,64,28.0,91,C8672,OP0841,13.277353,80.148991,Due Soon,86,Running,S124,Active,Normal,0
EQ00855,Dump Truck,S056,6.7,2.4,70,27.1,94,C6267,,13.348954,80.029271,Good,87,Running,S056,Active,Missing Operator,1
EQ00856,Dump Truck,S139,5.9,2.2,36,16.2,84,C6019,OP0957,12.934863,80.39334,Good,72,Running,S139,Active,Normal,0
EQ00857,Motor Grader,S128,5.0,1.7,56,33.6,100,C5472,OP0254,13.003581,79.975897,Good,98,Running,S128,Active,Normal,0
EQ00858,Motor Grader,S094,8.8,1.4,81,13.7,94,C8540,OP0632,13.005497,80.384648,Due Soon,90,Running,S094,Active,Normal,0
EQ00859,Motor Grader,S027,5.5,1.8,59,37.6,83,C2824,OP0142,12.812973,80.312336,Good,72,Running,S027,Active,Normal,0
EQ00860,Dump Truck,S008,6.4,1.4,38,27.8,92,C2796,OP0919,13.31031,80.383079,Good,73,Running,S008,Active,Normal,0
EQ00861,Skid Steer Loader,S150,9.4,0.4,36,33.3,88,C5806,OP0407,13.251399,80.360886,Good,90,Running,S150,Active,Normal,0
EQ00862,Bulldozer,S060,8.7,1.1,60,24.5,91,C5918,OP1045,13.043047,80.125854,Good,70,Running,S060,Active,Normal,0
EQ00863,Bulldozer,S058,7.7,2.0,58,28.7,99,C2536,OP0935,13.330372,80.372636,Due Soon,79,Running,S058,Active,Normal,0
EQ00864,Excavator,S137,10.0,0.0,73,37.3,82,C6522,OP0768,13.157919,80.139896,Good,75,Running,S137,Active,Normal,0
EQ00865,Dump Truck,S075,9.3,2.8,95,34.7,97,C6934,OP0484,13.249742,80.371867,Good,78,Running,S075,Active,Normal,0
EQ00866,Motor Grader,S090,7.6,0.2,44,22.1,99,C9129,OP0634,13.025575,79.985543,Good,67,Running,S090,Active,Normal,0
EQ00867,Dump Truck,S059,10.8,2.1,44,34.2,93,C9087,OP0771,13.217742,80.191446,Good,83,Running,S059,Active,Normal,0
EQ00868,Backhoe Loader,S031,10.8,0.6,57,20.4,94,C5501,OP0434,13.276804,80.212238,Good,79,Running,S031,Active,Normal,0
EQ00869,Motor Grader,S103,6.3,2.6,38,20.0,89,C2327,OP0662,13.012059,80.21044,Due Soon,98,Running,S103,Active,Normal,0
EQ00870,Bulldozer,S129,10.4,2.5,95,28.6,86,C1854,OP0566,12.932748,80.352404,Good,85,Running,S129,Active,Normal,0
EQ00871,Backhoe Loader,S025,6.2,0.3,46,14.8,97,C5693,OP0706,12.839464,80.277376,Good,67,Running,S025,Active,Normal,0
EQ00872,Dump Truck,S110,9.4,0.7,51,12.6,84,C9080,OP0213,13.254826,80.301641,Good,97,Running,S110,Active,Normal,0
EQ00873,Wheel Loader,S015,7.3,0.3,91,27.1,92,C2813,OP0518,13.016946,80.066957,Overdue,67,Running,S015,Active,Normal,0
EQ00874,Skid Steer Loader,S065,5.3,2.7,84,32.2,97,C1084,OP1039,13.016273,80.28097,Good,67,Running,S065,Active,Normal,0
EQ00875,Bulldozer,S131,10.2,2.4,52,18.9,89,C7352,OP0796,12.819823,80.292426,Good,93,Running,S131,Active,Normal,0
EQ00876,Excavator,S137,6.9,1.5,76,14.5,83,C6783,OP0158,12.815973,80.020113,Good,79,Running,S137,Active,Normal,0
EQ00877,Wheel Loader,S005,10.6,2.0,85,28.4,93,C9857,OP0561,13.079317,80.223827,Good,96,Running,S005,Active,Normal,0
EQ00878,Motor Grader,S030,6.6,0.9,69,35.4,80,C5962,OP0863,13.150488,80.040332,Good,84,Running,S030,Active,Normal,0
EQ00879,Bulldozer,S105,6.3,2.4,86,32.1,84,C5027,OP0346,12.918982,80.333768,Good,78,Running,S105,Active,Normal,0
EQ00880,Dump Truck,S122,10.1,0.4,63,21.9,86,C4133,OP0548,13.194547,80.377476,Due Soon,65,Running,S122,Active,Normal,0
EQ00881,Excavator,S128,9.5,2.3,78,19.8,95,C4996,OP0033,13.13347,79.95621,Good,81,Running,S128,Active,Normal,0
EQ00882,Motor Grader,S148,9.0,2.5,77,33.2,100,C2942,OP0067,12.780641,80.130139,Good,67,Running,S148,Active,Normal,0
EQ00883,Dump Truck,S096,8.2,1.1,67,13.8,89,C6068,OP0252,13.015897,80.395621,Due Soon,86,Running,S096,Active,Normal,0
EQ00884,Wheel Loader,S032,7.6,0.1,69,24.6,98,C1323,OP0592,12.884855,80.352666,Good,68,Running,S032,Active,Normal,0
EQ00885,Skid Steer Loader,S117,6.7,0.6,93,17.6,99,C5116,OP0188,13.323027,80.316531,Good,95,Running,S117,Active,Normal,0
EQ00886,Backhoe Loader,S031,5.0,0.5,93,14.7,93,C7375,OP0182,13.138954,80.290506,Good,91,Running,S031,Active,Normal,0
EQ00887,Skid Steer Loader,S105,6.9,2.9,50,37.0,80,C1001,OP0202,13.273919,80.032941,Good,85,Running,S105,Active,Normal,0
EQ00888,Motor Grader,S109,7.9,1.9,46,22.1,93,C2787,OP0025,13.172115,80.207757,Good,81,Running,S109,Active,Normal,0
EQ00889,Backhoe Loader,S043,6.4,0.0,79,35.9,99,C5032,OP0407,12.732254,80.014082,Good,75,Running,S043,Active,Normal,0
EQ00890,Skid Steer Loader,S043,6.3,1.3,48,27.9,100,C5529,OP0127,12.823941,80.0119,Good,91,Running,S043,Active,Normal,0
EQ00891,Wheel Loader,S047,8.8,3.0,83,13.7,97,C8768,OP1080,13.140791,80.156851,Good,91,Running,S047,Active,Normal,0
EQ00892,Backhoe Loader,S116,10.5,2.7,69,16.4,86,C6222,OP0920,12.853945,80.250513,Good,92,Running,S116,Active,Normal,0
EQ00893,Wheel Loader,S132,6.2,1.2,51,27.8,83,C7306,OP0215,12.863014,80.374693,Overdue,67,Running,S132,Active,Normal,0
EQ00894,Motor Grader,S036,7.8,2.7,75,12.9,99,C7127,OP0168,12.868307,80.11863,Good,89,Running,S036,Active,Normal,0
EQ00895,Skid Steer Loader,S010,9.7,1.8,60,19.8,85,C6148,OP0865,13.195085,80.16234,Good,87,Running,S010,Expired,Contract Expired,1
EQ00896,Skid Steer Loader,S075,9.9,0.8,39,32.7,83,C4298,OP1021,12.923723,80.358582,Good,79,Running,S075,Active,Normal,0
EQ00897,Wheel Loader,S028,5.2,0.1,63,21.8,83,C5935,OP0761,13.297811,80.289661,Good,73,Running,S028,Active,Normal,0
EQ00898,Excavator,S050,9.4,1.5,42,24.5,92,C8716,OP0647,13.163855,80.109209,Good,67,Running,S050,Active,Normal,0
EQ00899,Backhoe Loader,S044,8.3,0.0,67,33.4,95,C8074,OP1058,12.750601,79.979864,Due Soon,73,Running,S044,Active,Normal,0
EQ00900,Backhoe Loader,S053,0.5,22.0,76,34.0,88,C9810,OP1184,12.904679,80.101366,Good,5,Idle,S053,Active,High Idle,1
EQ00901,Skid Steer Loader,S025,10.7,0.5,44,36.0,91,C1291,OP0412,13.163325,80.195349,Good,72,Running,S025,Active,Normal,0
EQ00902,Bulldozer,S086,6.8,2.1,69,13.9,95,C4962,OP0974,12.774352,80.107787,Good,75,Running,S086,Active,Normal,0
EQ00903,Dump Truck,S145,9.3,2.3,45,30.3,95,C5230,OP0028,12.826316,80.399828,Good,82,Running,S145,Active,Normal,0
EQ00904,Dump Truck,S128,8.3,1.1,46,165.0,86,C5699,OP0875,13.227452,80.184483,Good,98,Running,S128,Active,Distance Spike,1
EQ00905,Wheel Loader,S145,9.7,1.9,70,13.1,97,C3940,OP0023,12.902276,80.045425,Good,98,Running,S145,Active,Normal,0
EQ00906,Wheel Loader,S147,8.8,2.3,61,16.1,83,C1938,OP0026,13.11396,80.370267,Good,89,Running,S147,Active,Normal,0
EQ00907,Skid Steer Loader,S061,7.5,2.9,76,14.5,95,C4802,OP0819,12.916464,80.12005,Good,76,Running,S061,Active,Normal,0
EQ00908,Backhoe Loader,S076,5.9,2.3,74,33.5,96,C8421,OP0493,13.163367,80.231887,Due Soon,92,Running,S076,Active,Normal,0
EQ00909,Dump Truck,S150,9.9,0.3,65,37.1,91,C1244,OP0865,13.031651,79.960879,Good,73,Running,S150,Active,Normal,0
EQ00910,Dump Truck,S010,9.5,2.0,86,20.4,86,C8382,OP0028,13.061225,80.020948,Overdue,91,Running,S010,Active,Normal,0
EQ00911,Backhoe Loader,S119,5.3,0.3,67,40.0,81,C4439,OP0647,12.835956,80.044958,Due Soon,85,Running,S119,Active,Normal,0
EQ00912,Excavator,S065,7.0,2.2,89,17.2,90,C9487,OP0902,12.86117,80.156951,Good,76,Running,S065,Active,Normal,0
EQ00913,Motor Grader,S002,0.5,22.0,66,34.0,88,C8470,OP0669,13.16634,79.975981,Good,5,Idle,S002,Active,High Idle,1
EQ00914,Excavator,S141,5.4,2.1,95,30.5,90,C3684,OP0615,13.286259,80.089486,Good,94,Running,S141,Active,Normal,0
EQ00915,Dump Truck,S074,8.0,2.4,42,23.6,89,C5057,OP0187,13.19553,80.218029,Good,91,Running,S074,Active,Normal,0
EQ00916,Dump Truck,S051,10.8,1.3,45,32.0,87,C3482,OP0603,13.205806,80.231522,Good,91,Running,S051,Active,Normal,0
EQ00917,Bulldozer,S118,10.6,1.2,86,34.2,81,C9875,OP0188,13.118469,80.128398,Good,66,Running,S118,Active,Normal,0
EQ00918,Skid Steer Loader,S100,10.1,1.7,93,15.4,94,C8797,OP0677,13.133324,80.100665,Due Soon,80,Running,S100,Active,Normal,0
EQ00919,Backhoe Loader,S034,9.8,1.0,79,12.6,96,C6174,OP1030,13.172385,80.218054,Good,73,Running,S034,Active,Normal,0
EQ00920,Dump Truck,S042,10.8,0.7,58,25.5,99,C8734,OP1118,13.275359,80.222652,Good,69,Running,S042,Active,Normal,0
EQ00921,Backhoe Loader,S134,6.1,2.4,82,29.0,99,C1243,OP0125,12.852234,80.147934,Good,86,Running,S134,Active,Normal,0
EQ00922,Dump Truck,S128,7.5,2.8,63,31.0,93,C3667,OP0055,12.936181,80.17579,Good,83,Running,S128,Active,Normal,0
EQ00923,Backhoe Loader,S019,6.5,0.9,44,22.2,86,C4887,OP1040,13.22604,79.976938,Due Soon,65,Running,S019,Active,Normal,0
EQ00924,Bulldozer,S048,10.2,2.9,38,25.7,82,C5803,OP1187,12.78358,80.136921,Due Soon,70,Running,S048,Active,Normal,0
EQ00925,Bulldozer,S048,7.5,2.8,69,33.6,86,C8447,OP0277,12.969883,80.28035,Good,85,Running,S048,Active,Normal,0
EQ00926,Skid Steer Loader,S004,9.3,2.9,90,17.6,82,C5262,OP0567,12.753615,80.221753,Good,66,Running,S004,Active,Normal,0
EQ00927,Skid Steer Loader,S057,8.5,1.0,89,16.2,84,C9377,OP0113,13.229963,80.316711,Good,98,Running,S057,Active,Normal,0
EQ00928,Excavator,S073,9.1,2.1,39,15.3,81,C7167,OP0921,13.251734,79.958949,Good,77,Running,S073,Active,Normal,0
EQ00929,Dump Truck,S007,6.3,1.4,64,24.5,83,C3818,OP0798,13.132842,80.084185,Good,87,Running,S007,Active,Normal,0
EQ00930,Backhoe Loader,S116,9.4,0.1,74,15.7,84,C9160,OP0770,12.728585,80.322515,Due Soon,66,Running,S116,Active,Normal,0
EQ00931,Dump Truck,S121,5.3,2.4,95,21.4,94,C6450,OP0272,12.747873,80.290682,Good,65,Running,S121,Active,Normal,0
EQ00932,Motor Grader,S010,6.0,0.9,91,33.6,94,C6909,OP1043,13.149389,80.252637,Good,96,Running,S010,Active,Normal,0
EQ00933,Backhoe Loader,S112,10.3,1.4,35,38.4,94,C9646,OP0592,12.727894,80.114968,Good,79,Running,S112,Active,Normal,0
EQ00934,Motor Grader,S076,6.0,1.3,75,24.4,86,C9161,OP0284,13.346884,80.366301,Good,69,Running,S076,Active,Normal,0
EQ00935,Skid Steer Loader,S034,8.8,1.7,40,16.4,98,C9068,OP1143,12.775081,80.34069,Due Soon,70,Running,S034,Active,Normal,0
EQ00936,Skid Steer Loader,S006,10.6,1.7,41,39.3,83,C4175,OP0846,12.922739,80.358667,Good,83,Running,S006,Active,Normal,0
EQ00937,Bulldozer,S076,9.8,2.0,66,20.1,94,C2920,OP0199,13.179611,80.011062,Good,96,Running,S076,Active,Normal,0
EQ00938,Dump Truck,S011,9.3,0.4,35,30.5,96,C3904,OP1197,13.228546,80.288652,Good,72,Running,S011,Active,Normal,0
EQ00939,Skid Steer Loader,S060,9.2,1.0,49,25.8,100,C3930,OP0830,12.761823,80.34514,Good,80,Running,S060,Active,Normal,0
EQ00940,Skid Steer Loader,S130,6.6,1.1,84,38.6,95,C9329,OP0830,12.714358,80.060813,Good,97,Running,S130,Active,Normal,0
EQ00941,Bulldozer,S130,10.8,1.3,37,37.1,100,C2199,OP0174,12.759447,80.072137,Good,81,Running,S130,Active,Normal,0
EQ00942,Backhoe Loader,S123,9.3,1.1,91,14.0,92,C6177,OP0909,13.046444,80.008759,Due Soon,91,Running,S123,Active,Normal,0
EQ00943,Dump Truck,S005,9.6,2.1,56,17.8,88,C3971,OP0802,12.960292,79.988743,Good,71,Running,S005,Active,Normal,0
EQ00944,Dump Truck,S031,9.4,2.9,81,37.5,96,C6519,OP0233,13.31744,80.293024,Good,92,Running,S031,Active,Normal,0
EQ00945,Skid Steer Loader,S024,8.2,0.8,86,15.2,90,C7925,OP0970,13.269737,80.153108,Good,84,Running,S024,Active,Normal,0
EQ00946,Wheel Loader,S083,6.7,0.9,67,12.3,84,C5689,OP0570,12.794671,80.198289,Good,86,Running,S083,Active,Normal,0
EQ00947,Skid Steer Loader,S003,9.6,2.0,95,21.5,89,C9958,OP0978,13.344171,80.245067,Good,81,Running,S003,Active,Normal,0
EQ00948,Motor Grader,S076,6.5,1.5,45,33.1,89,C7314,OP0600,13.073244,80.214581,Good,89,Running,S076,Active,Normal,0
EQ00949,Motor Grader,S112,10.1,1.8,39,37.8,91,C2540,OP0739,13.180623,80.021234,Overdue,89,Running,S112,Active,Normal,0
EQ00950,Dump Truck,S077,5.8,2.9,70,21.9,91,C5073,OP0223,12.890386,80.173969,Good,67,Running,S077,Active,Normal,0
EQ00951,Motor Grader,S053,10.2,1.2,67,30.3,88,C8463,OP0827,12.963513,80.255827,Good,83,Running,S053,Active,Normal,0
EQ00952,Excavator,S074,5.4,0.2,69,12.5,100,C2165,OP0687,12.959358,80.112607,Good,85,Running,S074,Active,Normal,0
EQ00953,Motor Grader,S009,7.3,0.6,80,28.0,97,C9073,OP1095,13.244447,79.952721,Due Soon,98,Running,S009,Active,Normal,0
EQ00954,Excavator,S069,7.1,0.2,66,25.1,87,C7695,OP0894,13.261373,80.242803,Good,70,Running,S069,Active,Normal,0
EQ00955,Dump Truck,S125,10.9,1.4,56,22.0,81,C7598,OP0081,12.744287,79.961206,Good,87,Running,S125,Active,Normal,0
EQ00956,Dump Truck,S092,8.8,2.3,47,37.0,96,C4229,OP0150,12.704714,80.010886,Good,88,Running,S092,Active,Normal,0
EQ00957,Dump Truck,S103,8.3,2.2,67,23.9,100,C5805,OP0345,13.273931,80.063779,Good,89,Running,S103,Active,Normal,0
EQ00958,Backhoe Loader,S104,10.5,2.2,53,14.2,95,C6054,OP0919,13.147365,80.399542,Good,87,Running,S104,Active,Normal,0
EQ00959,Skid Steer Loader,S068,7.1,2.0,45,36.3,80,C4802,OP1032,12.940742,80.271705,Due Soon,78,Running,S068,Active,Normal,0
EQ00960,Motor Grader,S010,9.1,1.8,64,27.6,93,C2428,OP0735,13.321512,80.041534,Good,83,Running,S010,Active,Normal,0
EQ00961,Dump Truck,S107,6.9,0.3,35,39.4,89,C8274,OP0512,13.25688,80.348345,Good,76,Running,S107,Active,Normal,0
EQ00962,Dump Truck,S146,5.8,0.3,79,28.6,96,C3424,OP1199,12.771192,80.303835,Due Soon,80,Running,S146,Active,Normal,0
EQ00963,Skid Steer Loader,S008,5.8,1.9,70,35.9,94,C7772,OP0965,12.823584,80.311249,Good,96,Running,S008,Active,Normal,0
EQ00964,Wheel Loader,S075,6.8,16.0,90,37.3,92,C7692,OP0871,13.315477,79.973997,Overdue,8,Idle,S075,Active,Low Utilization,1
EQ00965,Skid Steer Loader,S118,9.8,0.4,55,29.7,92,C5104,OP0489,13.073624,80.362183,Good,80,Running,S118,Active,Normal,0
EQ00966,Bulldozer,S099,7.7,1.1,57,21.3,96,C5097,OP1074,13.207922,80.108603,Good,80,Running,S099,Active,Normal,0
EQ00967,Skid Steer Loader,S134,5.5,0.3,70,32.8,89,C9397,OP0551,12.852428,80.171884,Good,74,Running,S134,Active,Normal,0
EQ00968,Wheel Loader,S116,8.5,0.1,49,23.2,85,C9024,OP0741,13.017829,80.066586,Due Soon,79,Running,S116,Active,Normal,0
EQ00969,Dump Truck,S019,7.7,2.5,66,38.9,82,C6970,OP0574,13.169375,79.972009,Good,88,Running,S019,Active,Normal,0
EQ00970,Wheel Loader,S111,8.7,0.1,36,17.9,96,C2900,OP1175,13.203443,80.04851,Good,90,Running,S111,Active,Normal,0
EQ00971,Excavator,S003,8.2,1.4,75,22.9,89,C8557,OP0568,13.223595,80.15987,Good,96,Running,S003,Active,Normal,0
EQ00972,Excavator,S066,5.4,2.8,40,16.4,99,C5022,OP1179,12.874895,80.315379,Good,83,Running,S066,Active,Normal,0
EQ00973,Wheel Loader,S018,6.8,2.2,47,23.3,85,C4357,OP0978,13.322491,80.002659,Due Soon,94,Running,S018,Active,Normal,0
EQ00974,Backhoe Loader,S108,7.4,0.9,54,26.7,85,C2819,OP1124,13.248318,80.097784,Good,69,Running,S108,Active,Normal,0
EQ00975,Backhoe Loader,S018,8.1,1.9,85,37.3,87,C1594,OP0362,13.157695,80.013429,Good,93,Running,S018,Active,Normal,0
EQ00976,Wheel Loader,S045,6.6,1.1,40,26.1,86,C6952,OP0177,13.205712,80.322647,Good,65,Running,S045,Active,Normal,0
EQ00977,Motor Grader,S041,6.3,0.9,94,18.1,88,C9884,OP0586,12.890233,80.262506,Good,76,Running,S041,Active,Normal,0
EQ00978,Wheel Loader,S134,5.7,2.3,56,22.4,96,C8291,OP0529,12.793982,80.031926,Good,75,Running,S134,Active,Normal,0
EQ00979,Motor Grader,S034,7.1,0.9,85,23.6,89,C7057,OP0767,12.943355,80.100638,Good,92,Running,S034,Active,Normal,0
EQ00980,Backhoe Loader,S088,8.5,2.9,68,24.3,91,C9945,OP0869,12.971833,80.39596,Good,89,Running,S088,Active,Normal,0
EQ00981,Motor Grader,S024,9.6,1.1,94,20.2,93,C1807,OP0749,13.245313,80.378808,Good,67,Running,S024,Active,Normal,0
EQ00982,Dump Truck,S124,8.1,1.7,35,23.1,83,C5477,OP0727,13.089815,80.132457,Due Soon,81,Running,S124,Active,Normal,0
EQ00983,Wheel Loader,S106,10.8,2.9,38,37.8,86,C5290,OP0579,12.726274,80.013408,Good,78,Running,S106,Active,Normal,0
EQ00984,Dump Truck,S098,6.8,1.9,58,15.1,93,C7002,OP0784,12.934747,80.022695,Good,77,Running,S098,Active,Normal,0
EQ00985,Backhoe Loader,S027,6.5,0.1,61,16.3,99,C8448,OP0250,12.805015,80.356653,Good,97,Running,S027,Active,Normal,0
EQ00986,Excavator,S018,8.6,0.5,58,31.1,82,C3552,OP0607,12.806813,80.047051,Good,92,Running,S018,Active,Normal,0
EQ00987,Wheel Loader,S095,10.1,1.6,65,15.6,84,C3512,OP0999,13.062377,80.067255,Good,87,Running,S095,Active,Normal,0
EQ00988,Dump Truck,S098,9.8,1.8,79,24.8,85,C2879,OP0825,12.800505,80.390619,Due Soon,86,Running,S098,Active,Normal,0
EQ00989,Excavator,S125,7.1,2.6,69,19.9,90,C1144,OP0398,12.843974,80.118476,Due Soon,72,Running,S125,Active,Normal,0
EQ00990,Bulldozer,S130,7.0,1.4,84,18.6,80,C1624,OP0124,12.981028,80.14905,Good,86,Running,S130,Active,Normal,0
EQ00991,Bulldozer,S133,8.9,1.6,58,31.2,90,C1485,OP0185,13.082977,80.247852,Due Soon,81,Running,S133,Active,Normal,0
EQ00992,Bulldozer,S081,5.9,1.1,60,26.3,82,C7188,OP0781,13.235017,80.3256,Good,76,Running,S081,Active,Normal,0
EQ00993,Bulldozer,S009,10.3,1.1,88,26.1,94,C3700,OP0034,13.205174,80.064336,Good,87,Running,S009,Active,Normal,0
EQ00994,Motor Grader,S106,9.3,0.5,70,17.0,92,C6439,OP1028,13.197997,80.012681,Good,96,Running,S106,Active,Normal,0
EQ00995,Excavator,S126,9.0,1.0,92,35.5,80,C1930,OP1013,12.7252,80.258376,Good,69,Running,S126,Active,Normal,0
EQ00996,Bulldozer,S054,7.5,1.1,46,32.7,93,C7527,OP0328,13.240573,80.069135,Good,69,Running,S054,Active,Normal,0
EQ00997,Wheel Loader,S007,8.5,2.0,73,27.9,98,C4884,OP0287,13.247953,80.24185,Good,84,Running,S007,Active,Normal,0
EQ00998,Bulldozer,S035,5.8,1.4,71,16.3,89,C5644,OP0766,12.749543,80.382814,Good,71,Running,S035,Active,Normal,0
EQ00999,Bulldozer,S025,6.8,1.1,62,27.4,80,C9946,OP0413,13.242365,80.032826,Good,90,Running,S025,Active,Normal,0
EQ01000,Excavator,S128,8.5,1.2,91,21.7,98,C8040,OP0626,13.069095,80.062494,Good,87,Running,S128,Active,Normal,0
EQ01001,Motor Grader,S062,5.3,2.5,50,23.7,81,C5412,OP0226,12.893797,80.292493,Good,73,Running,S062,Active,Normal,0
EQ01002,Wheel Loader,S034,6.9,0.8,5,18.0,98,C1218,OP0070,12.794891,80.015106,Good,79,Running,S034,Active,Fuel Anomaly,1
EQ01003,Skid Steer Loader,S101,10.2,1.7,39,22.3,80,C2056,OP1132,13.127773,80.206245,Good,67,Running,S101,Active,Normal,0
EQ01004,Excavator,S037,10.5,1.5,51,17.6,93,C5215,OP0511,12.71517,80.376988,Good,72,Running,S037,Active,Normal,0
EQ01005,Bulldozer,S149,10.5,1.1,62,22.3,84,C9307,OP0889,12.835992,79.981748,Good,98,Running,S149,Active,Normal,0
EQ01006,Wheel Loader,S118,5.2,0.7,72,39.9,99,C7095,OP0139,12.750069,80.174451,Good,75,Running,S118,Active,Normal,0
EQ01007,Bulldozer,S054,7.5,2.8,58,12.9,94,C9159,OP0996,13.014292,80.141983,Good,78,Running,S054,Active,Normal,0
EQ01008,Bulldozer,S103,8.4,0.2,40,37.2,90,C7283,OP0801,13.119581,80.065447,Due Soon,89,Running,S103,Active,Normal,0
EQ01009,Backhoe Loader,S092,11.0,1.6,46,27.5,90,C7507,OP0508,13.096864,80.121554,Good,84,Running,S092,Active,Normal,0
EQ01010,Dump Truck,S134,10.8,1.8,48,32.5,82,C4546,OP0413,13.011267,80.016744,Good,98,Running,S134,Active,Normal,0
EQ01011,Excavator,S138,5.0,0.3,43,20.6,86,C1849,OP0639,12.775083,80.301054,Good,71,Running,S138,Active,Normal,0
EQ01012,Dump Truck,S018,8.5,0.2,44,15.6,89,C9304,OP1024,12.895095,80.339544,Good,84,Running,S018,Active,Normal,0
EQ01013,Wheel Loader,S101,8.8,1.0,43,22.2,83,C5317,OP0002,13.167855,80.314685,Good,81,Running,S101,Active,Normal,0
EQ01014,Motor Grader,S135,7.8,1.6,50,27.1,96,C6671,OP0860,12.912681,80.231434,Good,80,Running,S135,Active,Normal,0
EQ01015,Backhoe Loader,S055,0.5,22.0,93,20.7,94,C4575,OP0487,12.701367,80.177042,Good,5,Idle,S055,Active,High Idle,1
EQ01016,Dump Truck,S020,5.8,0.3,39,20.5,88,C1651,OP0711,13.096922,80.111011,Good,71,Running,S020,Active,Normal,0
EQ01017,Skid Steer Loader,S130,6.6,2.8,52,36.2,96,C7392,OP0442,13.048805,80.382131,Good,91,Running,S130,Active,Normal,0
EQ01018,Backhoe Loader,S096,5.4,3.0,93,27.7,87,C1577,OP1129,12.887124,80.214189,Good,68,Running,S096,Active,Normal,0
EQ01019,Excavator,S074,9.0,1.8,38,30.3,82,C7715,OP0125,12.800122,80.222238,Good,71,Running,S074,Active,Normal,0
EQ01020,Excavator,S021,7.0,1.1,56,20.7,90,C3210,OP0997,13.29167,80.315017,Good,72,Running,S021,Active,Normal,0
EQ01021,Excavator,S070,7.3,2.1,61,17.8,98,C8908,OP0187,12.897686,80.261747,Good,85,Running,S070,Active,Normal,0
EQ01022,Backhoe Loader,S002,7.4,0.6,65,32.9,98,C3041,OP0318,13.315343,80.112761,Good,93,Running,S002,Active,Normal,0
EQ01023,Excavator,S061,7.0,2.0,41,12.2,87,C5430,OP0583,13.297094,80.025525,Good,89,Running,S061,Active,Normal,0
EQ01024,Excavator,S050,10.5,1.6,50,18.7,100,C2650,OP0210,12.817606,80.272051,Due Soon,74,Running,S050,Active,Normal,0
EQ01025,Dump Truck,S105,5.7,0.2,50,19.4,81,C1210,OP0897,12.734525,80.282446,Good,74,Running,S105,Active,Normal,0
EQ01026,Bulldozer,S136,9.5,0.4,35,32.6,96,C2670,OP0126,12.731074,79.985814,Good,86,Running,S136,Active,Normal,0
EQ01027,Motor Grader,S080,9.4,2.2,35,13.9,99,C1388,OP0424,12.869431,80.376051,Good,92,Running,S080,Active,Normal,0
EQ01028,Wheel Loader,S118,6.6,1.3,69,14.1,100,C5553,OP0880,13.239619,80.081243,Good,85,Running,S118,Active,Normal,0
EQ01029,Backhoe Loader,S041,6.1,0.2,48,31.2,100,C9012,OP0877,12.82376,80.107952,Due Soon,68,Running,S041,Active,Normal,0
EQ01030,Bulldozer,S010,5.7,2.1,68,20.4,99,C7915,OP0281,12.752476,80.201384,Good,95,Running,S010,Active,Normal,0
EQ01031,Backhoe Loader,S053,6.8,2.6,70,34.9,99,C7466,OP0394,12.880955,80.110403,Good,95,Running,S053,Expired,Contract Expired,1
EQ01032,Wheel Loader,S028,5.1,2.7,73,37.3,87,C6241,OP0446,13.32974,80.394537,Good,95,Running,S028,Active,Normal,0
EQ01033,Bulldozer,S026,5.6,2.1,40,34.4,80,C7972,OP1122,12.764201,80.029939,Good,94,Running,S026,Active,Normal,0
EQ01034,Dump Truck,S134,5.6,2.3,95,25.7,85,C6888,OP0205,13.158711,80.282659,Good,92,Running,S134,Active,Normal,0
EQ01035,Bulldozer,S108,10.4,1.0,85,22.5,85,C5220,OP0690,12.702986,80.376291,Good,67,Running,S108,Active,Normal,0
EQ01036,Motor Grader,S051,10.2,2.4,91,14.2,90,C6367,OP0596,12.940282,80.35612,Good,84,Running,S051,Active,Normal,0
EQ01037,Motor Grader,S005,6.9,1.7,72,34.9,92,C4677,OP1027,12.848644,80.095603,Good,86,Running,S005,Active,Normal,0
EQ01038,Bulldozer,S080,5.3,0.7,46,37.9,90,C7422,OP0899,13.295172,80.306404,Good,73,Running,S080,Active,Normal,0
EQ01039,Backhoe Loader,S010,9.3,1.4,43,15.4,95,C9154,OP0872,13.048449,80.355213,Good,79,Running,S010,Active,Normal,0
EQ01040,Skid Steer Loader,S043,6.3,0.1,90,23.2,90,C3331,OP1196,13.317352,80.19941,Due Soon,87,Running,S043,Active,Normal,0
EQ01041,Backhoe Loader,S113,10.8,2.9,41,28.2,96,C7782,OP0018,13.060903,80.053433,Good,93,Running,S113,Active,Normal,0
EQ01042,Motor Grader,S057,7.0,2.1,44,30.3,86,C9056,OP0213,13.339272,80.349989,Good,93,Running,S057,Active,Normal,0
EQ01043,Bulldozer,S062,7.6,0.4,68,25.2,82,C9223,OP0167,13.225604,80.093133,Overdue,69,Running,S062,Active,Normal,0
EQ01044,Bulldozer,S076,7.3,2.5,63,20.8,87,C1866,OP0032,13.262408,80.083272,Good,80,Running,S076,Active,Normal,0
EQ01045,Excavator,S090,9.6,2.0,57,14.7,96,C5060,OP0380,13.134106,80.026067,Good,92,Running,S090,Active,Normal,0
EQ01046,Dump Truck,S001,7.9,0.6,73,37.7,88,C4259,OP0542,12.79038,80.335352,Good,66,Running,S001,Active,Normal,0
EQ01047,Backhoe Loader,S150,7.0,2.1,88,22.9,83,C1917,OP0965,13.14427,80.080588,Due Soon,74,Running,S150,Active,Normal,0
EQ01048,Skid Steer Loader,S109,7.1,1.4,42,20.0,81,C1161,OP0349,13.14746,80.04499,Good,67,Running,S109,Active,Normal,0
EQ01049,Wheel Loader,S042,6.0,0.4,37,33.5,89,C8452,OP0309,13.015896,80.307373,Good,96,Running,S042,Active,Normal,0
EQ01050,Motor Grader,S015,8.1,1.7,95,32.2,82,C8628,OP1081,13.143514,80.267808,Good,66,Running,S015,Active,Normal,0
EQ01051,Backhoe Loader,S027,7.7,1.0,84,14.9,91,C7947,OP0706,12.836758,80.004507,Due Soon,71,Running,S027,Active,Normal,0
EQ01052,Motor Grader,S012,6.0,2.5,42,30.9,97,C1653,OP1011,13.254767,80.12746,Good,74,Running,S012,Active,Normal,0
EQ01053,Backhoe Loader,S127,0.5,22.0,38,32.4,96,C6078,OP0747,13.228923,80.119645,Good,5,Idle,S127,Active,High Idle,1
EQ01054,Excavator,S071,9.4,2.9,53,165.0,86,C2866,OP1120,13.224378,80.040752,Good,98,Running,S071,Active,Distance Spike,1
EQ01055,Excavator,S011,7.2,0.5,70,27.8,94,C6290,OP1003,12.943162,80.314002,Good,80,Running,S011,Active,Normal,0
EQ01056,Dump Truck,S049,5.1,0.6,78,14.1,87,C6324,OP1180,13.132823,80.087866,Good,88,Running,S049,Active,Normal,0
EQ01057,Wheel Loader,S135,9.5,1.5,51,37.6,94,C6825,OP0905,12.737182,80.167388,Good,77,Running,S135,Active,Normal,0
EQ01058,Bulldozer,S106,0.5,22.0,83,30.8,94,C3597,OP0878,13.065089,79.977465,Good,5,Idle,S106,Active,High Idle,1
EQ01059,Skid Steer Loader,S067,10.8,0.6,81,27.1,89,C5163,OP0326,13.128205,80.170849,Good,74,Running,S067,Active,Normal,0
EQ01060,Motor Grader,S031,10.7,1.2,54,37.5,94,C7787,OP1120,13.233114,79.953778,Due Soon,67,Running,S031,Active,Normal,0
EQ01061,Backhoe Loader,S120,6.9,3.0,52,26.4,82,C4003,OP0980,13.278721,80.247271,Good,67,Running,S120,Active,Normal,0
EQ01062,Motor Grader,S026,5.4,0.4,55,17.2,89,C6714,OP0715,13.145165,79.957638,Good,76,Running,S026,Active,Normal,0
EQ01063,Backhoe Loader,S046,8.0,0.2,63,34.4,99,C2814,OP0506,13.134035,80.148669,Good,96,Running,S046,Active,Normal,0
EQ01064,Dump Truck,S023,7.9,2.8,40,24.1,82,C4288,OP0078,12.998658,80.065736,Good,65,Running,S023,Active,Normal,0
EQ01065,Motor Grader,S112,6.2,2.3,80,19.2,90,C7439,OP0162,13.034377,80.118282,Overdue,65,Running,S112,Active,Normal,0
EQ01066,Excavator,S142,9.3,0.4,54,19.9,90,C3780,OP0210,13.166639,80.167534,Good,89,Running,S142,Active,Normal,0
EQ01067,Backhoe Loader,S050,6.2,0.5,95,14.0,89,C7613,OP0262,13.074547,80.182568,Good,69,Running,S050,Active,Normal,0
EQ01068,Excavator,S131,7.2,0.6,46,38.7,94,C6787,OP0556,13.289462,80.341848,Good,86,Running,S131,Active,Normal,0
EQ01069,Bulldozer,S123,8.2,0.7,74,29.5,85,C5230,OP0051,12.80004,80.00944,Good,85,Running,S123,Active,Normal,0
EQ01070,Backhoe Loader,S114,8.4,1.4,69,29.0,88,C7249,OP0928,13.097031,80.001607,Good,87,Running,S114,Active,Normal,0
EQ01071,Backhoe Loader,S053,6.9,2.0,90,21.3,89,C6280,OP0479,12.738302,80.342996,Good,69,Running,S053,Active,Normal,0
EQ01072,Bulldozer,S097,7.4,1.0,84,33.3,94,C5587,OP0835,13.283261,79.974215,Good,89,Running,S097,Active,Normal,0
EQ01073,Motor Grader,S097,9.2,2.3,84,14.0,83,C3758,,12.881374,80.123518,Good,84,Running,S097,Active,Missing Operator,1
EQ01074,Wheel Loader,S005,8.1,0.9,78,30.8,80,C3843,OP0720,13.098421,80.32127,Good,71,Running,S005,Active,Normal,0
EQ01075,Bulldozer,S150,10.9,0.5,65,20.1,85,C3405,OP0187,12.777658,80.153569,Due Soon,77,Running,S150,Active,Normal,0
EQ01076,Dump Truck,S057,6.4,0.9,56,32.8,92,C9401,OP0571,13.064858,80.377454,Good,90,Running,S057,Active,Normal,0
EQ01077,Excavator,S053,8.9,0.1,70,12.2,96,C1908,OP0543,13.278427,80.339325,Good,96,Running,S053,Active,Normal,0
EQ01078,Excavator,S024,7.3,1.8,65,34.3,85,C4840,OP0843,12.904303,80.068618,Good,81,Running,S024,Active,Normal,0
EQ01079,Bulldozer,S030,9.9,0.2,36,12.3,96,C9469,OP0437,13.202033,80.211317,Good,79,Running,S030,Active,Normal,0
EQ01080,Bulldozer,S108,7.0,1.5,38,12.2,97,C6070,OP0479,13.00731,80.184247,Good,93,Running,S108,Active,Normal,0
EQ01081,Motor Grader,S017,6.6,1.8,67,31.4,97,C3798,OP0973,13.100604,80.306581,Good,71,Running,S017,Active,Normal,0
EQ01082,Dump Truck,S121,7.2,1.6,86,36.3,96,C5406,OP0699,12.701712,80.087788,Good,72,Running,S121,Active,Normal,0
EQ01083,Dump Truck,S008,10.3,2.6,55,20.8,86,C5848,OP0646,13.258356,80.184209,Good,86,Running,S008,Active,Normal,0
EQ01084,Motor Grader,S039,7.6,2.3,63,39.2,91,C4820,OP0186,13.164145,80.012733,Good,86,Running,S039,Active,Normal,0
EQ01085,Dump Truck,S130,9.3,2.3,70,28.9,85,C2491,OP0420,12.801785,80.336624,Good,80,Running,S130,Active,Normal,0
EQ01086,Skid Steer Loader,S084,6.8,1.1,66,28.5,85,C6455,OP0674,12.982146,80.297523,Good,67,Running,S084,Active,Normal,0
EQ01087,Skid Steer Loader,S062,5.2,1.4,68,24.5,94,C8384,OP0772,12.83558,80.056402,Due Soon,79,Running,S062,Active,Normal,0
EQ01088,Bulldozer,S009,9.8,0.8,64,18.4,87,C1302,OP0634,13.124055,80.398117,Due Soon,85,Running,S009,Active,Normal,0
EQ01089,Motor Grader,S123,6.4,2.6,82,23.9,96,C1178,OP1054,12.792439,80.39611,Good,83,Running,S123,Active,Normal,0
EQ01090,Skid Steer Loader,S006,5.5,1.9,48,27.2,87,C7188,OP0435,12.900262,80.131058,Good,71,Running,S006,Active,Normal,0
EQ01091,Wheel Loader,S012,10.8,0.4,43,25.7,83,C6227,OP0184,13.029544,80.084953,Good,65,Running,S012,Active,Normal,0
EQ01092,Wheel Loader,S056,10.1,2.7,79,33.4,96,C6599,OP0141,13.296797,80.130969,Good,85,Running,S056,Active,Normal,0
EQ01093,Skid Steer Loader,S058,10.4,2.0,54,28.9,98,C5037,OP0240,13.096556,79.99215,Good,88,Running,S058,Expired,Contract Expired,1
EQ01094,Excavator,S021,9.5,1.1,42,30.7,97,C8684,OP0358,12.719499,79.973151,Good,81,Running,S021,Active,Normal,0
EQ01095,Dump Truck,S105,7.0,0.8,74,13.8,83,C3202,OP0291,13.305974,80.397333,Good,97,Running,S105,Active,Normal,0
EQ01096,Excavator,S085,6.0,0.2,86,12.9,100,C2203,OP1171,12.775541,80.186961,Good,94,Running,S085,Active,Normal,0
EQ01097,Skid Steer Loader,S137,7.4,1.1,92,12.5,92,C1259,OP0760,12.787868,80.005674,Due Soon,70,Running,S137,Active,Normal,0
EQ01098,Motor Grader,S042,5.3,0.3,86,16.3,28,C7974,OP0746,12.708354,80.131171,Overdue,78,Maintenance,S042,Active,Maintenance Overdue,1
EQ01099,Excavator,S028,9.9,1.7,51,19.9,80,C7729,OP0541,12.808886,80.235419,Good,76,Running,S028,Active,Normal,0
EQ01100,Backhoe Loader,S107,7.8,1.2,44,30.8,86,C1951,OP1138,12.921674,80.20958,Due Soon,70,Running,S107,Active,Normal,0
EQ01101,Dump Truck,S061,7.2,1.4,60,20.1,89,C3299,OP0848,12.711192,80.226661,Good,73,Running,S061,Active,Normal,0
EQ01102,Motor Grader,S140,7.1,1.0,62,21.3,85,C7158,OP0379,13.261267,80.082215,Good,97,Running,S140,Active,Normal,0
EQ01103,Excavator,S089,8.8,2.2,41,12.4,100,C7483,OP0021,13.132253,80.030979,Due Soon,76,Running,S089,Active,Normal,0
EQ01104,Backhoe Loader,S039,8.7,0.5,35,27.2,83,C5933,OP0282,12.921681,80.238452,Good,83,Running,S039,Active,Normal,0
EQ01105,Skid Steer Loader,S011,8.5,0.0,82,15.1,95,C2737,OP1176,12.970936,80.025337,Good,78,Running,S011,Active,Normal,0
EQ01106,Backhoe Loader,S144,8.0,0.4,94,20.8,88,C7420,OP0413,12.9318,80.236433,Due Soon,76,Running,S144,Expired,Contract Expired,1
EQ01107,Bulldozer,S126,7.1,1.7,44,29.5,91,C5436,OP1148,12.826436,80.05229,Good,72,Running,S126,Active,Normal,0
EQ01108,Wheel Loader,S059,6.4,1.8,55,14.4,99,C2126,OP0316,12.906045,80.291384,Good,93,Running,S059,Active,Normal,0
EQ01109,Dump Truck,S027,8.4,2.9,43,17.4,83,C1368,OP0504,13.132308,80.191918,Good,93,Running,S027,Active,Normal,0
EQ01110,Motor Grader,S028,7.8,2.5,51,39.4,85,C8290,OP0695,13.04841,80.269086,Good,71,Running,S028,Active,Normal,0
EQ01111,Bulldozer,S080,5.6,2.2,71,17.8,84,C2006,OP0020,13.01834,80.05037,Good,94,Running,S080,Active,Normal,0
EQ01112,Motor Grader,S081,8.7,1.2,88,35.5,90,C5995,OP0197,12.970327,80.350787,Due Soon,94,Running,S081,Active,Normal,0
EQ01113,Dump Truck,S058,10.0,1.1,48,35.8,86,C1497,OP0673,12.717972,80.191279,Good,89,Running,S058,Active,Normal,0
EQ01114,Excavator,S114,10.7,0.8,88,20.1,82,C6594,OP1175,13.040252,80.035722,Good,74,Running,S114,Active,Normal,0
EQ01115,Dump Truck,S071,6.6,1.3,90,18.1,97,C8329,OP1087,12.933979,80.340941,Good,66,Running,S071,Active,Normal,0
EQ01116,Bulldozer,S031,5.9,1.4,78,38.2,86,C4730,OP0889,12.81296,80.042365,Good,90,Running,S031,Active,Normal,0
EQ01117,Skid Steer Loader,S048,6.4,2.1,5,18.0,97,C7044,OP0130,12.999785,80.224315,Good,77,Running,S048,Active,Fuel Anomaly,1
EQ01118,Motor Grader,S131,5.3,1.3,71,19.8,96,C2865,OP0705,12.793946,80.013766,Good,86,Running,S131,Active,Normal,0
EQ01119,Skid Steer Loader,S096,9.7,0.4,87,36.7,99,C7090,OP0996,13.012167,80.049443,Good,77,Running,S096,Active,Normal,0
EQ01120,Bulldozer,S024,9.0,1.9,35,28.4,81,C6434,OP0597,13.063367,80.11294,Good,83,Running,S024,Active,Normal,0
EQ01121,Wheel Loader,S052,6.3,0.3,77,20.9,96,C6719,OP0275,12.830919,80.176079,Good,74,Running,S052,Active,Normal,0
EQ01122,Bulldozer,S129,8.5,2.9,51,12.8,94,C9528,OP0292,12.710627,80.328765,Good,69,Running,S129,Active,Normal,0
EQ01123,Wheel Loader,S020,9.0,1.3,49,30.3,100,C9198,OP0033,12.853954,80.248551,Good,87,Running,S020,Active,Normal,0
EQ01124,Wheel Loader,S105,7.6,1.8,54,38.1,91,C9947,OP0195,12.72095,80.30327,Good,69,Running,S105,Active,Normal,0
EQ01125,Backhoe Loader,S009,6.3,0.7,85,34.4,85,C1981,OP1153,13.224893,80.249787,Good,76,Running,S009,Active,Normal,0
EQ01126,Backhoe Loader,S064,6.5,1.6,59,33.8,82,C2445,OP0736,12.980754,80.275955,Good,85,Running,S064,Active,Normal,0
EQ01127,Skid Steer Loader,S111,7.7,2.7,52,35.1,95,C8586,OP0722,12.909778,80.022053,Good,98,Running,S111,Active,Normal,0
EQ01128,Backhoe Loader,S005,5.8,1.7,57,19.3,97,C6882,OP0008,12.820016,80.348514,Due Soon,68,Running,S005,Active,Normal,0
EQ01129,Skid Steer Loader,S104,7.1,1.3,91,16.6,82,C4465,OP1041,12.942793,79.980743,Good,69,Running,S104,Active,Normal,0
EQ01130,Skid Steer Loader,S073,5.2,2.4,62,26.6,28,C2696,OP0654,13.072175,80.172236,Overdue,72,Maintenance,S073,Active,Maintenance Overdue,1
EQ01131,Motor Grader,S142,9.2,0.1,88,27.9,95,C2068,OP0865,13.129422,80.052451,Good,88,Running,S142,Active,Normal,0
EQ01132,Bulldozer,S070,7.5,2.4,91,21.0,96,C7281,OP0765,12.731523,79.995908,Good,65,Running,S070,Expired,Contract Expired,1
EQ01133,Skid Steer Loader,S065,10.4,2.0,35,22.7,96,C8217,OP0807,13.087072,80.281289,Good,83,Running,S065,Active,Normal,0
EQ01134,Excavator,S149,9.7,1.5,66,35.3,90,C5129,OP0736,12.874126,80.165758,Good,66,Running,S149,Active,Normal,0
EQ01135,Skid Steer Loader,S017,7.9,2.1,90,36.4,83,C8099,OP0650,12.824978,80.228782,Good,86,Running,S017,Active,Normal,0
EQ01136,Bulldozer,S129,5.6,2.9,44,29.7,83,C1471,OP0630,12.854358,80.092841,Good,76,Running,S129,Active,Normal,0
EQ01137,Excavator,S028,7.4,1.0,88,23.1,80,C5180,OP1055,13.079461,80.275753,Good,84,Running,S028,Active,Normal,0
EQ01138,Bulldozer,S067,6.1,2.4,53,14.9,84,C1783,OP0178,13.099834,80.28252,Due Soon,74,Running,S067,Expired,Contract Expired,1
EQ01139,Excavator,S016,9.7,2.4,55,18.7,100,C9901,OP0862,12.968147,80.228957,Good,78,Running,S016,Active,Normal,0
EQ01140,Excavator,S136,11.0,2.6,45,26.3,93,C1067,OP1178,13.155126,80.327732,Good,92,Running,S136,Active,Normal,0
EQ01141,Motor Grader,S118,8.0,0.6,90,25.5,87,C1499,OP0882,12.75298,80.024656,Good,78,Running,S118,Active,Normal,0
EQ01142,Bulldozer,S131,6.8,0.3,64,36.3,86,C9307,OP1035,13.240097,80.330139,Good,73,Running,S131,Active,Normal,0
EQ01143,Bulldozer,S037,5.0,2.7,69,39.8,84,C7342,OP0086,12.85584,80.130119,Due Soon,85,Running,S037,Active,Normal,0
EQ01144,Dump Truck,S111,6.3,0.6,61,37.7,100,C2926,OP0156,12.875643,80.320218,Good,82,Running,S111,Active,Normal,0
EQ01145,Motor Grader,S100,7.8,1.0,70,13.2,89,C7270,OP0645,13.124406,80.079981,Due Soon,69,Running,S100,Active,Normal,0
EQ01146,Motor Grader,S144,6.4,1.4,36,27.9,81,C9580,OP0200,12.741878,79.993824,Due Soon,85,Running,S144,Active,Normal,0
EQ01147,Backhoe Loader,S017,8.4,0.4,39,37.5,98,C4586,OP0010,12.924428,80.135975,Good,69,Running,S017,Active,Normal,0
EQ01148,Dump Truck,S145,11.0,2.1,59,29.3,100,C1242,OP1158,12.855975,80.099105,Good,98,Running,S145,Active,Normal,0
EQ01149,Wheel Loader,S149,11.0,2.4,67,12.3,83,C6032,OP1179,13.008311,80.096472,Good,96,Running,S149,Active,Normal,0
EQ01150,Bulldozer,S057,8.1,0.1,88,21.3,91,C5125,OP0702,12.864908,80.297639,Good,89,Running,S057,Active,Normal,0
EQ01151,Skid Steer Loader,S088,10.3,2.6,64,30.6,80,C1892,OP0004,13.251871,80.248561,Good,95,Running,S088,Active,Normal,0
EQ01152,Backhoe Loader,S140,9.4,1.3,82,165.0,95,C8409,OP1071,13.309297,80.131158,Good,98,Running,S140,Active,Distance Spike,1
EQ01153,Motor Grader,S009,10.7,1.1,95,27.9,88,C6367,OP0350,12.729751,80.392199,Good,77,Running,S009,Active,Normal,0
EQ01154,Bulldozer,S007,5.0,1.8,77,22.2,86,C7241,OP0147,12.916965,80.051681,Good,78,Running,S007,Active,Normal,0
EQ01155,Bulldozer,S107,7.6,0.6,62,37.4,96,C4328,OP0432,13.146163,80.253668,Good,68,Running,S107,Active,Normal,0
EQ01156,Backhoe Loader,S047,9.9,2.0,69,37.5,92,C1125,OP1193,12.759704,80.334481,Good,94,Running,S047,Active,Normal,0
EQ01157,Skid Steer Loader,S042,6.2,0.4,52,29.5,96,C1608,OP1125,12.827164,80.231779,Good,66,Running,S042,Active,Normal,0
EQ01158,Dump Truck,S078,8.3,1.0,56,14.0,94,C8720,OP0038,12.821465,80.037688,Good,87,Running,S078,Active,Normal,0
EQ01159,Dump Truck,S139,6.0,0.4,41,14.6,98,C9707,OP0380,12.975372,80.140403,Overdue,78,Running,S139,Active,Normal,0
EQ01160,Bulldozer,S051,10.7,0.5,52,24.6,100,C8808,OP0679,13.288245,80.112242,Good,66,Running,S051,Active,Normal,0
EQ01161,Skid Steer Loader,S082,0.5,22.0,51,36.7,92,C4827,OP1183,13.305955,80.167297,Good,5,Idle,S082,Active,High Idle,1
EQ01162,Dump Truck,S035,9.9,1.8,64,18.9,87,C2120,OP0980,13.162628,80.39777,Good,91,Running,S035,Active,Normal,0
EQ01163,Skid Steer Loader,S024,10.1,0.6,51,28.9,87,C2316,OP0342,13.275677,79.97673,Good,76,Running,S024,Active,Normal,0
EQ01164,Motor Grader,S143,7.7,2.4,70,18.8,93,C9761,OP0214,12.734786,80.310099,Due Soon,84,Running,S143,Active,Normal,0
EQ01165,Wheel Loader,S104,8.3,1.2,44,36.5,89,C4543,OP0422,13.282733,80.056846,Good,77,Running,S104,Active,Normal,0
EQ01166,Excavator,S136,6.1,2.8,43,12.0,91,C6045,OP0903,13.214993,80.290565,Good,80,Running,S136,Active,Normal,0
EQ01167,Dump Truck,S042,10.5,1.4,80,12.4,89,C9645,OP0402,13.100834,80.382051,Due Soon,90,Running,S042,Active,Normal,0
EQ01168,Backhoe Loader,S136,7.9,0.1,54,165.0,82,C7532,OP0209,13.18514,80.033439,Good,98,Running,S136,Active,Distance Spike,1
EQ01169,Motor Grader,S148,6.8,1.5,73,28.7,81,C2492,OP0538,13.028277,80.288457,Good,82,Running,S148,Active,Normal,0
EQ01170,Excavator,S107,9.4,0.6,90,21.4,80,C3182,OP0870,13.325717,80.245584,Good,74,Running,S107,Active,Normal,0
EQ01171,Excavator,S115,9.3,0.1,61,36.7,92,C6356,OP0324,12.869668,80.133756,Good,96,Running,S115,Active,Normal,0
EQ01172,Skid Steer Loader,S031,6.6,1.3,80,21.2,81,C7341,OP0875,13.22504,80.254439,Good,83,Running,S031,Active,Normal,0
EQ01173,Bulldozer,S150,5.2,1.7,92,37.1,96,C6301,OP0179,12.946455,80.077204,Good,80,Running,S150,Active,Normal,0
EQ01174,Bulldozer,S021,10.4,0.7,47,28.7,97,C5926,OP0058,13.257962,80.359283,Due Soon,96,Running,S021,Active,Normal,0
EQ01175,Excavator,S149,9.5,2.2,94,19.7,96,C3628,OP0338,13.233656,80.247036,Good,65,Running,S149,Active,Normal,0
EQ01176,Bulldozer,S067,5.7,0.1,85,36.2,96,C3373,OP0471,13.04294,80.252174,Due Soon,82,Running,S067,Active,Normal,0
EQ01177,Wheel Loader,S065,9.1,2.4,90,26.3,88,C4072,OP0427,12.908285,80.115318,Good,77,Running,S065,Active,Normal,0
EQ01178,Excavator,S144,5.0,1.5,63,39.7,95,C9326,OP1165,13.077001,80.14348,Good,71,Running,S130,Active,Wrong Site,1
EQ01179,Backhoe Loader,S044,10.4,2.8,72,27.1,89,C6857,OP0032,13.286757,80.252127,Good,83,Running,S044,Active,Normal,0
EQ01180,Skid Steer Loader,S009,7.2,2.7,74,26.4,93,C1255,OP0918,12.861827,80.078416,Good,70,Running,S009,Active,Normal,0
EQ01181,Excavator,S030,8.0,3.0,82,33.4,84,C5634,OP0592,12.826082,80.22521,Good,85,Running,S030,Active,Normal,0
EQ01182,Skid Steer Loader,S090,5.2,0.7,69,33.0,83,C7746,OP0079,12.878295,80.169054,Due Soon,94,Running,S090,Active,Normal,0
EQ01183,Skid Steer Loader,S077,6.2,0.7,57,34.4,94,C2032,OP0804,13.307036,80.112049,Good,73,Running,S077,Active,Normal,0
EQ01184,Wheel Loader,S051,9.3,1.7,95,29.4,90,C3558,OP0780,13.247253,80.354879,Good,67,Running,S051,Active,Normal,0
EQ01185,Bulldozer,S046,5.6,2.7,78,17.2,91,C7005,OP0476,12.923674,80.133986,Good,68,Running,S046,Active,Normal,0
EQ01186,Dump Truck,S062,5.5,1.2,36,15.4,81,C9370,OP0158,12.826786,80.107785,Good,73,Running,S062,Active,Normal,0
EQ01187,Bulldozer,S025,8.0,2.6,65,21.9,97,C7604,OP1064,13.067602,79.963233,Due Soon,74,Running,S025,Active,Normal,0
EQ01188,Skid Steer Loader,S029,10.6,1.2,93,29.7,88,C3569,OP0320,13.2085,80.207376,Good,90,Running,S029,Active,Normal,0
EQ01189,Backhoe Loader,S064,6.0,0.2,59,36.2,92,C8926,OP0992,13.063271,80.205195,Good,78,Running,S064,Active,Normal,0
EQ01190,Motor Grader,S030,10.5,2.0,44,28.0,97,C6995,OP0472,13.098316,80.337501,Good,90,Running,S030,Active,Normal,0
EQ01191,Excavator,S083,9.6,2.5,75,39.9,88,C7506,OP1053,13.312867,80.26572,Overdue,96,Running,S083,Active,Normal,0
EQ01192,Excavator,S149,9.9,2.1,65,19.5,94,C5684,OP0969,12.704534,80.265184,Good,87,Running,S149,Active,Normal,0
EQ01193,Motor Grader,S097,6.4,0.5,63,13.4,84,C8252,OP0102,13.020847,80.189847,Good,92,Running,S097,Active,Normal,0
EQ01194,Wheel Loader,S066,6.5,2.8,64,32.1,92,C6525,OP0886,12.912517,80.002124,Good,92,Running,S066,Active,Normal,0
EQ01195,Dump Truck,S100,7.6,2.5,42,36.3,88,C4079,OP0980,13.221094,79.997165,Good,65,Running,S100,Active,Normal,0
EQ01196,Skid Steer Loader,S139,7.5,0.1,64,34.4,95,C2711,OP0483,12.887821,80.043389,Good,87,Running,S139,Active,Normal,0
EQ01197,Wheel Loader,S079,10.3,3.0,89,28.8,83,C6081,OP0589,12.899475,80.265618,Good,66,Running,S079,Active,Normal,0
EQ01198,Dump Truck,S125,8.2,2.1,41,36.4,100,C7870,OP0823,13.303409,80.086586,Good,84,Running,S125,Active,Normal,0
EQ01199,Skid Steer Loader,S094,10.1,0.1,36,37.8,99,C9449,OP0524,13.17031,80.325072,Good,68,Running,S094,Active,Normal,0
EQ01200,Wheel Loader,S013,5.2,2.9,92,25.1,89,C4687,OP0384,13.129585,79.95188,Good,93,Running,S013,Active,Normal,0
EQ01201,Bulldozer,S131,9.8,0.3,90,38.3,95,C2044,OP0485,12.846495,80.248572,Good,91,Running,S005,Active,Wrong Site,1
EQ01202,Backhoe Loader,S114,8.7,2.3,45,14.0,87,C4056,OP0396,13.22389,80.151958,Good,71,Running,S114,Active,Normal,0
EQ01203,Motor Grader,S004,7.8,2.0,85,30.6,94,C8803,OP0145,12.805007,80.099642,Good,98,Running,S004,Active,Normal,0
EQ01204,Motor Grader,S008,5.8,0.8,71,16.9,87,C5368,OP0917,13.079047,80.190381,Due Soon,71,Running,S008,Active,Normal,0
EQ01205,Skid Steer Loader,S146,10.4,1.2,91,28.3,84,C3114,OP1033,13.001329,80.115258,Good,78,Running,S146,Active,Normal,0
EQ01206,Dump Truck,S147,8.1,2.6,79,12.4,87,C5691,OP0770,12.827901,80.24106,Good,81,Running,S147,Active,Normal,0
EQ01207,Dump Truck,S031,9.1,0.9,75,16.5,90,C4693,OP0612,13.197332,80.06459,Good,94,Running,S031,Active,Normal,0
EQ01208,Motor Grader,S095,0.5,22.0,42,19.3,95,C4683,OP0021,12.98787,80.131525,Good,5,Idle,S095,Active,High Idle,1
EQ01209,Motor Grader,S115,6.9,0.2,77,39.0,81,C1454,OP1170,12.803918,80.082849,Good,78,Running,S115,Active,Normal,0
EQ01210,Motor Grader,S111,6.8,16.0,67,31.2,92,C8335,OP0142,13.060558,80.168995,Good,8,Idle,S111,Active,Low Utilization,1
EQ01211,Skid Steer Loader,S011,7.1,1.7,42,19.5,95,C7842,OP0804,13.079436,80.325516,Good,93,Running,S011,Active,Normal,0
EQ01212,Skid Steer Loader,S131,7.7,2.3,95,36.9,100,C4870,OP0908,13.194766,80.293624,Due Soon,88,Running,S131,Active,Normal,0
EQ01213,Motor Grader,S098,5.2,2.6,78,35.0,87,C4949,OP0250,12.868574,80.276679,Good,81,Running,S098,Active,Normal,0
EQ01214,Wheel Loader,S029,5.1,0.2,82,39.7,80,C4260,OP0566,13.267855,80.170973,Good,73,Running,S029,Active,Normal,0
EQ01215,Skid Steer Loader,S030,7.4,0.7,54,17.4,89,C7512,OP1180,13.340617,80.343093,Good,86,Running,S030,Active,Normal,0
EQ01216,Skid Steer Loader,S102,9.9,2.5,39,12.0,94,C1430,OP0858,13.250861,80.346009,Good,85,Running,S102,Active,Normal,0
EQ01217,Dump Truck,S134,10.4,0.1,42,14.5,86,C3064,OP0720,13.108558,80.1815,Good,92,Running,S134,Active,Normal,0
EQ01218,Bulldozer,S074,10.9,1.5,93,14.9,94,C2217,OP0862,13.255469,79.95091,Good,69,Running,S074,Active,Normal,0
EQ01219,Bulldozer,S053,9.8,1.8,58,38.7,95,C7855,,13.245062,80.238621,Good,86,Running,S053,Active,Missing Operator,1
EQ01220,Backhoe Loader,S062,10.2,0.1,62,29.6,96,C2748,OP0952,13.115442,80.290159,Good,89,Running,S062,Active,Normal,0
EQ01221,Skid Steer Loader,S050,6.9,2.1,66,25.0,89,C7836,OP0629,13.2165,80.002378,Due Soon,70,Running,S050,Active,Normal,0
EQ01222,Motor Grader,S063,5.2,0.8,74,35.0,80,C2486,OP0434,12.884163,79.993683,Good,72,Running,S063,Active,Normal,0
EQ01223,Bulldozer,S101,8.6,0.4,57,35.9,85,C1767,OP0328,12.962403,80.393952,Good,81,Running,S101,Active,Normal,0
EQ01224,Backhoe Loader,S060,7.5,2.5,35,18.6,97,C1402,OP0323,12.935133,79.983384,Good,65,Running,S060,Active,Normal,0
EQ01225,Excavator,S015,7.6,0.6,72,32.7,98,C3494,OP0373,12.71944,80.317221,Good,95,Running,S015,Active,Normal,0
EQ01226,Motor Grader,S066,5.5,2.9,77,21.9,84,C8135,OP0911,13.022948,79.987234,Good,97,Running,S066,Active,Normal,0
EQ01227,Dump Truck,S092,7.6,0.9,55,24.0,91,C8372,OP0291,13.121957,80.198543,Good,71,Running,S092,Active,Normal,0
EQ01228,Skid Steer Loader,S001,6.7,1.0,45,14.5,83,C4740,OP0270,12.871283,80.038739,Good,83,Running,S001,Active,Normal,0
EQ01229,Backhoe Loader,S083,7.5,0.2,73,34.2,83,C5507,OP0041,13.31214,80.110506,Good,66,Running,S083,Active,Normal,0
EQ01230,Bulldozer,S130,7.2,1.3,65,18.6,100,C9251,OP1179,13.104729,80.077579,Good,84,Running,S130,Active,Normal,0
EQ01231,Dump Truck,S042,6.1,1.5,55,39.6,92,C6793,OP0066,13.297297,80.306755,Good,67,Running,S042,Active,Normal,0
EQ01232,Bulldozer,S027,10.7,0.0,36,18.2,82,C9934,OP0742,13.31975,80.239499,Good,96,Running,S027,Expired,Contract Expired,1
EQ01233,Dump Truck,S060,5.1,0.4,55,29.2,87,C6419,OP1104,13.076094,80.352099,Due Soon,93,Running,S060,Active,Normal,0
EQ01234,Skid Steer Loader,S110,7.3,0.3,44,17.0,93,C7094,OP0467,12.753085,80.156463,Good,94,Running,S110,Active,Normal,0
EQ01235,Wheel Loader,S109,7.4,1.3,56,34.4,83,C6067,OP0372,13.032174,80.275815,Due Soon,83,Running,S109,Active,Normal,0
EQ01236,Bulldozer,S031,5.4,1.7,58,30.3,83,C7035,OP0966,13.108773,80.102028,Good,75,Running,S031,Active,Normal,0
EQ01237,Bulldozer,S130,8.6,1.7,79,23.4,83,C6272,OP1093,12.991404,80.049453,Due Soon,89,Running,S130,Active,Normal,0
EQ01238,Wheel Loader,S063,9.5,0.7,61,15.1,84,C9021,OP0425,13.105293,80.258795,Good,88,Running,S063,Active,Normal,0
EQ01239,Bulldozer,S096,7.8,1.7,76,20.2,99,C7949,OP0566,12.828832,80.27045,Good,95,Running,S096,Active,Normal,0
EQ01240,Motor Grader,S142,5.7,1.2,48,29.1,95,C3352,OP1135,12.881678,80.063415,Good,80,Running,S142,Active,Normal,0
EQ01241,Skid Steer Loader,S109,8.3,0.0,73,23.0,84,C3595,OP0367,13.111873,80.17766,Good,66,Running,S109,Active,Normal,0
EQ01242,Bulldozer,S138,7.9,0.7,58,36.2,83,C4561,OP0395,13.097158,80.393919,Due Soon,75,Running,S138,Active,Normal,0
EQ01243,Excavator,S018,8.2,2.4,36,33.1,95,C9352,OP0568,12.954287,79.969268,Good,70,Running,S018,Active,Normal,0
EQ01244,Wheel Loader,S021,9.9,2.4,35,33.3,90,C3116,OP0069,13.018873,80.350546,Good,81,Running,S021,Active,Normal,0
EQ01245,Excavator,S042,5.6,1.1,61,34.2,92,C1254,OP0748,12.781902,80.242421,Due Soon,90,Running,S042,Active,Normal,0
EQ01246,Backhoe Loader,S008,9.1,1.5,44,18.2,97,C8052,OP0150,13.237838,80.071992,Good,67,Running,S008,Active,Normal,0
EQ01247,Dump Truck,S106,5.3,1.0,75,29.7,88,C2071,OP0664,13.225062,80.052466,Good,84,Running,S106,Active,Normal,0
EQ01248,Backhoe Loader,S061,6.6,1.2,38,20.4,97,C1247,OP0250,12.937983,80.048197,Due Soon,69,Running,S061,Active,Normal,0
EQ01249,Backhoe Loader,S041,6.3,2.9,60,23.8,98,C8581,OP0742,12.813194,80.13219,Good,93,Running,S041,Active,Normal,0
EQ01250,Motor Grader,S038,8.1,2.7,92,32.1,80,C1704,OP0630,12.842247,80.222231,Good,74,Running,S038,Active,Normal,0
EQ01251,Bulldozer,S019,6.9,2.0,58,34.0,80,C6540,OP0765,12.753073,80.335639,Good,84,Running,S019,Active,Normal,0
EQ01252,Backhoe Loader,S008,11.0,1.1,46,17.1,99,C7020,OP0576,12.832767,80.260732,Good,93,Running,S008,Active,Normal,0
EQ01253,Dump Truck,S058,10.6,0.6,62,19.1,89,C7457,OP0467,13.200059,80.393206,Good,88,Running,S058,Active,Normal,0
EQ01254,Backhoe Loader,S087,7.8,1.2,73,18.5,100,C3747,OP0960,12.849768,79.979748,Due Soon,83,Running,S087,Active,Normal,0
EQ01255,Motor Grader,S043,5.1,0.3,88,17.4,90,C3594,OP1175,13.249178,80.140807,Good,97,Running,S079,Active,Wrong Site,1
EQ01256,Skid Steer Loader,S141,10.3,0.3,79,38.7,82,C9146,OP0243,13.077211,80.171005,Good,97,Running,S141,Active,Normal,0
EQ01257,Backhoe Loader,S058,9.9,0.2,46,17.3,99,C6481,OP0870,12.954996,80.10785,Due Soon,70,Running,S058,Active,Normal,0
EQ01258,Excavator,S102,8.1,1.7,56,13.4,99,C8192,OP0388,12.890416,80.290829,Good,93,Running,S102,Active,Normal,0
EQ01259,Skid Steer Loader,S081,8.3,2.3,50,14.7,87,C4706,OP0226,13.11098,80.220609,Good,95,Running,S081,Active,Normal,0
EQ01260,Bulldozer,S117,8.4,1.3,90,24.5,84,C7476,OP0302,12.784879,80.242683,Good,85,Running,S117,Active,Normal,0
EQ01261,Bulldozer,S058,10.9,0.8,93,15.6,88,C1677,OP0921,13.183992,80.048217,Due Soon,78,Running,S058,Active,Normal,0
EQ01262,Backhoe Loader,S008,8.8,0.2,68,39.9,84,C4598,OP0796,12.810639,80.186292,Good,94,Running,S008,Active,Normal,0
EQ01263,Excavator,S028,6.3,1.8,69,27.8,28,C4696,OP0017,13.208216,80.092726,Overdue,98,Maintenance,S028,Active,Maintenance Overdue,1
EQ01264,Dump Truck,S022,8.1,0.2,89,17.5,80,C6815,OP0768,12.962407,80.313918,Good,71,Running,S022,Active,Normal,0
EQ01265,Skid Steer Loader,S095,6.0,0.8,93,33.0,87,C4863,OP0192,12.89271,80.135833,Good,90,Running,S095,Active,Normal,0
EQ01266,Motor Grader,S121,5.1,0.9,36,38.5,87,C3070,OP0771,13.108847,80.330215,Good,88,Running,S121,Active,Normal,0
EQ01267,Skid Steer Loader,S023,6.8,16.0,49,30.6,91,C1505,OP0355,13.190922,80.213098,Due Soon,8,Idle,S023,Active,Low Utilization,1
EQ01268,Skid Steer Loader,S082,9.3,0.1,50,30.7,93,C9988,OP0350,12.891913,80.158343,Good,72,Running,S082,Active,Normal,0
EQ01269,Motor Grader,S064,10.2,0.9,80,27.0,96,C3630,OP0617,13.100281,80.1517,Good,96,Running,S064,Active,Normal,0
EQ01270,Skid Steer Loader,S145,5.4,1.3,94,28.0,93,C8001,OP0231,12.838556,80.016979,Due Soon,71,Running,S145,Active,Normal,0
EQ01271,Motor Grader,S054,10.6,1.0,50,35.5,100,C3834,OP0376,12.786865,80.118249,Good,80,Running,S054,Active,Normal,0
EQ01272,Excavator,S059,8.9,1.0,58,16.1,96,C8291,OP0926,13.347177,80.302246,Good,77,Running,S059,Active,Normal,0
EQ01273,Motor Grader,S054,5.8,1.4,41,34.1,90,C9601,OP1062,12.798167,80.37005,Good,98,Running,S054,Active,Normal,0
EQ01274,Motor Grader,S066,11.0,1.9,65,27.9,87,C1763,OP0397,12.955132,80.123505,Due Soon,93,Running,S066,Active,Normal,0
EQ01275,Wheel Loader,S016,7.0,1.9,86,18.9,98,C1005,OP0048,13.024358,80.110052,Good,88,Running,S016,Active,Normal,0
EQ01276,Motor Grader,S069,7.6,1.7,56,16.0,89,C9775,OP0857,13.342543,79.952229,Good,71,Running,S069,Active,Normal,0
EQ01277,Dump Truck,S081,8.0,1.8,88,30.4,84,C6252,OP0803,12.919277,79.957577,Due Soon,70,Running,S081,Active,Normal,0
EQ01278,Wheel Loader,S145,8.6,1.5,47,12.8,98,C5865,OP0292,12.98049,80.088931,Good,85,Running,S145,Active,Normal,0
EQ01279,Motor Grader,S070,8.8,2.6,60,13.8,85,C4264,OP0261,13.020316,80.343884,Due Soon,70,Running,S070,Active,Normal,0
EQ01280,Bulldozer,S143,10.9,0.7,81,13.0,95,C8292,OP0149,12.709688,80.104339,Good,70,Running,S143,Active,Normal,0
EQ01281,Bulldozer,S010,8.6,1.9,86,21.8,87,C4878,OP0186,13.204453,80.028092,Good,76,Running,S010,Active,Normal,0
EQ01282,Dump Truck,S149,6.7,2.6,43,12.6,80,C2583,OP0732,12.769714,80.025368,Due Soon,81,Running,S149,Active,Normal,0
EQ01283,Excavator,S120,6.4,2.4,61,21.9,96,C1817,OP0328,13.07582,80.31408,Good,86,Running,S120,Active,Normal,0
EQ01284,Excavator,S110,8.3,3.0,64,21.0,89,C1270,OP0137,13.323644,80.107293,Good,80,Running,S110,Active,Normal,0
EQ01285,Motor Grader,S087,7.1,2.8,50,27.4,94,C5765,OP0864,12.856655,80.281469,Good,81,Running,S087,Active,Normal,0
EQ01286,Backhoe Loader,S136,7.9,0.7,74,25.1,85,C3596,OP0659,13.133361,80.119231,Good,77,Running,S136,Active,Normal,0
EQ01287,Excavator,S056,8.2,1.3,83,39.8,94,C6551,OP0975,13.095034,80.088673,Good,87,Running,S056,Active,Normal,0
EQ01288,Dump Truck,S006,5.1,2.2,93,29.4,81,C3143,OP1025,13.187175,80.106234,Good,85,Running,S006,Active,Normal,0
EQ01289,Dump Truck,S100,8.7,1.4,51,33.0,80,C4853,OP0494,13.120206,80.358072,Good,74,Running,S100,Active,Normal,0
EQ01290,Dump Truck,S040,8.6,0.2,67,39.2,98,C2490,OP0857,13.013942,80.339063,Good,90,Running,S040,Active,Normal,0
EQ01291,Skid Steer Loader,S026,8.2,2.1,43,15.4,80,C6183,,13.342162,80.282517,Good,70,Running,S026,Active,Missing Operator,1
EQ01292,Excavator,S125,8.3,0.3,46,36.4,82,C7505,OP0140,13.069637,79.96257,Good,89,Running,S125,Active,Normal,0
EQ01293,Excavator,S023,9.7,0.0,87,35.2,86,C6589,OP0390,13.115066,79.998896,Due Soon,82,Running,S023,Active,Normal,0
EQ01294,Motor Grader,S105,6.2,2.3,87,25.2,85,C9149,OP0341,12.963239,80.299562,Good,97,Running,S105,Active,Normal,0
EQ01295,Excavator,S147,7.1,1.9,58,19.3,93,C7572,OP0550,12.719305,80.006073,Good,87,Running,S147,Active,Normal,0
EQ01296,Bulldozer,S033,5.4,1.9,57,26.8,98,C8826,OP0724,13.096156,80.390182,Good,98,Running,S033,Active,Normal,0
EQ01297,Bulldozer,S075,5.0,2.8,54,35.6,95,C1103,OP0139,12.73879,80.251901,Good,89,Running,S075,Active,Normal,0
EQ01298,Wheel Loader,S140,6.4,2.9,59,13.9,85,C2189,OP0999,12.994615,80.397226,Good,86,Running,S140,Active,Normal,0
EQ01299,Skid Steer Loader,S099,9.7,2.5,44,35.2,99,C2683,OP0859,13.129316,80.083963,Due Soon,88,Running,S099,Active,Normal,0
EQ01300,Skid Steer Loader,S083,7.9,0.8,59,20.8,95,C2341,OP0592,12.867301,80.048931,Overdue,95,Running,S083,Active,Normal,0
EQ01301,Backhoe Loader,S025,10.3,0.1,42,23.8,91,C4907,OP0363,13.041534,80.189093,Good,91,Running,S025,Active,Normal,0
EQ01302,Skid Steer Loader,S015,5.8,1.7,42,36.7,91,C3719,OP0907,12.912094,79.99591,Good,79,Running,S015,Active,Normal,0
EQ01303,Motor Grader,S044,6.4,1.9,93,21.2,95,C8888,OP1143,12.725669,80.200652,Good,67,Running,S044,Active,Normal,0
EQ01304,Backhoe Loader,S052,8.4,0.4,67,26.2,95,C4428,OP0513,12.924786,80.265833,Good,71,Running,S052,Active,Normal,0
EQ01305,Wheel Loader,S103,8.8,1.6,52,23.5,28,C8106,OP1154,13.197667,80.167894,Overdue,95,Maintenance,S103,Active,Maintenance Overdue,1
EQ01306,Excavator,S088,9.7,0.6,64,30.8,83,C7823,OP0031,13.267275,80.115287,Due Soon,84,Running,S088,Active,Normal,0
EQ01307,Dump Truck,S059,5.8,2.8,42,16.8,97,C8677,OP0195,13.23,80.196708,Due Soon,90,Running,S059,Active,Normal,0
EQ01308,Dump Truck,S061,10.0,0.6,70,18.5,87,C8153,OP0874,13.303584,79.962077,Good,67,Running,S061,Active,Normal,0
EQ01309,Backhoe Loader,S051,10.3,1.9,80,20.9,96,C2464,OP0354,13.020294,80.211789,Good,66,Running,S051,Active,Normal,0
EQ01310,Motor Grader,S142,9.4,2.6,91,21.9,88,C2090,OP0449,12.950449,80.069479,Good,71,Running,S142,Active,Normal,0
EQ01311,Backhoe Loader,S022,8.7,2.8,69,22.6,84,C7304,,12.934409,80.334047,Good,79,Running,S022,Active,Missing Operator,1
EQ01312,Motor Grader,S132,5.3,2.6,91,22.0,87,C5829,OP0494,12.771247,80.292457,Due Soon,97,Running,S132,Active,Normal,0
EQ01313,Motor Grader,S014,7.0,1.8,54,15.1,94,C2539,OP0123,12.799972,80.141381,Due Soon,96,Running,S014,Active,Normal,0
EQ01314,Skid Steer Loader,S104,10.6,2.9,71,22.4,93,C4739,OP0015,13.250122,80.31015,Due Soon,92,Running,S104,Active,Normal,0
EQ01315,Backhoe Loader,S067,8.8,1.5,95,25.6,98,C2743,OP0497,13.201397,80.308409,Good,75,Running,S067,Active,Normal,0
EQ01316,Wheel Loader,S062,5.8,0.9,50,26.1,91,C9701,OP0748,13.131159,80.197459,Good,84,Running,S062,Active,Normal,0
EQ01317,Backhoe Loader,S024,11.0,0.8,36,39.6,99,C9103,OP0767,12.813668,80.137965,Due Soon,78,Running,S005,Active,Wrong Site,1
EQ01318,Dump Truck,S148,9.0,2.3,64,24.9,98,C6330,OP0126,13.297068,80.387948,Due Soon,91,Running,S148,Active,Normal,0
EQ01319,Backhoe Loader,S003,9.4,1.1,52,15.0,93,C1453,OP0298,13.282362,80.070305,Due Soon,67,Running,S003,Active,Normal,0
EQ01320,Skid Steer Loader,S061,8.3,16.0,35,36.5,89,C3864,OP0681,13.342551,80.304857,Good,8,Idle,S061,Active,Low Utilization,1
EQ01321,Bulldozer,S108,6.3,1.4,46,35.7,90,C5243,OP0718,13.126749,80.213288,Good,95,Running,S108,Active,Normal,0
EQ01322,Dump Truck,S141,8.6,0.2,55,15.8,96,C1767,OP0646,13.112499,80.195802,Overdue,85,Running,S141,Active,Normal,0
EQ01323,Motor Grader,S031,6.9,1.1,53,35.7,87,C9102,OP0895,12.844391,80.256164,Good,95,Running,S031,Expired,Contract Expired,1
EQ01324,Skid Steer Loader,S092,7.7,1.0,43,22.6,28,C7355,OP0359,12.763585,80.017939,Overdue,84,Maintenance,S092,Active,Maintenance Overdue,1
EQ01325,Motor Grader,S038,6.0,1.4,76,18.9,91,C1436,OP0086,12.76746,80.276282,Good,92,Running,S038,Active,Normal,0
EQ01326,Motor Grader,S105,9.2,2.2,60,29.3,87,C5586,OP0773,12.82759,80.32762,Due Soon,84,Running,S105,Active,Normal,0
EQ01327,Skid Steer Loader,S125,10.4,2.7,84,19.1,91,C6198,OP0518,12.994426,80.141331,Good,69,Running,S125,Active,Normal,0
EQ01328,Bulldozer,S046,6.6,0.2,39,21.7,89,C6447,OP0542,12.973143,80.389046,Overdue,77,Running,S046,Active,Normal,0
EQ01329,Motor Grader,S102,8.3,1.2,49,16.2,94,C5506,OP1200,13.036452,80.224184,Good,80,Running,S102,Active,Normal,0
EQ01330,Bulldozer,S053,8.3,2.4,70,34.4,87,C8856,OP0093,12.753712,80.217966,Good,78,Running,S053,Active,Normal,0
EQ01331,Dump Truck,S063,7.5,2.3,58,38.8,100,C5006,OP0521,13.252616,80.119327,Good,84,Running,S063,Active,Normal,0
EQ01332,Backhoe Loader,S055,11.0,16.0,57,26.4,99,C2662,OP0977,13.078662,80.380906,Good,8,Idle,S055,Active,Low Utilization,1
EQ01333,Wheel Loader,S081,6.6,0.1,48,17.7,96,C8092,OP0593,13.069877,79.954738,Good,84,Running,S081,Active,Normal,0
EQ01334,Dump Truck,S138,6.9,2.3,65,22.3,97,C5261,OP0375,13.189829,80.073785,Good,89,Running,S138,Active,Normal,0
EQ01335,Excavator,S149,7.5,1.7,90,38.9,96,C5794,OP0986,12.922366,80.393665,Good,90,Running,S149,Active,Normal,0
EQ01336,Wheel Loader,S061,8.7,0.2,64,31.6,85,C4813,OP0143,12.754446,80.102097,Good,98,Running,S061,Active,Normal,0
EQ01337,Excavator,S088,9.4,2.3,67,39.9,91,C8988,OP0405,13.17548,80.125473,Good,66,Running,S088,Active,Normal,0
EQ01338,Dump Truck,S145,7.5,1.8,36,21.9,92,C3777,OP0513,13.164774,79.975069,Good,90,Running,S145,Active,Normal,0
EQ01339,Skid Steer Loader,S057,9.1,1.4,69,24.9,80,C6764,OP0858,13.160665,80.054862,Good,97,Running,S057,Active,Normal,0
EQ01340,Skid Steer Loader,S072,5.4,0.3,62,13.2,88,C6885,OP0764,12.905155,79.986084,Good,71,Running,S072,Active,Normal,0
EQ01341,Bulldozer,S120,6.8,0.6,43,14.0,80,C3136,OP0069,13.152379,80.13975,Good,85,Running,S120,Active,Normal,0
EQ01342,Motor Grader,S117,5.7,1.3,82,33.9,88,C3373,OP0040,12.818894,80.21152,Due Soon,90,Running,S117,Active,Normal,0
EQ01343,Dump Truck,S118,8.1,1.0,59,20.1,82,C7902,OP1140,13.114848,79.958942,Good,98,Running,S118,Active,Normal,0
EQ01344,Dump Truck,S097,6.1,0.7,90,38.5,80,C1584,OP0609,13.33514,80.246519,Good,69,Running,S097,Active,Normal,0
EQ01345,Excavator,S014,6.1,2.1,67,38.8,83,C5111,OP0167,13.230672,80.122634,Due Soon,77,Running,S014,Active,Normal,0
EQ01346,Dump Truck,S144,6.0,0.5,69,38.9,94,C8050,OP0406,13.247578,80.285144,Good,87,Running,S144,Active,Normal,0
EQ01347,Wheel Loader,S075,5.5,0.1,90,26.4,95,C6830,OP0189,13.16209,79.953048,Good,66,Running,S075,Active,Normal,0
EQ01348,Excavator,S008,8.5,2.8,59,33.2,90,C6036,OP0702,12.808193,80.054772,Due Soon,86,Running,S008,Active,Normal,0
EQ01349,Backhoe Loader,S019,5.2,1.1,60,14.7,96,C6181,OP0034,13.272752,80.353021,Good,85,Running,S019,Active,Normal,0
EQ01350,Wheel Loader,S075,10.2,1.9,94,12.1,88,C8097,OP0415,13.251527,80.004215,Good,93,Running,S075,Active,Normal,0
EQ01351,Dump Truck,S028,5.5,0.5,86,19.8,89,C3515,OP1015,12.736212,80.286443,Good,66,Running,S028,Active,Normal,0
EQ01352,Bulldozer,S111,7.1,1.1,71,17.3,91,C9655,OP0791,12.763219,80.067404,Good,96,Running,S111,Active,Normal,0
EQ01353,Bulldozer,S051,9.7,2.2,49,21.6,97,C8447,,12.960148,80.317162,Good,68,Running,S051,Active,Missing Operator,1
EQ01354,Excavator,S075,7.2,2.9,63,16.5,99,C6450,OP0558,13.322289,80.35683,Good,89,Running,S075,Active,Normal,0
EQ01355,Motor Grader,S037,7.7,1.1,5,18.0,81,C7135,OP0558,13.093196,80.091799,Good,86,Running,S037,Active,Fuel Anomaly,1
EQ01356,Wheel Loader,S122,7.0,2.8,61,24.0,88,C9068,OP0646,13.019528,80.132781,Good,98,Running,S122,Active,Normal,0
EQ01357,Dump Truck,S087,8.4,1.4,39,34.5,95,C7039,OP0283,12.803333,80.295961,Good,70,Running,S087,Active,Normal,0
EQ01358,Wheel Loader,S052,10.7,2.4,42,16.5,94,C1941,OP0503,13.049208,80.263945,Due Soon,70,Running,S052,Active,Normal,0
EQ01359,Excavator,S080,5.6,1.3,64,28.8,86,C5303,OP0730,13.248544,80.092873,Good,89,Running,S080,Active,Normal,0
EQ01360,Backhoe Loader,S015,5.3,0.4,59,22.2,92,C5333,OP1102,13.185857,80.02197,Good,85,Running,S015,Active,Normal,0
EQ01361,Backhoe Loader,S068,8.2,1.1,68,19.3,82,C1331,OP0812,12.948898,80.288847,Good,74,Running,S068,Active,Normal,0
EQ01362,Dump Truck,S022,8.9,0.0,5,18.0,84,C9832,OP0968,13.079174,80.367021,Good,97,Running,S022,Active,Fuel Anomaly,1
EQ01363,Excavator,S053,9.0,1.9,79,13.4,91,C3743,OP0664,13.343091,79.958652,Good,78,Running,S053,Active,Normal,0
EQ01364,Bulldozer,S110,10.8,1.9,80,31.1,81,C7850,OP0336,12.963239,80.279675,Due Soon,77,Running,S110,Active,Normal,0
EQ01365,Dump Truck,S076,5.2,1.6,45,16.3,89,C6768,OP0904,13.013314,80.372749,Good,77,Running,S076,Active,Normal,0
EQ01366,Dump Truck,S019,5.9,0.1,63,33.3,92,C5991,OP0248,12.825551,80.331796,Good,91,Running,S019,Active,Normal,0
EQ01367,Wheel Loader,S104,5.2,0.5,68,28.6,98,C9475,OP0428,13.007344,80.210274,Due Soon,85,Running,S104,Active,Normal,0
EQ01368,Excavator,S008,5.1,1.1,45,15.4,91,C8286,OP0320,13.317204,80.242549,Good,90,Running,S008,Active,Normal,0
EQ01369,Backhoe Loader,S005,5.2,0.8,51,25.4,82,C4275,OP0336,12.763818,80.073322,Due Soon,86,Running,S005,Active,Normal,0
EQ01370,Skid Steer Loader,S084,8.6,0.4,43,36.2,93,C2804,OP0167,12.78125,80.298548,Due Soon,70,Running,S084,Active,Normal,0
EQ01371,Dump Truck,S080,8.1,1.3,76,33.7,91,C8895,OP0942,12.89231,80.053863,Good,95,Running,S080,Active,Normal,0
EQ01372,Backhoe Loader,S050,8.1,0.8,92,20.1,87,C3831,OP0553,13.174289,79.979374,Due Soon,66,Running,S098,Active,Wrong Site,1
EQ01373,Wheel Loader,S047,5.5,0.4,92,13.7,89,C2387,OP0452,12.779847,80.376615,Good,75,Running,S047,Active,Normal,0
EQ01374,Skid Steer Loader,S029,5.0,2.9,84,16.7,88,C5842,OP1138,13.106404,80.363882,Good,91,Running,S029,Active,Normal,0
EQ01375,Excavator,S068,10.5,1.4,72,18.2,97,C8541,OP0182,12.892684,80.147001,Good,82,Running,S068,Active,Normal,0
EQ01376,Dump Truck,S140,5.9,0.1,52,28.4,92,C3846,OP0908,13.144353,80.088126,Good,95,Running,S140,Active,Normal,0
EQ01377,Motor Grader,S061,8.7,0.5,82,12.7,96,C5908,OP1152,12.721634,80.196051,Good,92,Running,S061,Active,Normal,0
EQ01378,Wheel Loader,S009,5.3,2.8,53,14.3,88,C4830,OP0536,12.876868,80.077745,Due Soon,85,Running,S009,Active,Normal,0
EQ01379,Dump Truck,S038,10.3,1.9,39,13.5,86,C2396,OP0049,12.957396,80.230164,Good,87,Running,S038,Active,Normal,0
EQ01380,Motor Grader,S025,7.2,1.7,83,31.9,97,C3164,OP1184,12.700126,80.312734,Good,76,Running,S025,Active,Normal,0
EQ01381,Wheel Loader,S001,6.8,1.2,43,36.3,87,C7353,OP0093,13.318602,80.231819,Good,69,Running,S001,Active,Normal,0
EQ01382,Bulldozer,S035,7.6,0.5,58,12.6,99,C3628,OP0493,13.337747,80.138106,Due Soon,73,Running,S016,Active,Wrong Site,1
EQ01383,Dump Truck,S066,10.7,2.8,84,23.3,95,C6041,OP0409,13.205316,80.336821,Good,93,Running,S066,Active,Normal,0
EQ01384,Dump Truck,S013,5.7,2.9,78,38.1,94,C8059,OP0260,13.281928,80.062941,Good,91,Running,S013,Active,Normal,0
EQ01385,Skid Steer Loader,S064,9.7,2.8,60,37.9,87,C9709,OP0199,12.91408,80.142493,Good,72,Running,S064,Active,Normal,0
EQ01386,Dump Truck,S013,5.4,2.2,93,39.8,85,C6816,OP0279,13.153708,80.268739,Good,80,Running,S013,Active,Normal,0
EQ01387,Wheel Loader,S005,5.1,1.5,38,34.1,92,C8909,OP0295,12.828495,80.063862,Good,65,Running,S005,Active,Normal,0
EQ01388,Dump Truck,S088,7.7,1.3,41,38.9,80,C3162,OP0231,13.1836,80.240682,Due Soon,69,Running,S088,Active,Normal,0
EQ01389,Wheel Loader,S102,10.6,1.9,66,27.4,93,C3103,OP0987,13.129173,80.209346,Good,97,Running,S102,Active,Normal,0
EQ01390,Backhoe Loader,S027,10.3,1.9,76,16.8,90,C9433,OP0282,12.946744,80.180201,Good,70,Running,S027,Active,Normal,0
EQ01391,Wheel Loader,S113,10.9,2.6,86,33.9,82,C4513,OP0911,12.707931,80.133173,Good,67,Running,S113,Active,Normal,0
EQ01392,Excavator,S065,8.8,1.4,62,24.8,95,C6813,OP0922,12.745253,80.180519,Overdue,83,Running,S065,Active,Normal,0
EQ01393,Bulldozer,S039,6.1,3.0,49,27.4,99,C2304,OP0888,12.951133,80.072144,Good,98,Running,S039,Active,Normal,0
EQ01394,Excavator,S087,5.9,2.4,94,23.5,83,C7525,OP0141,12.98824,80.256654,Good,92,Running,S087,Active,Normal,0
EQ01395,Motor Grader,S091,6.5,0.7,88,38.5,96,C5428,OP0959,13.268893,80.361812,Good,85,Running,S091,Expired,Contract Expired,1
EQ01396,Motor Grader,S009,6.2,2.7,76,33.5,82,C4980,OP0605,13.055915,80.101213,Good,79,Running,S009,Active,Normal,0
EQ01397,Excavator,S106,10.5,0.5,47,16.0,100,C1241,OP0071,13.23733,80.174297,Good,65,Running,S106,Active,Normal,0
EQ01398,Backhoe Loader,S126,8.3,0.9,82,36.6,81,C6962,OP0212,13.245716,80.183921,Good,77,Running,S126,Active,Normal,0
EQ01399,Backhoe Loader,S039,5.8,1.8,58,19.5,87,C5177,OP0076,13.205893,80.379497,Due Soon,93,Running,S016,Active,Wrong Site,1
EQ01400,Wheel Loader,S065,7.2,0.1,61,29.2,92,C6198,OP0513,13.088761,80.108902,Good,84,Running,S065,Active,Normal,0
EQ01401,Skid Steer Loader,S058,9.7,0.3,38,37.2,98,C1987,OP0134,12.907592,80.000718,Good,74,Running,S058,Active,Normal,0
EQ01402,Wheel Loader,S036,6.9,2.9,73,25.2,92,C8985,OP0203,13.083956,80.212302,Good,94,Running,S036,Active,Normal,0
EQ01403,Dump Truck,S115,9.7,3.0,68,24.2,81,C6717,OP0225,13.043573,80.332835,Good,89,Running,S115,Active,Normal,0
EQ01404,Excavator,S005,5.9,2.6,66,15.1,86,C4751,OP0982,12.804223,79.95207,Due Soon,73,Running,S005,Active,Normal,0
EQ01405,Wheel Loader,S103,10.1,0.2,85,23.7,90,C9858,OP0550,12.882914,80.385327,Good,92,Running,S103,Active,Normal,0
EQ01406,Skid Steer Loader,S118,8.1,1.8,43,35.7,89,C2766,OP0811,13.34382,80.046056,Due Soon,71,Running,S118,Active,Normal,0
EQ01407,Wheel Loader,S061,5.9,1.2,78,26.8,93,C9563,OP1108,13.220619,80.23751,Good,84,Running,S061,Active,Normal,0
EQ01408,Motor Grader,S136,5.6,2.9,51,15.3,87,C6747,OP1169,13.065032,80.338925,Good,65,Running,S136,Active,Normal,0
EQ01409,Motor Grader,S087,5.2,0.4,38,24.6,88,C7951,OP0530,13.337466,80.208542,Due Soon,86,Running,S087,Active,Normal,0
EQ01410,Skid Steer Loader,S124,8.4,1.5,93,32.4,99,C8394,OP0588,13.14486,80.102457,Good,74,Running,S124,Active,Normal,0
EQ01411,Motor Grader,S121,8.4,2.6,38,14.5,91,C4653,OP0073,12.799387,80.312009,Due Soon,86,Running,S121,Active,Normal,0
EQ01412,Dump Truck,S087,7.6,0.2,64,13.7,85,C3209,OP0691,12.702966,80.22779,Good,89,Running,S087,Active,Normal,0
EQ01413,Skid Steer Loader,S125,5.8,1.1,95,16.4,98,C8546,OP0138,12.847793,80.095688,Good,77,Running,S125,Active,Normal,0
EQ01414,Dump Truck,S106,8.8,1.4,47,37.1,100,C4845,OP0414,13.150775,80.088172,Good,87,Running,S106,Active,Normal,0
EQ01415,Backhoe Loader,S090,8.7,0.9,92,28.8,99,C4990,OP0347,13.183511,80.12376,Good,68,Running,S090,Active,Normal,0
EQ01416,Motor Grader,S096,7.3,1.8,77,23.1,99,C9310,OP0275,12.944566,80.341724,Good,67,Running,S096,Active,Normal,0
EQ01417,Dump Truck,S045,10.2,2.0,80,18.6,92,C4086,OP0671,13.266396,80.060508,Good,89,Running,S045,Active,Normal,0
EQ01418,Dump Truck,S141,10.0,1.6,56,31.8,81,C5889,OP0921,12.949446,80.38518,Good,72,Running,S141,Active,Normal,0
EQ01419,Excavator,S093,8.2,1.3,49,14.5,88,C6182,OP0095,12.760133,80.11339,Good,71,Running,S093,Active,Normal,0
EQ01420,Bulldozer,S108,6.3,2.6,74,19.1,97,C7363,OP0287,12.909377,80.358632,Good,95,Running,S108,Active,Normal,0
EQ01421,Bulldozer,S097,10.3,2.7,35,20.4,90,C3597,OP0616,13.179624,80.145386,Good,95,Running,S097,Active,Normal,0
EQ01422,Motor Grader,S073,5.7,0.9,61,29.1,83,C2627,OP0250,12.80483,80.189046,Good,67,Running,S073,Active,Normal,0
EQ01423,Motor Grader,S008,5.0,1.2,59,24.1,93,C2779,OP0193,13.146847,80.198558,Good,93,Running,S008,Active,Normal,0
EQ01424,Dump Truck,S140,10.7,1.1,37,38.4,87,C3152,OP0589,13.071618,80.103865,Good,87,Running,S140,Active,Normal,0
EQ01425,Motor Grader,S024,9.4,1.7,51,16.9,85,C5576,OP0471,12.95069,80.260435,Good,82,Running,S024,Active,Normal,0
EQ01426,Skid Steer Loader,S112,5.0,0.8,47,33.2,89,C1237,OP0354,12.997718,80.302305,Good,76,Running,S112,Active,Normal,0
EQ01427,Bulldozer,S110,7.6,2.0,45,30.3,80,C6340,OP0788,13.285227,80.308135,Overdue,69,Running,S110,Active,Normal,0
EQ01428,Wheel Loader,S054,0.5,22.0,83,26.6,91,C2772,OP0481,12.728875,80.151099,Good,5,Idle,S054,Active,High Idle,1
EQ01429,Excavator,S111,5.8,0.9,56,23.9,85,C2183,OP0936,12.8702,80.38855,Good,95,Running,S111,Active,Normal,0
EQ01430,Skid Steer Loader,S083,6.0,1.8,71,39.5,98,C6674,OP0082,13.201855,80.19289,Due Soon,96,Running,S083,Active,Normal,0
EQ01431,Dump Truck,S070,6.0,2.9,69,16.3,28,C6434,OP0152,12.980452,80.39605,Overdue,94,Maintenance,S070,Active,Maintenance Overdue,1
EQ01432,Bulldozer,S019,9.7,1.5,87,23.5,83,C8000,OP0112,12.896573,79.964254,Good,93,Running,S019,Active,Normal,0
EQ01433,Wheel Loader,S031,8.6,2.3,95,26.0,100,C9390,OP0971,13.137405,80.041505,Good,87,Running,S031,Active,Normal,0
EQ01434,Skid Steer Loader,S058,5.6,2.2,62,38.1,84,C7874,OP0120,13.042438,80.150921,Good,91,Running,S058,Active,Normal,0
EQ01435,Bulldozer,S007,10.6,2.3,47,30.9,82,C4365,OP0187,13.266406,80.194626,Good,94,Running,S007,Active,Normal,0
EQ01436,Dump Truck,S052,6.4,0.7,70,38.8,86,C6753,OP0548,13.299249,80.092811,Good,84,Running,S052,Active,Normal,0
EQ01437,Wheel Loader,S031,5.3,0.3,86,19.3,95,C5904,OP0062,13.137174,80.237116,Good,87,Running,S031,Active,Normal,0
EQ01438,Excavator,S016,8.0,0.7,90,15.7,91,C9770,OP1150,13.070274,79.973646,Good,85,Running,S016,Active,Normal,0
EQ01439,Excavator,S013,9.9,2.7,38,14.2,86,C3713,,12.753852,80.311649,Good,66,Running,S013,Active,Missing Operator,1
EQ01440,Dump Truck,S108,10.9,1.9,35,24.3,97,C8611,OP0619,13.178718,80.266914,Overdue,86,Running,S108,Active,Normal,0
EQ01441,Motor Grader,S100,10.5,0.6,43,38.0,100,C7927,OP0032,12.772725,80.372008,Good,71,Running,S100,Active,Normal,0
EQ01442,Backhoe Loader,S081,9.6,0.2,35,23.1,93,C5656,OP0592,12.94052,80.046645,Good,74,Running,S081,Active,Normal,0
EQ01443,Wheel Loader,S017,8.3,0.1,54,17.2,86,C5799,OP0721,13.342023,80.360173,Due Soon,73,Running,S017,Active,Normal,0
EQ01444,Skid Steer Loader,S118,8.8,1.9,74,24.1,92,C9906,OP0783,13.340026,80.08919,Good,79,Running,S118,Active,Normal,0
EQ01445,Motor Grader,S002,9.4,2.0,53,21.7,96,C2219,OP1183,13.235705,80.049028,Due Soon,68,Running,S002,Active,Normal,0
EQ01446,Backhoe Loader,S087,7.6,2.1,95,13.5,100,C5873,OP1183,12.827874,80.126442,Due Soon,81,Running,S087,Active,Normal,0
EQ01447,Bulldozer,S034,5.5,2.4,40,39.7,81,C2137,OP0445,13.199983,80.181676,Good,94,Running,S034,Active,Normal,0
EQ01448,Wheel Loader,S079,8.4,2.2,73,19.7,88,C1463,OP0185,13.286379,79.991464,Good,93,Running,S079,Active,Normal,0
EQ01449,Motor Grader,S096,8.5,0.6,50,33.2,92,C8577,OP0117,12.756152,80.074709,Due Soon,83,Running,S096,Active,Normal,0
EQ01450,Wheel Loader,S082,7.9,2.5,61,32.2,96,C1785,OP0540,12.717126,80.098657,Due Soon,93,Running,S082,Active,Normal,0
EQ01451,Wheel Loader,S099,5.8,1.4,50,13.2,97,C2070,OP0083,13.004635,80.185891,Good,67,Running,S099,Active,Normal,0
EQ01452,Skid Steer Loader,S058,6.1,0.9,66,26.8,91,C6781,OP1045,13.253279,80.197598,Good,79,Running,S058,Active,Normal,0
EQ01453,Backhoe Loader,S009,10.8,2.8,39,30.8,94,C1804,OP1091,13.277109,80.371628,Good,80,Running,S009,Active,Normal,0
EQ01454,Skid Steer Loader,S084,8.0,1.6,83,24.7,84,C9047,OP0804,12.991378,80.244491,Good,69,Running,S084,Active,Normal,0
EQ01455,Motor Grader,S145,7.7,2.8,95,16.0,86,C7318,OP0684,12.953059,80.048463,Good,73,Running,S145,Active,Normal,0
EQ01456,Bulldozer,S119,7.3,1.6,36,14.4,80,C8595,OP0764,13.207539,80.295989,Good,76,Running,S119,Active,Normal,0
EQ01457,Wheel Loader,S047,5.4,2.1,45,13.4,80,C3160,OP0728,12.995457,80.113467,Good,74,Running,S047,Active,Normal,0
EQ01458,Skid Steer Loader,S030,9.2,2.2,57,22.5,87,C1415,OP0264,13.278522,80.15514,Good,94,Running,S030,Active,Normal,0
EQ01459,Skid Steer Loader,S143,5.8,1.7,62,12.3,87,C5343,OP0731,12.830671,80.167525,Good,75,Running,S143,Active,Normal,0
EQ01460,Bulldozer,S029,5.0,2.0,52,13.2,92,C1279,OP0107,12.922991,80.358022,Due Soon,80,Running,S029,Active,Normal,0
EQ01461,Wheel Loader,S100,10.1,1.0,49,34.9,81,C7414,,13.165031,80.122127,Good,80,Running,S100,Active,Missing Operator,1
EQ01462,Dump Truck,S054,10.5,1.0,54,16.9,88,C2645,OP1088,13.18784,80.139778,Good,83,Running,S054,Active,Normal,0
EQ01463,Wheel Loader,S125,9.0,3.0,64,12.7,92,C6912,OP1143,13.278933,80.253403,Good,81,Running,S125,Active,Normal,0
EQ01464,Bulldozer,S009,7.8,1.0,79,24.1,88,C6862,OP0031,13.21538,80.100535,Due Soon,68,Running,S009,Active,Normal,0
EQ01465,Wheel Loader,S134,8.5,0.9,38,18.0,84,C5340,OP0481,13.298744,80.194501,Good,93,Running,S134,Active,Normal,0
EQ01466,Bulldozer,S006,6.8,1.2,92,34.0,95,C1331,OP0804,13.346754,80.365675,Good,96,Running,S006,Active,Normal,0
EQ01467,Wheel Loader,S131,7.2,1.0,91,26.8,88,C8625,OP1035,13.016047,80.375439,Good,73,Running,S131,Active,Normal,0
EQ01468,Motor Grader,S076,5.3,1.5,52,17.1,88,C3032,OP1196,13.28912,80.035484,Due Soon,75,Running,S076,Active,Normal,0
EQ01469,Skid Steer Loader,S046,8.7,2.7,85,17.3,91,C5776,OP0215,13.203608,80.036529,Good,82,Running,S046,Active,Normal,0
EQ01470,Wheel Loader,S137,6.0,0.2,61,14.5,86,C2849,OP0807,12.782999,80.227544,Good,74,Running,S137,Active,Normal,0
EQ01471,Motor Grader,S010,7.6,2.6,56,36.7,94,C2492,OP0200,13.165399,80.189558,Good,81,Running,S010,Active,Normal,0
EQ01472,Bulldozer,S130,7.4,2.6,63,36.9,81,C2671,OP1111,12.992214,80.331763,Good,66,Running,S130,Active,Normal,0
EQ01473,Skid Steer Loader,S138,5.7,0.2,50,35.1,100,C6050,OP1067,12.790486,80.03455,Good,73,Running,S138,Active,Normal,0
EQ01474,Excavator,S146,7.7,0.5,92,20.2,98,C9656,OP0236,12.991275,80.105561,Good,84,Running,S146,Active,Normal,0
EQ01475,Wheel Loader,S131,8.8,1.9,41,22.4,86,C5025,OP0443,13.121305,80.175123,Good,73,Running,S131,Active,Normal,0
EQ01476,Dump Truck,S032,8.6,1.0,83,27.8,87,C2074,OP0155,13.093814,80.339101,Good,83,Running,S032,Active,Normal,0
EQ01477,Wheel Loader,S079,9.5,2.7,68,32.0,83,C2461,OP1189,13.104483,80.092909,Good,90,Running,S079,Active,Normal,0
EQ01478,Motor Grader,S070,5.4,0.1,50,23.2,99,C4167,OP0425,13.093996,80.038328,Overdue,72,Running,S070,Active,Normal,0
EQ01479,Bulldozer,S027,7.4,0.6,74,22.4,97,C3262,OP0993,12.868978,80.399578,Overdue,82,Running,S027,Active,Normal,0
EQ01480,Excavator,S113,11.0,0.2,66,14.0,94,C4497,OP0291,12.994587,80.204769,Good,90,Running,S113,Active,Normal,0
EQ01481,Excavator,S140,9.9,1.9,44,29.2,83,C3999,OP0544,13.190677,80.266525,Good,86,Running,S140,Active,Normal,0
EQ01482,Bulldozer,S025,7.9,1.7,47,34.6,84,C8641,OP0033,13.124669,80.379591,Good,75,Running,S025,Active,Normal,0
EQ01483,Excavator,S021,6.9,0.1,49,31.3,95,C7551,OP0099,13.067965,80.379309,Good,74,Running,S021,Active,Normal,0
EQ01484,Backhoe Loader,S048,6.9,16.0,45,14.3,85,C9404,OP0469,12.953661,79.973008,Good,8,Idle,S048,Active,Low Utilization,1
EQ01485,Bulldozer,S059,9.2,2.7,60,34.4,94,C6564,OP0164,12.898773,80.245003,Good,70,Running,S059,Active,Normal,0
EQ01486,Dump Truck,S134,10.5,0.2,41,23.2,80,C3758,OP0776,13.106575,80.394815,Due Soon,78,Running,S134,Active,Normal,0
EQ01487,Motor Grader,S119,7.6,0.2,83,39.8,85,C5244,OP0201,12.933612,80.039465,Good,86,Running,S119,Active,Normal,0
EQ01488,Backhoe Loader,S003,7.9,2.1,82,13.2,92,C4357,OP0306,13.02966,80.015146,Good,76,Running,S003,Active,Normal,0
EQ01489,Wheel Loader,S056,5.0,2.0,67,34.0,82,C1976,OP0746,12.794495,80.148101,Good,72,Running,S056,Active,Normal,0
EQ01490,Motor Grader,S116,7.1,1.2,79,16.6,80,C5577,OP0042,13.227659,79.990172,Good,82,Running,S116,Active,Normal,0
EQ01491,Backhoe Loader,S091,5.9,0.7,75,20.9,90,C9168,OP0448,12.817706,80.372414,Good,93,Running,S091,Active,Normal,0
EQ01492,Motor Grader,S042,10.8,1.6,87,31.7,95,C5428,OP0762,12.861642,80.256783,Good,77,Running,S042,Active,Normal,0
EQ01493,Bulldozer,S128,8.2,1.8,66,20.6,86,C3822,OP1171,13.069584,80.340493,Due Soon,65,Running,S128,Active,Normal,0
EQ01494,Backhoe Loader,S118,9.9,0.8,36,28.3,81,C8968,OP0616,12.940875,80.288849,Good,74,Running,S118,Active,Normal,0
EQ01495,Bulldozer,S147,5.5,2.8,49,23.4,88,C1433,OP0359,12.814567,79.97636,Good,92,Running,S147,Active,Normal,0
EQ01496,Skid Steer Loader,S009,6.2,2.7,40,34.6,89,C1767,OP0498,12.963563,80.325633,Good,90,Running,S009,Active,Normal,0
EQ01497,Skid Steer Loader,S060,5.4,2.1,81,15.5,98,C3338,OP0532,13.00655,80.05498,Good,70,Running,S060,Active,Normal,0
EQ01498,Bulldozer,S018,5.2,1.6,57,26.9,85,C1372,OP0095,12.815093,80.004272,Due Soon,82,Running,S018,Active,Normal,0
EQ01499,Backhoe Loader,S013,6.9,1.7,51,33.5,98,C1781,OP1012,12.81501,80.29166,Due Soon,97,Running,S013,Active,Normal,0
EQ01500,Wheel Loader,S060,8.0,2.4,59,20.1,89,C4823,OP0372,12.898505,80.084465,Due Soon,81,Running,S107,Active,Wrong Site,1
EQ01501,Skid Steer Loader,S022,5.9,0.9,59,15.0,98,C1864,OP0410,12.957129,80.170302,Good,74,Running,S022,Active,Normal,0
EQ01502,Wheel Loader,S022,6.8,2.3,60,15.8,86,C5338,OP0248,12.970604,80.16734,Good,91,Running,S022,Active,Normal,0
EQ01503,Bulldozer,S107,5.3,1.9,63,31.5,96,C3503,OP0383,12.784103,80.111182,Good,80,Running,S107,Active,Normal,0
EQ01504,Bulldozer,S091,8.8,1.6,54,31.1,92,C5258,OP0386,13.039018,80.383641,Good,80,Running,S091,Active,Normal,0
EQ01505,Wheel Loader,S044,6.4,2.7,46,18.0,88,C4572,OP0429,13.059559,79.97698,Due Soon,82,Running,S044,Active,Normal,0
EQ01506,Motor Grader,S096,6.7,1.8,55,17.2,92,C6773,OP0923,13.010038,79.960826,Good,90,Running,S096,Active,Normal,0
EQ01507,Motor Grader,S043,10.1,0.8,89,33.5,91,C9739,OP0697,13.003151,80.373206,Good,77,Running,S043,Active,Normal,0
EQ01508,Wheel Loader,S131,8.9,2.5,76,25.0,91,C9418,OP0860,13.318094,80.028805,Good,72,Running,S131,Active,Normal,0
EQ01509,Wheel Loader,S094,6.2,0.3,67,39.3,99,C5943,OP0791,12.796126,80.055818,Good,68,Running,S094,Active,Normal,0
EQ01510,Bulldozer,S048,10.5,1.5,86,23.6,94,C3898,OP0029,13.025339,80.118871,Good,83,Running,S048,Active,Normal,0
EQ01511,Wheel Loader,S137,8.3,2.8,68,24.5,90,C1890,OP0197,13.185342,80.10668,Good,69,Running,S137,Active,Normal,0
EQ01512,Motor Grader,S079,8.2,0.9,80,17.4,86,C5519,OP0244,13.233643,80.029653,Good,71,Running,S079,Active,Normal,0
EQ01513,Dump Truck,S027,8.0,0.6,57,20.2,88,C2735,OP0815,12.845195,80.135411,Good,69,Running,S027,Active,Normal,0
EQ01514,Skid Steer Loader,S059,8.6,0.8,60,31.3,100,C8750,OP0060,12.732301,80.365642,Due Soon,70,Running,S059,Active,Normal,0
EQ01515,Dump Truck,S083,8.5,0.3,45,165.0,99,C8117,OP0666,12.986518,80.117297,Due Soon,98,Running,S083,Active,Distance Spike,1
EQ01516,Motor Grader,S028,8.0,2.5,65,15.5,82,C6962,OP0513,13.256447,80.225572,Due Soon,70,Running,S028,Active,Normal,0
EQ01517,Skid Steer Loader,S030,5.2,1.9,66,38.3,89,C2649,OP0567,13.007686,80.003807,Good,88,Running,S030,Active,Normal,0
EQ01518,Skid Steer Loader,S095,5.1,1.2,77,18.2,82,C9582,OP0264,13.287979,80.267188,Good,83,Running,S095,Active,Normal,0
EQ01519,Backhoe Loader,S018,7.1,0.6,56,19.0,85,C6404,OP0795,13.019178,80.171119,Good,74,Running,S018,Active,Normal,0
EQ01520,Backhoe Loader,S139,5.6,0.1,72,29.7,80,C5959,OP0129,13.073637,80.050725,Good,84,Running,S139,Active,Normal,0
EQ01521,Dump Truck,S029,10.6,2.1,44,32.2,86,C4773,OP0660,12.905677,80.349496,Good,91,Running,S029,Active,Normal,0
EQ01522,Bulldozer,S126,6.3,0.4,35,39.3,95,C7693,OP1198,12.925625,80.193602,Good,83,Running,S126,Active,Normal,0
EQ01523,Skid Steer Loader,S140,6.0,0.1,60,39.6,85,C3231,OP1130,13.038601,80.143746,Good,77,Running,S140,Active,Normal,0
EQ01524,Skid Steer Loader,S029,5.4,1.5,61,165.0,91,C2922,OP0313,13.115323,80.013778,Overdue,98,Running,S029,Active,Distance Spike,1
EQ01525,Backhoe Loader,S149,6.2,2.7,40,16.1,99,C4927,OP0927,12.750955,80.320593,Good,83,Running,S141,Active,Wrong Site,1
EQ01526,Excavator,S108,7.0,0.6,52,21.0,84,C4177,OP0055,13.147001,80.125553,Good,76,Running,S108,Active,Normal,0
EQ01527,Motor Grader,S005,10.4,2.9,54,24.2,85,C7526,OP1152,13.283909,80.273263,Due Soon,66,Running,S005,Active,Normal,0
EQ01528,Bulldozer,S068,7.7,1.0,77,25.1,85,C8518,OP0329,12.769946,80.234451,Good,85,Running,S068,Active,Normal,0
EQ01529,Wheel Loader,S116,10.4,0.2,90,12.1,93,C3268,OP0133,13.200466,80.288241,Good,87,Running,S116,Active,Normal,0
EQ01530,Skid Steer Loader,S134,6.0,1.9,88,28.1,86,C6915,OP1160,13.286715,80.03857,Good,68,Running,S134,Active,Normal,0
EQ01531,Wheel Loader,S049,8.8,2.7,59,38.6,84,C1638,OP0429,12.96417,80.268083,Due Soon,66,Running,S049,Active,Normal,0
EQ01532,Excavator,S084,10.2,0.7,80,34.7,91,C4150,OP1047,13.304389,80.133431,Good,90,Running,S084,Active,Normal,0
EQ01533,Skid Steer Loader,S028,7.5,0.8,83,31.0,28,C1547,OP0412,13.25561,80.372372,Overdue,95,Maintenance,S028,Active,Maintenance Overdue,1
EQ01534,Wheel Loader,S071,7.3,1.2,90,165.0,96,C5769,OP0255,13.006564,80.107672,Good,98,Running,S071,Active,Distance Spike,1
EQ01535,Motor Grader,S024,10.5,1.2,64,24.7,91,C3232,OP0794,13.083064,79.995534,Good,84,Running,S024,Active,Normal,0
EQ01536,Dump Truck,S074,8.1,2.9,62,19.0,91,C3051,OP0406,12.973049,80.363101,Good,79,Running,S074,Active,Normal,0
EQ01537,Backhoe Loader,S005,9.5,1.4,83,24.7,86,C8597,OP0499,13.038218,80.235811,Good,85,Running,S005,Active,Normal,0
EQ01538,Dump Truck,S102,5.1,2.3,71,32.9,82,C5068,OP1167,13.199593,80.257971,Due Soon,92,Running,S102,Active,Normal,0
EQ01539,Motor Grader,S036,5.3,1.0,81,29.7,82,C6812,OP0862,12.91129,80.161192,Good,80,Running,S036,Active,Normal,0
EQ01540,Bulldozer,S022,8.0,2.4,51,34.7,87,C1908,OP0159,13.324357,80.157317,Good,90,Running,S022,Active,Normal,0
EQ01541,Skid Steer Loader,S092,5.2,0.1,5,18.0,84,C6596,OP0339,12.88435,80.212633,Good,71,Running,S092,Active,Fuel Anomaly,1
EQ01542,Motor Grader,S104,8.3,1.5,86,37.7,96,C9835,OP0362,13.129212,80.210283,Overdue,82,Running,S104,Active,Normal,0
EQ01543,Backhoe Loader,S143,9.0,2.2,62,23.3,96,C7181,OP1141,12.945599,80.382623,Good,95,Running,S143,Active,Normal,0
EQ01544,Wheel Loader,S040,11.0,0.6,59,30.1,93,C8232,OP0516,12.754459,80.361559,Good,96,Running,S040,Active,Normal,0
EQ01545,Wheel Loader,S124,8.5,0.3,38,21.7,97,C4225,OP0666,13.303829,80.124452,Good,90,Running,S124,Active,Normal,0
EQ01546,Motor Grader,S040,7.0,1.7,95,21.5,90,C5323,OP0846,12.775372,80.29908,Due Soon,71,Running,S040,Active,Normal,0
EQ01547,Excavator,S066,10.5,1.0,91,21.0,95,C6684,OP0094,13.208658,80.084196,Good,76,Running,S066,Active,Normal,0
EQ01548,Excavator,S092,10.0,0.9,82,17.4,99,C7941,OP0938,12.736253,80.254807,Good,77,Running,S092,Active,Normal,0
EQ01549,Backhoe Loader,S109,5.7,1.9,50,165.0,82,C1313,OP0028,13.218997,80.366217,Good,98,Running,S109,Active,Distance Spike,1
EQ01550,Wheel Loader,S021,9.5,1.1,64,17.0,80,C7541,OP0112,12.827144,80.325822,Good,91,Running,S021,Active,Normal,0
EQ01551,Skid Steer Loader,S094,7.4,0.2,35,36.5,89,C7917,OP1082,13.041991,80.349633,Good,90,Running,S094,Active,Normal,0
EQ01552,Motor Grader,S091,8.6,0.5,72,18.6,95,C5369,OP0575,13.202737,80.152235,Good,79,Running,S091,Active,Normal,0
EQ01553,Bulldozer,S005,9.9,1.4,84,29.2,100,C8634,OP0043,12.780699,80.289348,Good,85,Running,S005,Active,Normal,0
EQ01554,Motor Grader,S146,5.8,2.9,52,28.5,94,C2202,OP0267,12.760213,80.347054,Due Soon,89,Running,S146,Active,Normal,0
EQ01555,Bulldozer,S142,10.0,2.5,77,33.2,83,C5085,OP0586,12.925183,80.282851,Good,87,Running,S142,Active,Normal,0
EQ01556,Excavator,S079,9.5,0.4,52,14.6,92,C4357,OP0913,13.190276,79.963112,Good,68,Running,S079,Active,Normal,0
EQ01557,Motor Grader,S083,11.0,1.3,39,14.1,85,C3601,OP0378,13.015086,79.955812,Good,90,Running,S083,Active,Normal,0
EQ01558,Dump Truck,S050,5.7,1.6,45,14.0,97,C6067,OP0265,13.296807,79.9922,Good,66,Running,S050,Active,Normal,0
EQ01559,Excavator,S115,9.6,0.4,86,18.2,89,C9925,OP0469,13.322278,80.146003,Due Soon,75,Running,S115,Active,Normal,0
EQ01560,Excavator,S040,10.5,2.7,75,18.5,96,C4345,OP0639,13.068878,80.060679,Good,90,Running,S040,Active,Normal,0
EQ01561,Excavator,S126,7.9,1.7,70,25.9,85,C9795,OP0982,12.932925,80.198197,Good,97,Running,S126,Active,Normal,0
EQ01562,Backhoe Loader,S119,8.2,0.4,43,37.6,81,C7110,OP1122,12.719938,80.360382,Good,95,Running,S119,Active,Normal,0
EQ01563,Bulldozer,S122,9.3,1.4,69,37.4,82,C9229,OP0093,13.008361,80.131065,Good,86,Running,S122,Active,Normal,0
EQ01564,Excavator,S070,9.3,2.0,89,13.6,89,C5041,OP0299,13.339285,80.191279,Good,76,Running,S070,Active,Normal,0
EQ01565,Wheel Loader,S084,7.4,0.7,93,39.9,96,C7498,OP0687,13.319917,80.012828,Good,89,Running,S084,Active,Normal,0
EQ01566,Excavator,S123,6.1,3.0,66,34.0,84,C2074,OP0023,12.726756,79.978652,Good,90,Running,S123,Active,Normal,0
EQ01567,Dump Truck,S024,9.1,0.5,61,35.4,87,C4494,OP0969,13.137187,80.111408,Good,95,Running,S024,Active,Normal,0
EQ01568,Wheel Loader,S068,8.3,3.0,58,32.2,91,C5888,OP0846,13.13476,80.24487,Good,77,Running,S068,Active,Normal,0
EQ01569,Excavator,S109,7.6,16.0,52,28.6,96,C4365,OP0749,12.755625,80.135852,Due Soon,8,Idle,S109,Active,Low Utilization,1
EQ01570,Excavator,S048,6.3,0.2,74,26.6,94,C9922,OP0549,12.931806,80.08842,Good,74,Running,S048,Active,Normal,0
EQ01571,Excavator,S013,7.0,0.1,70,38.8,80,C4315,OP0038,13.30176,80.290519,Due Soon,73,Running,S013,Active,Normal,0
EQ01572,Dump Truck,S009,7.8,0.3,78,28.5,28,C8413,OP1025,12.994752,79.983056,Overdue,72,Maintenance,S009,Active,Maintenance Overdue,1
EQ01573,Excavator,S038,7.8,0.6,52,35.5,88,C2551,OP0101,12.890733,80.155992,Good,79,Running,S038,Active,Normal,0
EQ01574,Skid Steer Loader,S123,5.2,1.4,41,27.9,81,C6422,OP0654,13.27407,80.011915,Good,65,Running,S123,Active,Normal,0
EQ01575,Wheel Loader,S077,5.7,0.2,93,20.4,94,C8985,OP0875,12.844901,80.006589,Good,85,Running,S077,Active,Normal,0
EQ01576,Backhoe Loader,S013,8.2,2.7,74,31.2,90,C2794,OP0933,12.785764,80.259928,Good,94,Running,S013,Active,Normal,0
EQ01577,Bulldozer,S147,10.4,0.2,48,34.7,86,C5349,OP0669,12.716848,80.129725,Good,67,Running,S147,Active,Normal,0
EQ01578,Skid Steer Loader,S032,5.4,2.3,37,19.0,87,C8369,OP0967,12.810451,80.097066,Good,98,Running,S008,Active,Wrong Site,1
EQ01579,Skid Steer Loader,S024,7.5,2.0,57,28.3,92,C6217,OP0986,13.021927,80.05941,Good,72,Running,S024,Active,Normal,0
EQ01580,Dump Truck,S109,10.5,0.4,35,30.0,80,C8372,OP0750,12.789267,80.038221,Due Soon,70,Running,S109,Active,Normal,0
EQ01581,Wheel Loader,S113,6.5,2.8,93,36.6,83,C7839,,13.116344,80.239852,Good,73,Running,S113,Active,Missing Operator,1
EQ01582,Bulldozer,S026,10.1,2.2,71,39.0,84,C4106,OP0960,12.921811,80.112193,Good,93,Running,S026,Active,Normal,0
EQ01583,Excavator,S047,8.4,2.8,54,31.4,89,C9648,OP0547,13.066164,80.210873,Good,90,Running,S047,Active,Normal,0
EQ01584,Motor Grader,S050,8.6,2.6,53,12.9,86,C4976,OP0155,13.275458,80.107285,Good,90,Running,S050,Active,Normal,0
EQ01585,Skid Steer Loader,S078,6.4,2.5,37,15.9,100,C5461,OP1025,12.799366,80.315786,Good,68,Running,S078,Active,Normal,0
EQ01586,Wheel Loader,S022,9.9,2.0,88,30.7,91,C4965,,12.856702,80.118718,Good,69,Running,S022,Active,Missing Operator,1
EQ01587,Skid Steer Loader,S092,5.1,1.1,44,36.7,88,C3959,OP0182,13.117684,80.082478,Good,76,Running,S092,Active,Normal,0
EQ01588,Dump Truck,S034,10.6,2.9,52,23.6,92,C8902,OP0440,12.957134,80.010222,Good,80,Running,S034,Active,Normal,0
EQ01589,Dump Truck,S049,7.8,2.6,81,15.9,84,C4621,OP0845,13.181156,80.168258,Due Soon,74,Running,S049,Active,Normal,0
EQ01590,Excavator,S135,5.3,0.0,38,19.9,86,C6940,OP0690,12.928055,79.952386,Good,85,Running,S135,Active,Normal,0
EQ01591,Skid Steer Loader,S098,0.5,22.0,65,14.3,99,C4514,OP0694,12.981885,80.366614,Overdue,5,Idle,S098,Active,High Idle,1
EQ01592,Skid Steer Loader,S090,9.2,2.4,88,37.6,28,C6563,OP0809,12.793683,80.039757,Overdue,73,Maintenance,S090,Active,Maintenance Overdue,1
EQ01593,Motor Grader,S144,5.0,0.0,89,23.4,100,C6995,OP1162,12.723061,79.956408,Good,83,Running,S144,Active,Normal,0
EQ01594,Motor Grader,S016,7.7,1.4,94,29.6,96,C9309,OP0004,12.818645,80.399023,Good,85,Running,S016,Active,Normal,0
EQ01595,Wheel Loader,S006,8.6,1.8,37,165.0,91,C6962,OP0019,12.91745,80.256266,Good,98,Running,S006,Active,Distance Spike,1
EQ01596,Excavator,S001,7.2,2.8,87,34.5,83,C2276,OP0730,13.123907,80.002296,Good,85,Running,S001,Active,Normal,0
EQ01597,Motor Grader,S006,10.2,2.4,94,30.0,95,C4706,OP0460,12.788901,80.09762,Good,88,Running,S006,Active,Normal,0
EQ01598,Excavator,S110,5.1,1.1,65,32.9,96,C5094,OP1042,13.200471,80.301889,Good,89,Running,S110,Active,Normal,0
EQ01599,Skid Steer Loader,S083,6.7,1.6,57,34.2,28,C7616,OP0912,12.764501,80.35714,Overdue,96,Maintenance,S083,Active,Maintenance Overdue,1
EQ01600,Motor Grader,S079,7.1,2.2,48,36.9,91,C7740,OP0467,12.989244,80.257637,Good,84,Running,S079,Active,Normal,0
EQ01601,Excavator,S053,10.6,0.7,84,14.2,92,C8876,OP0272,12.852623,79.976628,Good,93,Running,S053,Active,Normal,0
EQ01602,Dump Truck,S012,10.5,1.1,74,16.1,82,C9565,OP0346,13.282674,80.249735,Good,86,Running,S012,Active,Normal,0
EQ01603,Excavator,S027,7.9,2.9,5,18.0,86,C8192,OP0612,12.895595,79.997373,Good,76,Running,S027,Active,Fuel Anomaly,1
EQ01604,Excavator,S019,0.5,22.0,74,31.7,86,C8344,OP1107,12.938382,80.242353,Good,5,Idle,S019,Active,High Idle,1
EQ01605,Bulldozer,S143,10.6,0.7,63,26.3,97,C6261,OP0310,12.80862,80.302296,Good,68,Running,S057,Active,Wrong Site,1
EQ01606,Dump Truck,S117,6.0,1.7,53,38.6,85,C9322,OP0017,12.887504,80.145043,Overdue,87,Running,S117,Active,Normal,0
EQ01607,Wheel Loader,S129,7.4,1.1,80,25.2,87,C3079,OP0421,13.144837,80.20397,Good,71,Running,S129,Active,Normal,0
EQ01608,Motor Grader,S003,7.9,2.7,36,22.9,80,C7171,OP0175,13.119093,80.190625,Good,96,Running,S003,Active,Normal,0
EQ01609,Bulldozer,S129,9.4,2.0,71,32.6,84,C4794,OP1109,13.132248,80.088848,Overdue,82,Running,S129,Active,Normal,0
EQ01610,Skid Steer Loader,S097,9.9,0.2,42,14.5,87,C8553,OP0959,12.873786,79.957283,Good,71,Running,S097,Active,Normal,0
EQ01611,Motor Grader,S103,9.4,0.8,85,24.1,97,C4777,OP0781,13.086559,79.989583,Good,79,Running,S103,Active,Normal,0
EQ01612,Excavator,S075,7.2,0.1,78,14.2,89,C3721,OP1061,12.936967,79.954724,Good,96,Running,S075,Expired,Contract Expired,1
EQ01613,Skid Steer Loader,S050,7.7,0.2,92,27.6,91,C1321,OP0734,13.268423,80.319871,Good,91,Running,S050,Active,Normal,0
EQ01614,Backhoe Loader,S021,10.2,1.8,42,35.7,88,C2438,OP1097,12.748772,79.951552,Good,97,Running,S021,Active,Normal,0
EQ01615,Excavator,S144,6.2,2.5,71,20.2,83,C2636,OP0621,13.003345,80.077949,Good,97,Running,S144,Active,Normal,0
EQ01616,Excavator,S130,9.0,1.4,87,12.8,97,C3998,OP0135,12.741894,80.394118,Good,87,Running,S130,Active,Normal,0
EQ01617,Backhoe Loader,S007,8.9,1.4,51,26.0,80,C7965,OP0674,12.711819,80.199444,Good,82,Running,S007,Active,Normal,0
EQ01618,Wheel Loader,S096,5.8,2.9,68,29.6,98,C4252,OP0979,13.27354,80.295896,Good,93,Running,S096,Active,Normal,0
EQ01619,Motor Grader,S018,6.0,1.3,70,17.3,97,C2119,OP0354,12.755724,80.361134,Good,82,Running,S018,Expired,Contract Expired,1
EQ01620,Wheel Loader,S050,8.8,0.3,90,33.8,83,C4472,OP0741,12.729405,80.162781,Due Soon,95,Running,S050,Active,Normal,0
EQ01621,Bulldozer,S035,7.7,1.0,52,12.1,84,C7686,OP1060,13.088627,80.3422,Good,67,Running,S035,Active,Normal,0
EQ01622,Dump Truck,S073,7.9,0.1,40,38.1,95,C6893,OP0693,12.968779,80.18043,Good,71,Running,S073,Active,Normal,0
EQ01623,Backhoe Loader,S019,8.0,2.5,73,20.0,98,C2429,OP0475,12.878121,80.15153,Overdue,88,Running,S019,Active,Normal,0
EQ01624,Motor Grader,S061,7.0,16.0,66,16.9,90,C2700,OP0812,13.246481,80.376742,Good,8,Idle,S061,Active,Low Utilization,1
EQ01625,Motor Grader,S067,7.5,0.9,52,165.0,88,C6145,OP0549,12.945826,80.373962,Good,98,Running,S067,Active,Distance Spike,1
EQ01626,Bulldozer,S046,8.1,2.3,5,18.0,92,C1093,OP1055,12.766256,80.31336,Good,67,Running,S046,Active,Fuel Anomaly,1
EQ01627,Wheel Loader,S145,7.2,2.2,86,29.3,81,C4409,OP0391,12.966916,80.319047,Good,70,Running,S145,Active,Normal,0
EQ01628,Motor Grader,S005,7.4,0.4,56,30.0,81,C8415,OP0517,12.949277,80.313448,Good,93,Running,S005,Active,Normal,0
EQ01629,Motor Grader,S064,6.0,1.7,56,23.0,98,C4770,OP0958,13.118446,80.133944,Good,92,Running,S064,Active,Normal,0
EQ01630,Excavator,S063,5.6,1.0,81,19.2,87,C4081,OP1098,13.094055,79.972061,Good,92,Running,S063,Active,Normal,0
EQ01631,Dump Truck,S064,9.0,1.6,71,22.0,81,C6089,,13.064878,80.396564,Good,90,Running,S064,Active,Missing Operator,1
EQ01632,Dump Truck,S105,8.4,2.0,82,31.0,82,C2896,OP0813,13.295899,80.234864,Overdue,73,Running,S105,Active,Normal,0
EQ01633,Wheel Loader,S017,5.6,1.2,69,25.5,97,C6123,OP0760,13.134265,80.118793,Good,83,Running,S017,Active,Normal,0
EQ01634,Skid Steer Loader,S046,10.0,2.7,60,40.0,99,C5458,OP0128,13.305675,80.210155,Good,71,Running,S046,Active,Normal,0
EQ01635,Motor Grader,S071,6.0,1.3,36,22.8,89,C1851,OP0332,12.911268,79.978605,Good,90,Running,S071,Active,Normal,0
EQ01636,Wheel Loader,S149,10.0,2.0,39,29.3,86,C5708,OP1155,13.222103,80.255045,Due Soon,74,Running,S149,Active,Normal,0
EQ01637,Wheel Loader,S125,9.2,2.3,5,18.0,84,C9042,OP0639,13.132452,80.334916,Good,71,Running,S125,Active,Fuel Anomaly,1
EQ01638,Backhoe Loader,S148,9.5,0.4,59,27.9,82,C6252,OP0150,12.955013,80.019039,Good,74,Running,S148,Active,Normal,0
EQ01639,Motor Grader,S028,9.7,1.1,69,37.6,95,C6955,OP0352,12.747378,80.088268,Due Soon,77,Running,S028,Active,Normal,0
EQ01640,Wheel Loader,S083,10.1,0.8,38,18.1,99,C4898,OP0349,13.220929,80.274012,Good,94,Running,S065,Active,Wrong Site,1
EQ01641,Dump Truck,S041,9.2,0.5,50,23.8,89,C4831,OP0083,12.799144,79.98626,Good,74,Running,S041,Active,Normal,0
EQ01642,Dump Truck,S100,10.8,2.5,47,15.3,84,C1220,OP0206,13.016662,80.227385,Good,80,Running,S100,Active,Normal,0
EQ01643,Wheel Loader,S089,10.6,1.3,53,25.3,91,C8683,OP0732,12.895658,80.003911,Good,72,Running,S089,Active,Normal,0
EQ01644,Skid Steer Loader,S087,6.6,0.1,56,39.8,87,C3872,OP0248,12.707273,80.005453,Good,82,Running,S087,Active,Normal,0
EQ01645,Backhoe Loader,S103,9.8,2.4,40,26.6,99,C1090,OP0033,12.809284,79.985688,Good,94,Running,S103,Active,Normal,0
EQ01646,Motor Grader,S149,8.7,0.2,55,25.0,92,C5027,OP0682,13.332688,80.072502,Good,77,Running,S149,Active,Normal,0
EQ01647,Dump Truck,S127,9.3,2.1,70,26.8,97,C2824,OP0831,13.241607,80.184152,Good,84,Running,S127,Active,Normal,0
EQ01648,Backhoe Loader,S022,5.8,2.9,43,18.4,80,C6359,OP0344,12.70566,80.24696,Good,98,Running,S022,Active,Normal,0
EQ01649,Motor Grader,S090,5.9,1.2,47,30.5,95,C9484,OP0404,13.061132,80.284533,Good,83,Running,S090,Active,Normal,0
EQ01650,Skid Steer Loader,S058,10.8,2.2,45,24.0,95,C6784,OP0401,12.805648,79.998567,Good,66,Running,S058,Active,Normal,0
EQ01651,Motor Grader,S112,7.5,2.3,64,26.0,99,C9391,OP0861,12.920158,80.070886,Good,73,Running,S112,Active,Normal,0
EQ01652,Excavator,S140,9.0,0.9,59,40.0,91,C2668,OP0774,13.230112,80.273679,Good,66,Running,S140,Active,Normal,0
EQ01653,Motor Grader,S032,10.6,1.1,74,38.9,28,C2251,OP1061,12.785409,80.206805,Overdue,92,Maintenance,S032,Active,Maintenance Overdue,1
EQ01654,Excavator,S023,8.4,0.2,39,15.6,82,C2356,OP0358,13.005512,79.986437,Good,86,Running,S023,Active,Normal,0
EQ01655,Skid Steer Loader,S086,10.7,2.7,89,38.6,93,C9043,OP0646,13.263802,80.187709,Good,73,Running,S086,Active,Normal,0
EQ01656,Bulldozer,S044,8.2,1.6,89,32.3,91,C9271,OP0726,13.335234,80.172066,Good,83,Running,S044,Active,Normal,0
EQ01657,Motor Grader,S095,6.1,1.6,38,34.2,86,C9526,OP1190,13.060236,80.390648,Good,69,Running,S095,Active,Normal,0
EQ01658,Bulldozer,S068,8.0,2.0,92,18.5,91,C7446,OP0728,13.025071,80.159165,Good,69,Running,S068,Active,Normal,0
EQ01659,Skid Steer Loader,S117,8.6,0.2,90,16.7,89,C9287,OP0863,13.047122,80.078939,Due Soon,86,Running,S117,Active,Normal,0
EQ01660,Backhoe Loader,S133,7.0,2.1,86,25.8,98,C4293,OP0155,13.327265,80.36812,Due Soon,77,Running,S133,Active,Normal,0
EQ01661,Wheel Loader,S103,9.1,2.8,37,31.1,96,C3987,OP0150,12.88859,80.181605,Due Soon,79,Running,S103,Active,Normal,0
EQ01662,Bulldozer,S070,6.8,0.0,51,12.6,81,C7260,OP0893,13.246055,80.119475,Good,68,Running,S070,Active,Normal,0
EQ01663,Excavator,S124,9.5,0.3,57,27.1,86,C7134,OP0625,12.790868,80.268482,Due Soon,77,Running,S124,Active,Normal,0
EQ01664,Motor Grader,S012,11.0,0.9,77,27.1,89,C1392,OP1080,12.946021,80.016818,Good,84,Running,S012,Active,Normal,0
EQ01665,Skid Steer Loader,S054,7.7,0.6,42,16.2,80,C9779,OP0536,12.909066,80.341345,Good,79,Running,S054,Active,Normal,0
EQ01666,Skid Steer Loader,S145,5.9,1.3,59,32.5,94,C4929,OP0879,13.16459,80.036238,Good,78,Running,S145,Active,Normal,0
EQ01667,Skid Steer Loader,S133,6.5,1.7,60,16.3,99,C4084,OP0507,13.147406,80.280288,Good,90,Running,S133,Active,Normal,0
EQ01668,Excavator,S075,10.2,2.4,51,18.4,81,C3990,OP0321,12.999511,80.197125,Due Soon,81,Running,S075,Active,Normal,0
EQ01669,Dump Truck,S037,10.2,1.2,89,23.3,93,C5015,OP0409,12.857333,80.070343,Good,96,Running,S037,Active,Normal,0
EQ01670,Bulldozer,S086,7.0,1.0,91,30.5,92,C8410,OP0165,12.794255,80.33297,Overdue,98,Running,S086,Expired,Contract Expired,1
EQ01671,Wheel Loader,S019,9.3,3.0,93,23.0,90,C2285,OP1112,13.101187,80.370202,Good,76,Running,S019,Active,Normal,0
EQ01672,Skid Steer Loader,S003,8.4,2.1,36,28.5,83,C2236,OP0052,12.945871,80.199876,Good,73,Running,S003,Active,Normal,0
EQ01673,Dump Truck,S074,6.3,2.1,74,27.8,98,C5566,OP0835,12.708474,80.263511,Due Soon,80,Running,S074,Active,Normal,0
EQ01674,Motor Grader,S080,6.6,2.2,53,13.8,80,C1101,OP1168,13.035539,80.38334,Good,65,Running,S080,Active,Normal,0
EQ01675,Bulldozer,S125,6.2,1.9,59,29.9,88,C2733,OP0825,12.863121,80.38926,Due Soon,66,Running,S125,Active,Normal,0
EQ01676,Wheel Loader,S127,10.2,2.3,74,22.7,99,C7667,OP0781,12.770831,79.995642,Good,93,Running,S127,Active,Normal,0
EQ01677,Excavator,S064,7.3,2.0,41,12.4,100,C1228,OP0291,13.016292,80.363756,Good,66,Running,S064,Active,Normal,0
EQ01678,Skid Steer Loader,S094,8.2,1.1,44,32.4,95,C9268,OP1178,13.341476,80.079914,Due Soon,70,Running,S094,Active,Normal,0
EQ01679,Dump Truck,S111,5.2,0.4,69,19.9,86,C5523,OP0121,12.749416,80.381813,Good,96,Running,S111,Active,Normal,0
EQ01680,Dump Truck,S065,9.1,0.7,42,34.8,83,C1152,OP0255,13.129746,79.974314,Good,89,Running,S065,Active,Normal,0
EQ01681,Excavator,S109,9.6,0.2,58,27.0,99,C9908,OP1191,13.165027,80.176302,Good,77,Running,S109,Active,Normal,0
EQ01682,Backhoe Loader,S009,5.6,2.5,57,25.0,98,C3760,OP0398,12.829483,80.278133,Good,69,Running,S009,Active,Normal,0
EQ01683,Bulldozer,S094,7.8,2.5,64,32.9,95,C5159,OP0951,12.820421,80.087883,Good,89,Running,S094,Active,Normal,0
EQ01684,Skid Steer Loader,S026,7.9,2.9,36,30.7,87,C2229,OP0176,12.723042,80.351209,Good,70,Running,S026,Active,Normal,0
EQ01685,Backhoe Loader,S141,6.8,1.0,85,12.3,81,C2800,OP0866,12.891966,80.063509,Good,76,Running,S141,Active,Normal,0
EQ01686,Excavator,S010,6.8,1.2,68,13.6,84,C5681,OP0154,13.058596,80.300886,Good,79,Running,S010,Active,Normal,0
EQ01687,Dump Truck,S137,9.3,1.6,83,21.2,93,C6766,OP0054,13.286492,80.1448,Good,67,Running,S137,Active,Normal,0
EQ01688,Dump Truck,S052,9.9,2.8,52,17.5,99,C1562,OP0271,13.054186,80.089319,Good,91,Running,S052,Active,Normal,0
EQ01689,Dump Truck,S111,5.4,16.0,47,27.7,96,C1101,OP0892,12.913349,80.030876,Good,8,Idle,S111,Active,Low Utilization,1
EQ01690,Bulldozer,S013,10.4,1.1,88,31.5,88,C2407,OP0388,12.903248,80.286797,Due Soon,76,Running,S013,Active,Normal,0
EQ01691,Dump Truck,S024,6.0,0.1,42,22.3,89,C3745,OP0892,12.98939,80.025617,Good,69,Running,S024,Active,Normal,0
EQ01692,Skid Steer Loader,S114,7.1,0.2,68,15.5,95,C8378,OP1071,13.25282,80.018084,Good,73,Running,S114,Active,Normal,0
EQ01693,Wheel Loader,S030,6.3,0.5,48,17.2,95,C5600,OP1098,13.259649,80.349673,Good,86,Running,S030,Active,Normal,0
EQ01694,Bulldozer,S061,8.6,2.0,60,21.7,84,C9836,OP1189,12.823023,79.97117,Good,76,Running,S061,Active,Normal,0
EQ01695,Skid Steer Loader,S033,10.8,0.5,59,36.4,93,C5292,OP0370,12.750489,80.276513,Due Soon,79,Running,S033,Active,Normal,0
EQ01696,Skid Steer Loader,S132,9.0,2.4,44,18.2,87,C6523,OP0961,13.060892,80.235381,Good,66,Running,S132,Active,Normal,0
EQ01697,Wheel Loader,S099,8.4,1.4,40,22.2,95,C9273,OP0095,12.919486,80.380686,Good,86,Running,S099,Active,Normal,0
EQ01698,Motor Grader,S139,7.4,2.3,36,15.2,92,C6628,OP0371,13.104654,80.257354,Good,84,Running,S139,Active,Normal,0
EQ01699,Excavator,S069,10.8,1.8,37,24.7,96,C6136,OP0093,13.210499,80.295193,Good,71,Running,S069,Active,Normal,0
EQ01700,Bulldozer,S119,9.8,0.6,78,35.0,82,C9128,OP0195,12.918389,80.010128,Due Soon,95,Running,S119,Active,Normal,0
EQ01701,Excavator,S147,10.0,0.8,50,36.1,83,C9090,OP1055,12.821377,80.27273,Good,85,Running,S147,Active,Normal,0
EQ01702,Skid Steer Loader,S018,9.3,2.0,70,16.0,96,C9335,OP0310,12.918953,79.994527,Good,74,Running,S018,Active,Normal,0
EQ01703,Motor Grader,S074,6.0,1.7,61,30.2,95,C2558,OP1042,12.920999,80.150379,Good,83,Running,S074,Active,Normal,0
EQ01704,Wheel Loader,S141,8.4,2.6,42,17.4,90,C9994,OP0883,13.22253,80.109659,Good,89,Running,S141,Active,Normal,0
EQ01705,Bulldozer,S064,10.4,1.2,71,17.7,100,C4264,OP0637,13.076074,79.966199,Due Soon,91,Running,S064,Active,Normal,0
EQ01706,Motor Grader,S084,5.1,2.5,71,20.5,91,C8120,OP0594,13.221344,80.298275,Due Soon,94,Running,S084,Active,Normal,0
EQ01707,Wheel Loader,S101,6.7,2.3,90,30.8,80,C4620,OP0131,13.091368,79.977531,Good,97,Running,S101,Active,Normal,0
EQ01708,Backhoe Loader,S072,7.7,0.8,78,38.6,95,C6678,OP0226,12.84963,80.26539,Good,75,Running,S072,Active,Normal,0
EQ01709,Wheel Loader,S062,8.5,0.1,76,33.6,88,C2037,OP0138,12.82409,80.108369,Due Soon,98,Running,S062,Active,Normal,0
EQ01710,Wheel Loader,S095,8.5,2.6,81,33.3,85,C8415,OP0151,12.915309,80.132517,Good,83,Running,S095,Active,Normal,0
EQ01711,Backhoe Loader,S071,5.1,0.0,82,23.3,89,C7677,OP0316,12.968201,80.195924,Good,74,Running,S071,Active,Normal,0
EQ01712,Motor Grader,S101,10.4,0.4,69,37.7,97,C6759,OP1101,12.837703,79.953662,Good,65,Running,S101,Active,Normal,0
EQ01713,Excavator,S086,0.5,22.0,38,15.1,84,C1360,OP0942,13.254318,79.953729,Good,5,Idle,S086,Active,High Idle,1
EQ01714,Skid Steer Loader,S044,5.2,2.0,82,16.6,81,C5964,OP0023,12.983265,80.239774,Good,89,Running,S044,Active,Normal,0
EQ01715,Skid Steer Loader,S064,9.0,1.7,66,33.1,28,C4033,OP0585,13.184101,80.304239,Overdue,87,Maintenance,S064,Active,Maintenance Overdue,1
EQ01716,Bulldozer,S148,5.4,2.1,39,36.0,89,C8968,OP0641,12.887727,80.022073,Good,71,Running,S148,Active,Normal,0
EQ01717,Dump Truck,S074,7.6,0.5,63,31.2,98,C8546,OP0117,12.847371,80.35109,Good,79,Running,S074,Active,Normal,0
EQ01718,Bulldozer,S050,5.3,1.9,76,21.9,99,C8218,OP0697,13.07916,80.3078,Good,92,Running,S050,Active,Normal,0
EQ01719,Excavator,S089,7.6,1.3,89,31.4,91,C4968,OP1138,13.110769,80.138126,Good,66,Running,S089,Active,Normal,0
EQ01720,Wheel Loader,S061,0.5,22.0,86,25.1,93,C3759,OP0882,12.953931,80.041646,Overdue,5,Idle,S061,Active,High Idle,1
EQ01721,Backhoe Loader,S131,10.2,1.4,36,25.9,83,C1452,OP0493,13.266422,79.962172,Good,85,Running,S131,Active,Normal,0
EQ01722,Excavator,S045,5.1,2.1,36,19.8,95,C7522,OP0493,13.086488,79.98304,Good,82,Running,S045,Active,Normal,0
EQ01723,Motor Grader,S011,5.8,0.1,56,38.3,98,C8053,OP0288,12.764913,80.239862,Good,93,Running,S011,Active,Normal,0
EQ01724,Backhoe Loader,S070,7.9,0.1,63,15.4,85,C7262,OP1022,13.088271,80.281791,Good,76,Running,S070,Active,Normal,0
EQ01725,Excavator,S043,7.9,3.0,87,21.3,83,C8595,OP0593,13.343248,80.149896,Good,92,Running,S043,Active,Normal,0
EQ01726,Skid Steer Loader,S118,9.8,0.2,91,39.3,97,C5678,OP0237,13.12465,80.136795,Due Soon,75,Running,S118,Active,Normal,0
EQ01727,Skid Steer Loader,S019,9.3,2.0,73,30.1,28,C1727,OP0212,13.193821,80.121727,Overdue,90,Maintenance,S019,Active,Maintenance Overdue,1
EQ01728,Bulldozer,S101,9.2,1.0,53,23.0,81,C7716,OP0899,12.778691,80.116445,Good,75,Running,S101,Active,Normal,0
EQ01729,Motor Grader,S104,6.0,0.4,59,24.6,88,C2016,OP0223,12.969352,80.307146,Good,88,Running,S104,Active,Normal,0
EQ01730,Dump Truck,S114,5.9,2.3,84,14.6,100,C4441,OP0470,13.284595,80.308761,Good,93,Running,S114,Active,Normal,0
EQ01731,Dump Truck,S095,8.0,0.4,88,20.2,96,C1279,OP1131,13.119829,80.039694,Good,68,Running,S095,Active,Normal,0
EQ01732,Skid Steer Loader,S024,7.1,0.2,84,24.2,94,C5955,OP0148,12.764839,79.954776,Good,71,Running,S136,Active,Wrong Site,1
EQ01733,Dump Truck,S051,9.0,2.3,37,39.4,94,C4980,OP0736,12.947321,80.114897,Due Soon,68,Running,S051,Active,Normal,0
EQ01734,Motor Grader,S004,8.6,2.7,77,24.7,86,C8064,OP1069,13.063804,79.966051,Good,76,Running,S004,Active,Normal,0
EQ01735,Motor Grader,S011,10.0,2.9,71,32.3,84,C2691,OP0439,13.152355,80.179198,Good,71,Running,S011,Active,Normal,0
EQ01736,Backhoe Loader,S058,7.8,2.0,62,27.0,96,C3128,OP1022,13.284193,80.204401,Good,94,Running,S058,Active,Normal,0
EQ01737,Wheel Loader,S068,7.7,0.1,94,24.2,87,C1570,OP1120,13.245612,80.196927,Good,69,Running,S068,Active,Normal,0
EQ01738,Motor Grader,S135,10.5,2.8,92,33.1,93,C7852,OP0177,13.068314,80.317112,Good,71,Running,S135,Active,Normal,0
EQ01739,Wheel Loader,S118,10.5,0.1,89,34.4,88,C6984,OP0855,13.212662,80.363952,Due Soon,87,Running,S118,Active,Normal,0
EQ01740,Wheel Loader,S005,7.7,0.7,83,39.3,97,C1773,OP0981,13.31829,80.349589,Good,87,Running,S005,Active,Normal,0
EQ01741,Skid Steer Loader,S114,8.8,0.3,63,27.5,100,C8490,OP0192,12.780845,80.156605,Due Soon,91,Running,S114,Active,Normal,0
EQ01742,Excavator,S128,8.2,0.3,5,18.0,94,C7412,OP0209,13.235831,80.351277,Good,85,Running,S128,Active,Fuel Anomaly,1
EQ01743,Motor Grader,S032,6.3,2.5,77,34.3,95,C2876,OP0419,13.321659,80.157499,Good,67,Running,S032,Active,Normal,0
EQ01744,Backhoe Loader,S114,7.5,0.9,74,21.4,96,C3554,OP0032,13.216743,80.277149,Good,85,Running,S114,Active,Normal,0
EQ01745,Bulldozer,S123,9.4,1.7,46,29.2,100,C3453,OP0134,13.281179,80.097202,Good,92,Running,S123,Active,Normal,0
EQ01746,Bulldozer,S090,5.2,0.8,51,12.7,94,C5181,OP0965,13.194707,80.357241,Good,65,Running,S090,Active,Normal,0
EQ01747,Skid Steer Loader,S035,6.7,0.8,37,38.6,96,C6373,OP1044,12.961451,80.308702,Good,89,Running,S035,Active,Normal,0
EQ01748,Bulldozer,S142,7.5,2.3,83,165.0,90,C5569,OP0001,12.993532,80.373548,Due Soon,98,Running,S142,Active,Distance Spike,1
EQ01749,Wheel Loader,S124,10.1,2.1,67,30.9,88,C5564,OP0393,13.292203,80.295158,Overdue,95,Running,S124,Active,Normal,0
EQ01750,Bulldozer,S047,9.6,0.9,72,38.7,93,C2334,OP0742,13.015132,80.080881,Due Soon,96,Running,S047,Active,Normal,0
EQ01751,Excavator,S089,9.5,0.5,40,31.9,82,C1117,OP0405,13.027507,79.980873,Good,74,Running,S089,Active,Normal,0
EQ01752,Motor Grader,S041,7.9,2.6,49,24.9,94,C2914,OP0713,13.279383,79.987852,Due Soon,68,Running,S041,Active,Normal,0
EQ01753,Dump Truck,S088,8.5,2.0,42,28.5,83,C5131,OP0262,12.706317,80.274972,Good,79,Running,S088,Active,Normal,0
EQ01754,Backhoe Loader,S128,8.5,1.3,58,19.3,88,C3146,OP0555,12.936669,79.995496,Due Soon,65,Running,S128,Active,Normal,0
EQ01755,Backhoe Loader,S007,8.3,2.8,56,22.0,87,C4601,OP0552,12.921957,80.342095,Good,98,Running,S007,Active,Normal,0
EQ01756,Wheel Loader,S102,5.7,1.1,66,36.3,81,C7763,OP0074,12.848438,80.142852,Good,96,Running,S102,Active,Normal,0
EQ01757,Wheel Loader,S113,5.2,16.0,48,36.5,89,C2340,OP1006,12.812806,80.294599,Good,8,Idle,S113,Active,Low Utilization,1
EQ01758,Excavator,S121,8.7,2.5,68,18.7,87,C2074,OP0304,13.019914,80.0389,Good,90,Running,S121,Active,Normal,0
EQ01759,Skid Steer Loader,S055,9.2,2.8,73,25.4,95,C1643,OP0306,13.243514,80.319809,Good,86,Running,S055,Active,Normal,0
EQ01760,Dump Truck,S114,7.4,0.5,79,20.8,91,C8855,OP1037,12.824165,80.347405,Good,89,Running,S114,Active,Normal,0
EQ01761,Bulldozer,S087,5.5,2.8,63,12.6,80,C3986,OP0236,12.960188,80.032154,Good,65,Running,S087,Active,Normal,0
EQ01762,Dump Truck,S047,10.3,2.4,56,26.9,88,C3675,OP1161,13.328652,80.257887,Good,88,Running,S047,Active,Normal,0
EQ01763,Skid Steer Loader,S092,8.5,1.0,57,33.4,95,C6876,OP0017,12.997493,80.107082,Good,88,Running,S092,Active,Normal,0
EQ01764,Motor Grader,S077,10.4,0.3,77,19.4,96,C7797,OP0638,12.75609,80.043963,Good,67,Running,S077,Active,Normal,0
EQ01765,Bulldozer,S044,10.7,0.3,84,165.0,89,C1178,OP1020,13.148269,80.159977,Good,98,Running,S044,Active,Distance Spike,1
EQ01766,Excavator,S130,9.4,1.8,77,14.1,89,C9996,OP0294,13.067271,80.179045,Good,85,Running,S130,Active,Normal,0
EQ01767,Skid Steer Loader,S049,9.1,3.0,39,39.8,96,C6124,OP0372,13.128864,80.084422,Good,94,Running,S049,Active,Normal,0
EQ01768,Bulldozer,S121,8.4,2.8,67,29.1,91,C7555,OP1132,13.148059,79.995904,Due Soon,78,Running,S121,Active,Normal,0
EQ01769,Wheel Loader,S061,9.4,0.7,45,29.0,85,C9551,OP0274,13.162899,80.072547,Good,84,Running,S061,Active,Normal,0
EQ01770,Dump Truck,S045,8.2,1.4,65,16.4,95,C6666,OP1130,12.867107,80.050598,Good,81,Running,S045,Active,Normal,0
EQ01771,Excavator,S091,6.3,2.0,85,33.4,87,C8783,OP0420,13.349737,80.123887,Due Soon,84,Running,S091,Active,Normal,0
EQ01772,Wheel Loader,S026,5.6,2.2,69,21.6,87,C3363,OP0378,13.056009,80.237166,Good,79,Running,S026,Active,Normal,0
EQ01773,Backhoe Loader,S063,10.1,0.5,76,22.5,90,C8357,OP1100,13.200651,79.950679,Due Soon,91,Running,S063,Active,Normal,0
EQ01774,Backhoe Loader,S068,5.4,0.6,81,24.3,96,C9414,OP0641,12.710893,80.251425,Good,77,Running,S068,Active,Normal,0
EQ01775,Skid Steer Loader,S093,7.1,2.6,50,13.0,80,C4341,OP0388,12.73123,80.265164,Good,74,Running,S093,Active,Normal,0
EQ01776,Wheel Loader,S061,6.0,0.3,45,37.6,90,C5789,OP1048,13.010041,80.36773,Good,70,Running,S061,Active,Normal,0
EQ01777,Bulldozer,S035,8.1,1.8,48,23.1,83,C8339,OP0920,12.996616,80.359198,Good,77,Running,S035,Active,Normal,0
EQ01778,Wheel Loader,S004,8.1,2.5,92,22.5,92,C8315,OP0478,12.939773,79.987008,Good,66,Running,S004,Active,Normal,0
EQ01779,Bulldozer,S018,10.5,16.0,69,27.5,85,C1161,OP0244,13.28569,79.958443,Good,8,Idle,S018,Active,Low Utilization,1
EQ01780,Backhoe Loader,S132,0.5,22.0,66,28.8,100,C1973,OP0953,12.819818,80.119013,Due Soon,5,Idle,S132,Active,High Idle,1
EQ01781,Bulldozer,S098,10.4,2.7,69,15.9,82,C1481,OP0372,12.983071,80.077251,Good,97,Running,S098,Active,Normal,0
EQ01782,Dump Truck,S053,8.3,2.6,93,38.5,96,C6464,OP0829,13.092581,80.197131,Good,72,Running,S053,Active,Normal,0
EQ01783,Excavator,S138,9.5,2.9,88,20.1,91,C3368,OP0886,13.04705,80.243678,Good,94,Running,S138,Active,Normal,0
EQ01784,Motor Grader,S075,8.3,0.2,60,17.9,82,C5339,OP1121,12.714441,80.20297,Due Soon,67,Running,S075,Active,Normal,0
EQ01785,Skid Steer Loader,S110,6.4,0.1,70,28.6,81,C1566,OP0391,13.087005,80.007655,Good,90,Running,S110,Active,Normal,0
EQ01786,Wheel Loader,S091,7.4,2.8,87,12.2,89,C9471,OP1006,12.842462,80.200783,Overdue,93,Running,S091,Active,Normal,0
EQ01787,Skid Steer Loader,S122,10.6,1.4,59,12.8,95,C6296,OP1034,12.784671,80.173121,Good,76,Running,S122,Active,Normal,0
EQ01788,Motor Grader,S147,9.1,1.2,81,21.4,84,C1014,OP1040,12.746792,80.232559,Good,95,Running,S147,Active,Normal,0
EQ01789,Skid Steer Loader,S099,5.6,1.0,92,24.8,89,C5884,OP0254,13.332958,80.183994,Good,70,Running,S099,Active,Normal,0
EQ01790,Skid Steer Loader,S044,9.2,0.9,92,28.8,93,C8684,OP0812,13.214875,80.036009,Good,80,Running,S044,Active,Normal,0
EQ01791,Excavator,S119,5.9,0.4,87,21.5,94,C1445,OP0160,13.002282,80.02733,Good,69,Running,S119,Active,Normal,0
EQ01792,Backhoe Loader,S004,5.3,1.3,58,12.2,91,C1480,OP1039,12.942683,80.222545,Due Soon,85,Running,S004,Active,Normal,0
EQ01793,Motor Grader,S073,10.6,0.6,65,31.1,81,C1772,OP1044,12.84117,80.147722,Due Soon,92,Running,S073,Active,Normal,0
EQ01794,Motor Grader,S131,10.7,1.0,60,29.9,87,C8889,OP0070,13.09257,80.129072,Good,94,Running,S131,Active,Normal,0
EQ01795,Wheel Loader,S005,5.7,2.3,84,22.8,96,C8889,OP0751,13.317744,80.020069,Good,91,Running,S005,Active,Normal,0
EQ01796,Wheel Loader,S143,9.4,3.0,35,20.5,90,C9028,OP0282,13.189653,80.092984,Good,78,Running,S143,Active,Normal,0
EQ01797,Wheel Loader,S020,5.3,0.9,71,14.3,98,C1127,,12.726935,80.010789,Good,70,Running,S020,Active,Missing Operator,1
EQ01798,Wheel Loader,S097,7.5,0.7,62,25.9,93,C7435,OP0649,13.038556,79.974882,Good,97,Running,S097,Active,Normal,0
EQ01799,Dump Truck,S016,9.4,2.9,49,15.9,89,C8288,OP0578,12.933839,80.271933,Good,78,Running,S016,Active,Normal,0
EQ01800,Bulldozer,S093,10.1,1.9,50,30.1,99,C7856,OP1046,12.722163,80.338528,Good,96,Running,S093,Active,Normal,0
EQ01801,Backhoe Loader,S124,8.3,2.5,68,38.8,89,C3220,OP0387,12.778284,80.242947,Good,77,Running,S124,Active,Normal,0
EQ01802,Wheel Loader,S097,7.2,1.0,36,19.7,99,C9649,OP0035,13.00811,80.274875,Good,90,Running,S097,Active,Normal,0
EQ01803,Bulldozer,S081,8.2,2.1,43,21.1,80,C8076,OP0277,13.01615,80.373461,Good,73,Running,S081,Active,Normal,0
EQ01804,Dump Truck,S124,5.7,3.0,63,39.4,86,C8989,OP0374,13.132505,80.195486,Due Soon,93,Running,S124,Active,Normal,0
EQ01805,Bulldozer,S056,9.2,0.9,73,29.2,80,C3289,OP0749,12.860602,80.2137,Good,90,Running,S056,Active,Normal,0
EQ01806,Skid Steer Loader,S010,8.8,2.2,60,26.1,87,C5862,OP0173,13.283973,80.050487,Good,93,Running,S010,Active,Normal,0
EQ01807,Skid Steer Loader,S088,11.0,2.1,76,15.9,84,C5975,OP0473,13.277945,80.297509,Overdue,90,Running,S088,Active,Normal,0
EQ01808,Motor Grader,S114,6.7,2.9,80,28.3,89,C6381,OP0816,13.119388,80.226414,Good,89,Running,S114,Active,Normal,0
EQ01809,Backhoe Loader,S061,9.5,1.0,47,16.4,89,C8806,OP0364,12.857225,80.390857,Good,86,Running,S061,Active,Normal,0
EQ01810,Backhoe Loader,S149,8.0,0.4,81,16.2,93,C7717,OP0684,13.147035,80.280084,Good,71,Running,S149,Active,Normal,0
EQ01811,Backhoe Loader,S143,7.0,1.1,94,20.1,88,C3779,OP0068,13.24724,80.192665,Good,69,Running,S143,Active,Normal,0
EQ01812,Backhoe Loader,S044,5.8,0.6,77,36.5,89,C6095,OP0968,13.210668,80.030109,Good,95,Running,S044,Active,Normal,0
EQ01813,Bulldozer,S125,5.7,0.2,43,29.3,94,C2277,OP0971,12.702635,80.290097,Good,92,Running,S125,Active,Normal,0
EQ01814,Motor Grader,S100,10.7,1.0,82,26.8,84,C3471,OP0264,12.978103,80.342849,Overdue,84,Running,S100,Active,Normal,0
EQ01815,Motor Grader,S105,8.8,2.2,46,39.9,84,C4027,OP0224,13.034417,80.18797,Due Soon,93,Running,S105,Active,Normal,0
EQ01816,Excavator,S025,8.4,3.0,35,25.2,86,C5264,OP1072,12.977766,80.263881,Good,83,Running,S025,Active,Normal,0
EQ01817,Motor Grader,S105,5.0,0.4,37,38.2,91,C8255,OP0669,13.3055,80.367921,Good,65,Running,S105,Active,Normal,0
EQ01818,Motor Grader,S019,9.7,0.5,37,39.1,92,C2448,OP0074,12.786318,80.22197,Good,75,Running,S019,Active,Normal,0
EQ01819,Bulldozer,S144,6.9,2.0,52,24.8,83,C4500,OP0279,13.069186,80.274049,Good,93,Running,S144,Active,Normal,0
EQ01820,Dump Truck,S129,10.1,1.2,83,24.2,88,C5036,OP0633,12.854041,79.964654,Good,73,Running,S129,Active,Normal,0
EQ01821,Excavator,S079,9.9,2.7,71,31.5,81,C6079,OP1034,12.75853,80.048304,Good,89,Running,S079,Active,Normal,0
EQ01822,Excavator,S076,9.8,0.2,56,24.5,90,C1253,OP0673,12.794655,80.122928,Good,98,Running,S076,Active,Normal,0
EQ01823,Backhoe Loader,S075,10.7,2.3,82,32.5,84,C8308,OP0894,13.345005,80.10466,Good,85,Running,S075,Active,Normal,0
EQ01824,Skid Steer Loader,S069,7.3,1.0,94,16.7,96,C3736,OP0413,13.06252,80.046907,Due Soon,98,Running,S069,Active,Normal,0
EQ01825,Wheel Loader,S018,9.1,1.9,67,24.3,86,C4538,OP0133,12.962094,80.104855,Good,85,Running,S018,Active,Normal,0
EQ01826,Bulldozer,S079,6.9,0.8,78,31.0,92,C1620,OP0022,13.2474,80.231779,Good,70,Running,S079,Active,Normal,0
EQ01827,Bulldozer,S095,9.0,1.1,65,38.4,97,C9197,OP0099,13.233715,79.991644,Good,88,Running,S095,Active,Normal,0
EQ01828,Backhoe Loader,S043,8.9,2.1,83,16.9,96,C5368,OP0301,13.051501,80.329762,Good,96,Running,S043,Active,Normal,0
EQ01829,Excavator,S109,9.2,0.2,83,35.4,82,C1191,OP0034,13.246513,80.082477,Good,81,Running,S109,Active,Normal,0
EQ01830,Motor Grader,S111,11.0,1.9,89,34.2,88,C1254,OP0245,13.211374,79.96414,Good,70,Running,S111,Active,Normal,0
EQ01831,Skid Steer Loader,S085,9.5,2.4,55,24.8,91,C3471,OP0290,12.921334,79.984413,Good,70,Running,S085,Active,Normal,0
EQ01832,Backhoe Loader,S047,7.4,1.5,63,22.3,87,C5714,OP0912,13.246763,80.0099,Good,95,Running,S047,Active,Normal,0
EQ01833,Wheel Loader,S036,9.1,1.4,95,15.6,87,C9235,OP0155,12.79222,79.968186,Good,98,Running,S036,Active,Normal,0
EQ01834,Backhoe Loader,S149,10.0,2.0,61,17.9,86,C7862,OP0842,13.06603,80.33989,Good,73,Running,S149,Active,Normal,0
EQ01835,Dump Truck,S063,8.9,1.9,65,17.1,97,C7021,OP0969,12.843933,80.140332,Good,91,Running,S063,Active,Normal,0
EQ01836,Bulldozer,S018,7.5,0.0,72,39.9,84,C7479,OP0224,12.723211,80.187834,Good,67,Running,S018,Active,Normal,0
EQ01837,Dump Truck,S045,7.5,1.3,40,21.6,99,C3855,OP0972,13.177992,80.398697,Good,97,Running,S045,Active,Normal,0
EQ01838,Excavator,S127,5.4,0.2,45,24.2,90,C4003,OP1052,13.305098,80.271038,Good,90,Running,S127,Active,Normal,0
EQ01839,Wheel Loader,S104,8.1,2.6,59,25.4,83,C1249,OP0074,13.294893,80.251978,Good,82,Running,S104,Active,Normal,0
EQ01840,Backhoe Loader,S082,10.2,2.6,36,26.2,83,C7349,OP0741,12.977501,80.310219,Good,80,Running,S082,Active,Normal,0
EQ01841,Bulldozer,S128,5.8,2.8,42,34.8,94,C4956,OP0535,13.003524,80.160142,Good,94,Running,S128,Active,Normal,0
EQ01842,Bulldozer,S047,10.2,2.6,77,35.2,99,C3730,OP0034,13.136309,79.966477,Good,91,Running,S047,Active,Normal,0
EQ01843,Wheel Loader,S090,9.1,0.9,40,13.2,87,C4728,OP0777,12.740213,80.052685,Good,90,Running,S090,Active,Normal,0
EQ01844,Motor Grader,S005,8.7,0.9,93,36.8,84,C4196,OP0087,13.272899,80.265297,Good,93,Running,S005,Active,Normal,0
EQ01845,Bulldozer,S122,8.6,0.5,80,30.3,83,C5733,OP0700,13.264048,80.248695,Good,68,Running,S122,Active,Normal,0
EQ01846,Wheel Loader,S005,9.6,3.0,47,22.8,92,C6186,OP1084,12.85002,80.357235,Good,78,Running,S005,Active,Normal,0
EQ01847,Skid Steer Loader,S067,5.3,0.6,39,33.6,92,C4057,OP0915,13.160765,80.170462,Good,75,Running,S067,Active,Normal,0
EQ01848,Dump Truck,S062,10.5,16.0,57,36.9,87,C1292,OP0324,13.236388,80.304729,Good,8,Idle,S062,Active,Low Utilization,1
EQ01849,Excavator,S044,10.8,2.6,75,24.0,91,C2286,OP0627,13.303217,80.275139,Good,73,Running,S044,Active,Normal,0
EQ01850,Bulldozer,S137,6.5,2.3,89,15.8,97,C3631,OP0105,13.288442,80.123531,Overdue,71,Running,S137,Active,Normal,0
EQ01851,Bulldozer,S018,8.1,1.9,77,17.0,89,C9308,OP0236,12.865313,80.18245,Overdue,85,Running,S018,Active,Normal,0
EQ01852,Motor Grader,S067,5.2,2.7,82,21.8,80,C4241,OP0407,13.237115,80.254812,Due Soon,71,Running,S067,Active,Normal,0
EQ01853,Backhoe Loader,S081,5.3,2.4,61,18.7,97,C6933,OP0819,13.332161,80.083379,Due Soon,69,Running,S081,Active,Normal,0
EQ01854,Dump Truck,S140,9.0,0.6,38,37.4,84,C5514,OP0091,12.913172,80.347568,Good,71,Running,S140,Active,Normal,0
EQ01855,Backhoe Loader,S108,10.1,2.1,65,34.7,93,C3056,OP0916,13.114888,79.970554,Good,74,Running,S108,Active,Normal,0
EQ01856,Wheel Loader,S011,10.4,2.0,58,35.2,94,C6153,OP0553,13.269929,79.966015,Good,66,Running,S011,Active,Normal,0
EQ01857,Wheel Loader,S121,7.2,2.9,44,165.0,83,C7273,OP0453,13.291451,80.054897,Good,98,Running,S121,Active,Distance Spike,1
EQ01858,Excavator,S130,9.2,0.7,90,20.0,100,C4017,OP0158,13.248625,80.137938,Good,86,Running,S130,Active,Normal,0
EQ01859,Backhoe Loader,S025,10.8,2.5,84,15.5,84,C2604,OP0980,13.196834,80.078426,Good,67,Running,S025,Active,Normal,0
EQ01860,Excavator,S071,8.2,0.9,54,26.9,84,C7332,OP0288,13.318985,79.965385,Good,97,Running,S071,Active,Normal,0
EQ01861,Dump Truck,S086,5.3,0.7,88,28.7,88,C4855,OP0796,12.939707,80.070229,Good,66,Running,S086,Active,Normal,0
EQ01862,Skid Steer Loader,S143,9.9,1.5,79,30.9,88,C3081,OP0026,12.850711,79.98748,Good,77,Running,S143,Active,Normal,0
EQ01863,Skid Steer Loader,S043,6.4,0.1,56,39.3,100,C5046,OP0319,13.136457,80.199339,Good,85,Running,S043,Active,Normal,0
EQ01864,Dump Truck,S105,5.7,2.5,47,20.2,99,C6418,OP0918,13.027387,79.958518,Due Soon,91,Running,S105,Active,Normal,0
EQ01865,Dump Truck,S118,11.0,0.3,75,26.1,83,C6549,OP0720,12.772179,80.008454,Good,97,Running,S118,Active,Normal,0
EQ01866,Motor Grader,S128,10.4,0.5,43,27.0,80,C6305,OP1019,13.110602,80.049335,Good,73,Running,S128,Active,Normal,0
EQ01867,Wheel Loader,S097,9.0,0.3,62,22.1,87,C2989,OP1034,12.95792,80.178321,Good,66,Running,S097,Active,Normal,0
EQ01868,Backhoe Loader,S049,9.0,1.9,41,33.2,86,C2134,OP0557,12.717695,80.31828,Good,87,Running,S049,Active,Normal,0
EQ01869,Dump Truck,S073,6.0,2.0,43,36.0,28,C2486,OP1162,12.842416,80.137255,Overdue,93,Maintenance,S073,Active,Maintenance Overdue,1
EQ01870,Excavator,S057,7.8,1.2,59,25.5,89,C3517,OP0185,12.757598,80.010646,Due Soon,92,Running,S057,Active,Normal,0
EQ01871,Backhoe Loader,S118,9.0,1.9,36,16.8,89,C4952,OP0517,12.810222,80.28073,Due Soon,94,Running,S118,Active,Normal,0
EQ01872,Skid Steer Loader,S012,9.0,1.8,91,165.0,97,C1519,OP0338,12.837964,80.288506,Good,98,Running,S012,Active,Distance Spike,1
EQ01873,Backhoe Loader,S068,5.8,1.9,70,36.4,95,C3907,OP0317,13.141826,80.151122,Good,90,Running,S068,Active,Normal,0
EQ01874,Motor Grader,S005,6.1,0.4,43,35.6,88,C6337,OP0542,12.909262,80.166702,Good,97,Running,S005,Active,Normal,0
EQ01875,Motor Grader,S095,6.2,2.8,90,22.9,96,C8767,OP0781,12.804149,80.219389,Due Soon,92,Running,S095,Active,Normal,0
EQ01876,Dump Truck,S034,9.5,2.9,80,35.7,94,C7881,OP1109,12.955211,80.341172,Good,88,Running,S034,Active,Normal,0
EQ01877,Bulldozer,S118,8.8,0.9,56,32.6,100,C2894,OP0051,12.952487,80.351666,Good,70,Running,S118,Active,Normal,0
EQ01878,Bulldozer,S078,7.1,1.3,63,32.3,99,C3981,OP0178,12.763032,80.204142,Good,81,Running,S078,Active,Normal,0
EQ01879,Dump Truck,S068,10.2,0.3,48,31.8,98,C3822,OP0820,12.710484,80.258134,Good,73,Running,S068,Active,Normal,0
EQ01880,Wheel Loader,S118,10.8,2.3,5,18.0,98,C8732,OP0618,12.76121,80.325324,Good,90,Running,S118,Active,Fuel Anomaly,1
EQ01881,Motor Grader,S062,9.2,1.7,82,23.7,96,C9023,OP0632,12.782561,80.156706,Good,75,Running,S062,Active,Normal,0
EQ01882,Motor Grader,S091,6.6,0.1,56,33.4,96,C1473,OP0626,12.98972,80.315481,Good,88,Running,S091,Active,Normal,0
EQ01883,Bulldozer,S129,8.9,1.5,46,32.5,98,C8467,OP0098,13.262524,80.341954,Good,94,Running,S129,Active,Normal,0
EQ01884,Bulldozer,S012,9.9,1.6,54,22.7,87,C5498,OP0492,13.120769,80.201848,Due Soon,75,Running,S012,Active,Normal,0
EQ01885,Motor Grader,S047,6.6,0.5,54,30.5,92,C6441,OP0936,12.961236,80.182336,Due Soon,74,Running,S047,Active,Normal,0
EQ01886,Wheel Loader,S047,9.8,0.1,95,31.0,84,C4190,OP0016,13.128051,80.002811,Good,69,Running,S047,Active,Normal,0
EQ01887,Bulldozer,S040,6.6,0.9,36,14.9,99,C9395,OP0837,13.169267,80.354497,Good,84,Running,S040,Active,Normal,0
EQ01888,Skid Steer Loader,S014,5.6,2.4,79,12.7,90,C3293,OP0310,13.163836,80.322451,Good,93,Running,S014,Active,Normal,0
EQ01889,Wheel Loader,S020,5.2,2.6,82,33.8,87,C1168,OP0727,13.347704,80.259832,Good,70,Running,S020,Active,Normal,0
EQ01890,Wheel Loader,S082,7.4,0.5,42,38.3,83,C6773,OP0818,13.222885,80.330487,Good,85,Running,S082,Active,Normal,0
EQ01891,Wheel Loader,S150,8.8,0.8,68,14.1,80,C1631,,13.346312,80.158985,Good,95,Running,S150,Active,Missing Operator,1
EQ01892,Motor Grader,S058,5.3,1.8,68,20.0,91,C3137,OP0105,12.736826,80.37868,Good,68,Running,S058,Active,Normal,0
EQ01893,Wheel Loader,S060,10.7,2.9,55,27.9,88,C8614,OP0379,12.923861,80.288299,Good,94,Running,S060,Active,Normal,0
EQ01894,Motor Grader,S097,6.0,2.2,37,36.9,98,C5318,OP0735,12.975105,80.387101,Good,83,Running,S097,Active,Normal,0
EQ01895,Backhoe Loader,S099,10.6,0.4,70,22.4,91,C8981,OP0200,13.28243,80.193067,Good,97,Running,S099,Active,Normal,0
EQ01896,Wheel Loader,S149,8.9,0.0,89,27.8,92,C2260,OP0117,12.978771,79.95864,Good,91,Running,S149,Active,Normal,0
EQ01897,Motor Grader,S008,7.6,0.8,91,24.4,91,C8763,OP0743,13.272634,80.329359,Good,87,Running,S008,Active,Normal,0
EQ01898,Skid Steer Loader,S036,6.7,1.1,43,12.4,97,C6758,OP0593,13.176346,80.158214,Good,85,Running,S036,Active,Normal,0
EQ01899,Bulldozer,S104,8.3,2.0,72,35.0,99,C9824,OP1170,12.959255,80.264135,Good,90,Running,S104,Active,Normal,0
EQ01900,Wheel Loader,S103,6.5,2.1,46,38.0,80,C6885,OP0386,13.248143,80.225977,Good,86,Running,S103,Active,Normal,0
EQ01901,Excavator,S044,5.4,2.6,49,14.3,90,C8631,OP0894,13.306913,80.302902,Good,82,Running,S044,Active,Normal,0
EQ01902,Wheel Loader,S113,10.7,0.1,41,16.0,99,C1871,OP0311,12.963583,80.003421,Good,72,Running,S113,Active,Normal,0
EQ01903,Motor Grader,S138,8.5,2.5,46,24.6,82,C3049,OP0376,12.749634,80.001705,Overdue,65,Running,S138,Active,Normal,0
EQ01904,Backhoe Loader,S100,8.2,1.8,69,18.9,89,C9659,OP1092,13.051183,80.206676,Good,88,Running,S100,Active,Normal,0
EQ01905,Motor Grader,S092,7.1,2.9,41,34.6,88,C6602,OP1056,12.767682,79.990611,Good,95,Running,S092,Active,Normal,0
EQ01906,Backhoe Loader,S063,6.1,0.2,56,28.6,88,C9394,OP0124,13.311585,80.113733,Good,70,Running,S063,Active,Normal,0
EQ01907,Bulldozer,S145,9.6,2.1,51,28.0,87,C7980,OP0607,13.030361,80.052961,Good,84,Running,S145,Active,Normal,0
EQ01908,Motor Grader,S011,6.5,1.9,73,23.9,96,C3265,OP0366,13.16239,80.324707,Good,78,Running,S011,Active,Normal,0
EQ01909,Backhoe Loader,S069,10.8,0.9,36,38.1,85,C5473,OP0746,13.208772,80.010398,Good,75,Running,S069,Active,Normal,0
EQ01910,Dump Truck,S117,7.3,3.0,88,16.6,97,C9339,OP1007,12.967545,80.024612,Good,77,Running,S117,Active,Normal,0
EQ01911,Dump Truck,S107,8.9,0.1,78,34.6,28,C9896,OP0227,12.916076,80.270724,Overdue,69,Maintenance,S107,Active,Maintenance Overdue,1
EQ01912,Skid Steer Loader,S067,5.0,2.8,92,15.1,94,C1480,OP0935,13.092861,79.969781,Due Soon,68,Running,S067,Active,Normal,0
EQ01913,Bulldozer,S103,8.7,2.0,63,35.4,88,C2472,OP0886,12.730109,80.023169,Good,78,Running,S103,Active,Normal,0
EQ01914,Skid Steer Loader,S041,6.5,0.3,80,31.7,94,C1144,OP0531,12.791465,80.231295,Good,88,Running,S041,Active,Normal,0
EQ01915,Excavator,S075,8.4,0.8,72,23.4,90,C9494,OP1011,13.115889,80.211746,Good,81,Running,S075,Active,Normal,0
EQ01916,Bulldozer,S103,7.1,1.8,75,36.2,85,C3556,OP0853,13.255887,80.033039,Good,98,Running,S103,Active,Normal,0
EQ01917,Bulldozer,S032,5.1,1.9,83,36.8,91,C8949,OP1071,13.019354,80.044646,Good,91,Running,S032,Active,Normal,0
EQ01918,Dump Truck,S082,10.5,2.3,47,16.9,96,C6370,OP0495,13.285596,80.299192,Good,83,Running,S082,Active,Normal,0
EQ01919,Backhoe Loader,S055,7.8,1.3,56,165.0,98,C6336,OP1168,13.210204,80.238614,Good,98,Running,S055,Active,Distance Spike,1
EQ01920,Motor Grader,S116,8.6,2.9,85,24.1,98,C1347,OP1081,12.860649,80.213888,Overdue,89,Running,S116,Active,Normal,0
EQ01921,Wheel Loader,S072,9.2,2.8,52,14.9,90,C9654,OP0951,13.022443,80.124887,Good,68,Running,S072,Active,Normal,0
EQ01922,Backhoe Loader,S036,9.2,1.2,78,37.3,93,C5666,OP0250,13.257137,80.352219,Good,76,Running,S036,Active,Normal,0
EQ01923,Bulldozer,S019,9.9,2.3,36,17.9,91,C1661,OP0016,12.782226,80.000525,Overdue,83,Running,S019,Active,Normal,0
EQ01924,Dump Truck,S078,9.1,2.6,48,30.9,96,C8578,OP0251,13.333306,80.141961,Due Soon,81,Running,S078,Active,Normal,0
EQ01925,Backhoe Loader,S026,8.0,1.9,79,18.3,28,C7708,OP0047,13.316325,80.238257,Overdue,74,Maintenance,S026,Active,Maintenance Overdue,1
EQ01926,Excavator,S110,5.1,1.1,60,31.4,85,C2954,OP0026,13.178643,80.260164,Good,65,Running,S110,Active,Normal,0
EQ01927,Dump Truck,S092,5.8,1.2,59,19.2,92,C6498,OP0903,12.88499,80.223751,Good,67,Running,S092,Active,Normal,0
EQ01928,Dump Truck,S095,7.1,2.4,36,28.8,95,C3295,OP0502,13.305392,80.077812,Good,76,Running,S095,Active,Normal,0
EQ01929,Bulldozer,S111,8.1,1.8,83,39.6,83,C3821,OP0887,12.914299,80.361751,Good,95,Running,S111,Active,Normal,0
EQ01930,Dump Truck,S097,10.9,16.0,37,19.3,82,C7057,OP0944,13.278806,80.230907,Good,8,Idle,S097,Active,Low Utilization,1
EQ01931,Skid Steer Loader,S141,7.3,2.7,81,14.3,82,C9485,OP0990,13.229989,80.095288,Good,90,Running,S141,Active,Normal,0
EQ01932,Skid Steer Loader,S050,10.0,0.1,49,37.0,88,C6991,OP0132,13.134985,80.027656,Good,90,Running,S050,Active,Normal,0
EQ01933,Skid Steer Loader,S074,7.5,2.9,47,14.3,93,C3870,OP0324,12.95509,80.35084,Good,73,Running,S074,Active,Normal,0
EQ01934,Bulldozer,S060,6.9,1.1,52,28.5,82,C6111,OP0592,13.220608,80.179216,Good,83,Running,S060,Active,Normal,0
EQ01935,Motor Grader,S101,5.0,2.7,50,27.7,98,C5904,OP0917,12.898586,80.000197,Due Soon,66,Running,S101,Active,Normal,0
EQ01936,Excavator,S010,8.6,2.7,45,35.7,84,C6720,OP1027,13.30876,80.148728,Good,91,Running,S010,Active,Normal,0
EQ01937,Motor Grader,S107,6.7,1.8,85,32.4,98,C3168,OP0710,12.770652,80.118541,Good,80,Running,S107,Active,Normal,0
EQ01938,Excavator,S125,9.7,1.0,69,19.8,80,C9583,OP0293,13.185951,80.326251,Due Soon,73,Running,S125,Active,Normal,0
EQ01939,Wheel Loader,S027,6.6,2.8,90,19.9,85,C2821,OP0128,12.723867,79.965105,Good,66,Running,S027,Active,Normal,0
EQ01940,Skid Steer Loader,S080,10.0,1.1,94,37.0,90,C7161,OP1042,13.250405,80.015894,Due Soon,74,Running,S080,Active,Normal,0
EQ01941,Motor Grader,S128,5.6,1.7,85,13.8,83,C3386,OP0354,12.908062,80.268854,Good,96,Running,S128,Active,Normal,0
EQ01942,Wheel Loader,S100,7.8,3.0,88,15.1,93,C2583,,12.97501,80.177777,Good,90,Running,S100,Active,Missing Operator,1
EQ01943,Backhoe Loader,S115,10.5,1.9,45,16.1,80,C5595,OP0264,13.336562,80.285407,Good,96,Running,S115,Active,Normal,0
EQ01944,Motor Grader,S028,9.7,0.6,48,29.8,86,C1189,OP1075,12.821618,80.199489,Good,70,Running,S028,Active,Normal,0
EQ01945,Motor Grader,S082,6.1,2.4,73,15.6,88,C6578,OP0441,12.743605,80.114187,Good,67,Running,S082,Active,Normal,0
EQ01946,Skid Steer Loader,S039,6.5,0.3,85,23.4,85,C2683,OP0390,12.79061,80.066173,Due Soon,76,Running,S039,Active,Normal,0
EQ01947,Bulldozer,S061,6.9,0.6,84,20.8,91,C3371,OP0521,13.220339,80.02354,Good,84,Running,S061,Active,Normal,0
EQ01948,Skid Steer Loader,S066,7.5,2.6,67,32.4,98,C9208,OP0154,13.332134,80.178979,Good,72,Running,S066,Active,Normal,0
EQ01949,Bulldozer,S001,6.9,0.4,65,17.1,85,C4976,OP0733,12.764116,80.066588,Good,94,Running,S001,Active,Normal,0
EQ01950,Dump Truck,S057,6.6,2.2,71,32.3,96,C7331,OP0888,13.176367,80.288,Good,76,Running,S057,Active,Normal,0
EQ01951,Bulldozer,S128,8.5,2.8,71,21.7,97,C9673,OP0442,12.879154,79.957211,Good,70,Running,S128,Active,Normal,0
EQ01952,Excavator,S073,7.0,1.2,77,15.6,87,C3443,OP0589,13.205263,80.222359,Due Soon,71,Running,S073,Active,Normal,0
EQ01953,Skid Steer Loader,S042,9.8,0.6,36,33.0,98,C6912,OP0766,12.97358,80.369219,Good,67,Running,S042,Active,Normal,0
EQ01954,Dump Truck,S036,7.5,1.8,72,29.2,88,C4511,OP0751,12.913072,80.377408,Good,97,Running,S036,Active,Normal,0
EQ01955,Backhoe Loader,S045,8.4,1.1,66,29.0,88,C5454,OP0200,13.203219,80.329118,Good,74,Running,S045,Active,Normal,0
EQ01956,Bulldozer,S055,5.2,2.2,59,34.9,89,C7963,OP0278,13.046759,80.328772,Due Soon,96,Running,S055,Active,Normal,0
EQ01957,Dump Truck,S118,6.5,2.2,56,39.9,98,C9457,OP0214,13.048622,79.962347,Good,79,Running,S118,Active,Normal,0
EQ01958,Bulldozer,S131,10.5,0.2,52,24.9,82,C4214,OP0315,13.07597,80.379951,Good,74,Running,S131,Active,Normal,0
EQ01959,Dump Truck,S123,8.7,2.1,43,31.3,80,C3284,OP1167,13.161721,80.392358,Good,98,Running,S123,Active,Normal,0
EQ01960,Dump Truck,S016,5.9,16.0,95,19.5,80,C6974,OP0869,13.113892,80.13828,Due Soon,8,Idle,S016,Active,Low Utilization,1
EQ01961,Skid Steer Loader,S111,6.3,1.8,86,35.9,92,C4686,OP0384,13.027018,80.103931,Good,72,Running,S111,Active,Normal,0
EQ01962,Excavator,S075,5.3,1.9,73,16.4,98,C7595,OP0862,12.950772,80.377346,Good,97,Running,S075,Active,Normal,0
EQ01963,Backhoe Loader,S058,6.5,1.2,44,24.9,80,C8336,OP0987,12.728347,80.193579,Good,86,Running,S058,Active,Normal,0
EQ01964,Dump Truck,S090,7.0,1.9,64,26.4,80,C4914,OP0303,12.876493,80.337505,Good,68,Running,S090,Active,Normal,0
EQ01965,Excavator,S052,10.6,0.6,53,26.1,28,C4346,OP0289,13.151503,80.015433,Overdue,88,Maintenance,S052,Active,Maintenance Overdue,1
EQ01966,Skid Steer Loader,S039,8.5,2.1,49,30.2,97,C7034,OP0393,12.910114,80.085045,Good,67,Running,S039,Active,Normal,0
EQ01967,Bulldozer,S056,6.6,1.0,78,21.9,87,C8598,OP0657,13.092017,80.121667,Good,97,Running,S056,Active,Normal,0
EQ01968,Backhoe Loader,S067,5.8,1.4,85,14.1,87,C3739,OP1104,13.07744,80.31046,Good,96,Running,S067,Active,Normal,0
EQ01969,Dump Truck,S019,8.4,2.8,77,23.9,83,C8662,OP0298,12.892596,80.154486,Good,98,Running,S019,Active,Normal,0
EQ01970,Wheel Loader,S041,9.4,2.8,87,28.6,87,C6879,OP1081,13.125187,80.101562,Due Soon,71,Running,S041,Active,Normal,0
EQ01971,Motor Grader,S047,10.1,2.7,59,21.7,90,C5374,OP1120,12.917569,80.114709,Overdue,88,Running,S047,Active,Normal,0
EQ01972,Motor Grader,S096,10.0,1.5,46,33.5,99,C1795,OP0274,13.285332,79.963795,Good,76,Running,S096,Active,Normal,0
EQ01973,Bulldozer,S127,9.9,0.3,80,39.3,80,C2379,OP0407,13.284009,80.113375,Good,82,Running,S127,Active,Normal,0
EQ01974,Skid Steer Loader,S013,6.9,1.9,85,39.0,90,C5068,OP0636,13.22814,80.237256,Overdue,67,Running,S013,Active,Normal,0
EQ01975,Bulldozer,S084,7.8,0.5,35,15.7,97,C1706,OP0207,13.199927,80.020489,Good,76,Running,S084,Active,Normal,0
EQ01976,Backhoe Loader,S074,6.5,0.5,84,31.5,85,C7085,OP0713,13.186812,80.10711,Due Soon,75,Running,S074,Active,Normal,0
EQ01977,Backhoe Loader,S145,7.0,0.5,37,38.1,89,C4983,OP0874,13.098238,80.256633,Due Soon,80,Running,S145,Active,Normal,0
EQ01978,Excavator,S043,8.5,0.6,62,17.1,87,C8004,OP0295,13.31607,80.02748,Good,91,Running,S043,Active,Normal,0
EQ01979,Skid Steer Loader,S122,10.9,0.0,53,21.4,100,C4030,OP0176,13.02901,80.381726,Good,76,Running,S122,Active,Normal,0
EQ01980,Excavator,S092,9.9,1.7,84,19.1,98,C4894,OP1091,13.192804,80.089141,Due Soon,76,Running,S092,Active,Normal,0
EQ01981,Bulldozer,S099,9.1,1.1,38,32.9,91,C4184,OP0784,13.029601,80.11491,Good,94,Running,S099,Active,Normal,0
EQ01982,Motor Grader,S102,5.1,1.5,64,35.2,88,C3851,OP0503,12.712072,80.047104,Good,76,Running,S102,Active,Normal,0
EQ01983,Skid Steer Loader,S112,10.3,2.8,81,32.6,96,C5630,OP1067,13.166004,80.256371,Good,79,Running,S112,Active,Normal,0
EQ01984,Backhoe Loader,S100,6.2,1.3,45,31.1,92,C9359,OP0459,13.064068,80.314086,Due Soon,68,Running,S100,Active,Normal,0
EQ01985,Backhoe Loader,S138,0.5,22.0,84,15.0,96,C6319,OP0585,12.851089,80.215196,Good,5,Idle,S138,Active,High Idle,1
EQ01986,Motor Grader,S076,9.5,2.9,83,30.7,84,C9141,OP0737,13.329931,80.009844,Good,96,Running,S076,Active,Normal,0
EQ01987,Bulldozer,S044,7.9,1.5,42,35.9,93,C3043,OP0161,12.706098,80.17395,Due Soon,93,Running,S044,Active,Normal,0
EQ01988,Wheel Loader,S127,9.5,2.7,89,36.0,89,C4942,OP0658,12.828824,80.041635,Good,88,Running,S127,Active,Normal,0
EQ01989,Excavator,S122,9.1,0.7,81,32.6,84,C7824,OP0849,12.812777,80.083408,Good,76,Running,S122,Active,Normal,0
EQ01990,Bulldozer,S059,6.1,0.3,51,33.2,85,C1909,OP1171,12.705074,80.221275,Good,75,Running,S059,Active,Normal,0
EQ01991,Excavator,S121,7.1,1.9,77,31.5,83,C9176,OP0549,12.915531,80.059203,Good,96,Running,S121,Active,Normal,0
EQ01992,Wheel Loader,S074,8.2,1.0,84,24.2,28,C4017,OP0016,12.853602,80.369528,Overdue,85,Maintenance,S074,Active,Maintenance Overdue,1
EQ01993,Wheel Loader,S089,7.8,0.7,91,26.9,90,C1747,OP0858,12.920635,80.109022,Good,70,Running,S089,Active,Normal,0
EQ01994,Motor Grader,S071,6.4,1.1,57,13.3,90,C7935,OP0361,13.040287,80.343582,Good,82,Running,S071,Active,Normal,0
EQ01995,Bulldozer,S026,9.0,0.1,44,39.8,81,C2126,OP0936,13.009695,80.249938,Good,76,Running,S026,Active,Normal,0
EQ01996,Excavator,S007,6.4,1.2,87,35.1,87,C6496,OP0891,12.802076,80.344052,Good,75,Running,S007,Active,Normal,0
EQ01997,Dump Truck,S058,9.8,0.8,45,35.9,90,C5756,OP0832,13.094558,79.963959,Good,71,Running,S024,Active,Wrong Site,1
EQ01998,Backhoe Loader,S126,8.8,1.3,90,27.2,84,C8994,OP0135,12.748611,80.213492,Good,71,Running,S126,Active,Normal,0
EQ01999,Skid Steer Loader,S016,8.1,1.5,66,30.3,83,C3347,OP0515,12.752121,80.162673,Due Soon,87,Running,S016,Active,Normal,0
EQ02000,Wheel Loader,S072,10.0,1.8,95,36.9,28,C4238,OP1042,12.994043,79.998495,Overdue,76,Maintenance,S072,Active,Maintenance Overdue,1
EQ02001,Bulldozer,S029,8.0,1.2,61,26.6,87,C8420,OP1111,13.213926,80.085258,Good,98,Running,S029,Active,Normal,0
EQ02002,Excavator,S116,10.2,1.3,95,37.4,94,C3139,OP0594,12.849585,79.969401,Due Soon,96,Running,S116,Active,Normal,0
EQ02003,Motor Grader,S102,8.2,2.1,81,16.7,97,C9130,OP0877,13.337107,80.295726,Good,78,Running,S102,Active,Normal,0
EQ02004,Skid Steer Loader,S108,6.6,0.6,95,17.4,92,C6262,OP0044,13.041592,80.259866,Good,80,Running,S108,Active,Normal,0
EQ02005,Wheel Loader,S085,8.7,1.9,51,25.6,80,C3537,OP0909,12.804385,80.177666,Due Soon,65,Running,S085,Active,Normal,0
EQ02006,Skid Steer Loader,S127,10.0,1.2,78,31.7,96,C7778,,13.224946,80.168797,Good,72,Running,S127,Active,Missing Operator,1
EQ02007,Skid Steer Loader,S148,9.2,2.9,39,30.9,84,C1844,OP0459,12.771138,80.089767,Good,75,Running,S148,Active,Normal,0
EQ02008,Dump Truck,S010,0.5,22.0,78,24.2,82,C2928,OP0640,13.174455,80.200027,Good,5,Idle,S010,Active,High Idle,1
EQ02009,Skid Steer Loader,S091,10.7,1.8,74,26.8,99,C9868,OP0649,12.958653,80.328712,Due Soon,78,Running,S091,Active,Normal,0
EQ02010,Excavator,S131,5.8,1.0,66,33.2,95,C7807,OP0063,12.775164,79.973071,Good,97,Running,S131,Active,Normal,0
EQ02011,Motor Grader,S136,9.7,2.4,70,26.7,91,C1623,OP0521,12.793402,80.343408,Good,69,Running,S136,Active,Normal,0
EQ02012,Skid Steer Loader,S113,8.0,0.1,81,22.8,98,C5755,OP0537,13.011679,80.004039,Good,74,Running,S113,Active,Normal,0
EQ02013,Backhoe Loader,S056,8.6,3.0,62,35.1,90,C7794,OP0987,12.943106,80.274482,Good,81,Running,S056,Active,Normal,0
EQ02014,Wheel Loader,S096,8.8,0.6,71,27.3,98,C5093,OP0115,13.194866,80.173194,Good,80,Running,S096,Active,Normal,0
EQ02015,Wheel Loader,S078,9.2,2.9,71,27.1,87,C2998,OP0117,13.044236,80.386677,Due Soon,76,Running,S078,Active,Normal,0
EQ02016,Wheel Loader,S016,5.5,2.8,64,16.2,88,C7605,OP0868,12.845517,80.147267,Overdue,86,Running,S016,Active,Normal,0
EQ02017,Skid Steer Loader,S050,9.6,1.2,52,31.5,85,C5369,OP0259,13.102646,80.107767,Good,97,Running,S050,Active,Normal,0
EQ02018,Excavator,S132,8.8,2.8,41,34.5,96,C7803,,13.080806,79.979816,Good,76,Running,S132,Active,Missing Operator,1
EQ02019,Skid Steer Loader,S135,6.1,2.3,43,34.1,99,C7819,OP0940,13.328386,80.141049,Due Soon,93,Running,S135,Active,Normal,0
EQ02020,Motor Grader,S083,8.8,1.5,46,33.1,85,C4612,OP0302,13.076116,80.07269,Good,69,Running,S083,Expired,Contract Expired,1
EQ02021,Wheel Loader,S066,10.1,2.7,65,14.9,91,C9357,OP1031,12.897655,80.369463,Overdue,98,Running,S066,Active,Normal,0
EQ02022,Skid Steer Loader,S041,10.8,2.8,49,36.2,97,C6483,OP0302,12.836332,80.217706,Good,78,Running,S041,Active,Normal,0
EQ02023,Excavator,S119,9.2,2.0,84,31.8,98,C1979,OP0922,12.786473,80.141548,Good,80,Running,S119,Active,Normal,0
EQ02024,Bulldozer,S037,8.8,2.9,53,39.5,100,C8048,OP1059,12.761738,80.276688,Good,83,Running,S037,Active,Normal,0
EQ02025,Motor Grader,S088,7.3,2.0,72,13.3,84,C4832,OP1172,12.797882,80.122428,Good,87,Running,S088,Active,Normal,0
EQ02026,Motor Grader,S039,7.3,1.1,35,24.2,98,C3757,OP0125,13.041344,79.96824,Good,70,Running,S039,Active,Normal,0
EQ02027,Motor Grader,S010,10.7,1.9,43,16.3,84,C7021,OP0869,13.274984,80.200964,Good,88,Running,S010,Active,Normal,0
EQ02028,Bulldozer,S103,10.7,2.0,43,22.0,91,C4673,OP0750,12.746761,80.21233,Good,88,Running,S103,Active,Normal,0
EQ02029,Wheel Loader,S135,6.5,0.3,81,34.9,92,C9602,OP0997,12.717385,80.12432,Good,98,Running,S135,Active,Normal,0
EQ02030,Bulldozer,S144,8.9,2.1,39,20.3,81,C2417,OP0597,12.812914,80.142533,Good,85,Running,S144,Active,Normal,0
EQ02031,Bulldozer,S083,8.0,0.6,49,39.1,97,C6528,OP0748,12.786175,80.357965,Good,96,Running,S083,Active,Normal,0
EQ02032,Wheel Loader,S045,0.5,22.0,37,33.6,91,C2189,OP0034,12.893231,80.090941,Good,5,Idle,S045,Active,High Idle,1
EQ02033,Dump Truck,S055,8.4,2.2,57,39.0,81,C5875,OP0025,13.251061,80.311278,Good,67,Running,S055,Active,Normal,0
EQ02034,Wheel Loader,S033,8.9,2.4,84,12.0,87,C8349,OP0066,13.190084,79.962028,Good,76,Running,S033,Active,Normal,0
EQ02035,Skid Steer Loader,S091,9.0,0.0,76,26.6,93,C7894,OP0443,12.921014,79.953339,Overdue,75,Running,S091,Active,Normal,0
EQ02036,Motor Grader,S144,9.6,1.3,67,20.7,99,C9937,OP0929,13.111651,80.022821,Good,81,Running,S144,Active,Normal,0
EQ02037,Skid Steer Loader,S097,10.7,0.1,37,29.6,89,C9537,OP0422,12.898199,80.135529,Good,81,Running,S097,Active,Normal,0
EQ02038,Skid Steer Loader,S126,6.9,2.3,79,19.7,81,C5692,OP0571,12.868771,80.377451,Good,65,Running,S126,Active,Normal,0
EQ02039,Excavator,S080,10.0,0.9,53,38.3,89,C4155,OP0395,12.99147,80.310397,Overdue,67,Running,S080,Active,Normal,0
EQ02040,Wheel Loader,S063,9.2,2.6,86,23.1,99,C2895,OP0121,12.879058,80.049958,Good,98,Running,S063,Active,Normal,0
EQ02041,Skid Steer Loader,S150,9.8,2.7,77,36.3,80,C4792,OP0422,13.173973,80.268777,Due Soon,98,Running,S150,Active,Normal,0
EQ02042,Dump Truck,S081,5.8,0.3,68,31.7,81,C1492,OP1043,13.159746,80.279639,Good,65,Running,S081,Active,Normal,0
EQ02043,Backhoe Loader,S141,10.8,2.2,40,30.2,83,C3560,OP0725,12.79796,80.328131,Good,68,Running,S141,Active,Normal,0
EQ02044,Backhoe Loader,S140,6.9,2.5,55,27.8,87,C6897,OP0183,12.989492,80.228929,Due Soon,88,Running,S140,Active,Normal,0
EQ02045,Dump Truck,S097,9.8,1.3,39,33.5,93,C1657,OP0242,13.04244,79.96593,Good,78,Running,S097,Active,Normal,0
EQ02046,Bulldozer,S004,7.9,0.8,56,23.9,85,C6927,OP0017,13.079063,80.274535,Good,84,Running,S004,Active,Normal,0
EQ02047,Excavator,S135,9.1,0.2,88,18.6,90,C1298,OP0012,12.867245,80.049027,Good,85,Running,S135,Active,Normal,0
EQ02048,Wheel Loader,S005,7.5,1.6,40,22.5,83,C4174,OP1130,13.228207,80.283417,Good,69,Running,S005,Active,Normal,0
EQ02049,Excavator,S030,8.8,0.2,73,36.7,89,C9266,OP0690,13.033505,79.989562,Good,84,Running,S030,Active,Normal,0
EQ02050,Excavator,S055,10.4,2.1,79,28.9,92,C5284,OP0617,12.809187,79.972381,Good,92,Running,S055,Active,Normal,0
EQ02051,Skid Steer Loader,S047,5.2,1.3,59,22.8,88,C7115,OP1070,12.764373,80.042977,Good,90,Running,S047,Active,Normal,0
EQ02052,Dump Truck,S016,6.9,1.9,5,18.0,84,C4086,OP1174,12.847765,80.190366,Good,69,Running,S016,Active,Fuel Anomaly,1
EQ02053,Wheel Loader,S088,9.0,2.5,83,28.1,99,C3655,OP0954,12.894883,80.075538,Good,91,Running,S088,Active,Normal,0
EQ02054,Motor Grader,S115,6.6,0.1,71,14.0,86,C3651,OP0441,12.822107,80.320768,Good,90,Running,S115,Active,Normal,0
EQ02055,Wheel Loader,S109,10.2,2.6,55,38.3,93,C1364,OP0896,12.828793,80.077379,Good,98,Running,S109,Active,Normal,0
EQ02056,Bulldozer,S025,5.0,2.3,71,23.2,82,C5273,OP0291,12.712522,80.011123,Good,70,Running,S025,Active,Normal,0
EQ02057,Excavator,S064,7.5,1.2,65,32.4,88,C2465,OP0416,12.833502,80.334469,Good,74,Running,S064,Active,Normal,0
EQ02058,Excavator,S041,10.5,0.6,45,24.2,94,C8737,OP1019,13.238269,80.169564,Good,81,Running,S041,Active,Normal,0
EQ02059,Skid Steer Loader,S114,5.5,1.8,94,15.2,81,C3096,OP1194,13.079806,80.377007,Good,86,Running,S114,Active,Normal,0
EQ02060,Wheel Loader,S062,5.7,1.0,45,30.6,85,C8148,OP0353,12.907709,80.37286,Good,69,Running,S062,Active,Normal,0
EQ02061,Bulldozer,S057,8.1,0.5,88,33.5,92,C3367,OP0280,13.114145,80.059326,Good,91,Running,S057,Active,Normal,0
EQ02062,Dump Truck,S023,7.9,0.9,86,17.9,82,C3470,OP0597,12.886279,80.398762,Good,67,Running,S023,Active,Normal,0
EQ02063,Wheel Loader,S053,5.5,1.1,71,17.9,96,C1247,OP0856,13.291179,80.376267,Good,74,Running,S053,Active,Normal,0
EQ02064,Excavator,S054,8.4,2.4,42,38.7,81,C8002,OP1156,13.145822,80.070337,Good,84,Running,S054,Active,Normal,0
EQ02065,Dump Truck,S083,5.6,1.2,89,21.6,81,C3995,OP0207,12.721525,79.985984,Due Soon,80,Running,S083,Active,Normal,0
EQ02066,Dump Truck,S063,11.0,0.5,64,25.7,86,C6994,OP0496,13.198495,80.238135,Good,71,Running,S063,Active,Normal,0
EQ02067,Excavator,S107,6.3,1.2,60,15.3,83,C3528,OP0623,12.93804,80.134349,Due Soon,80,Running,S107,Active,Normal,0
EQ02068,Motor Grader,S108,6.6,1.6,70,22.0,84,C8957,OP0745,12.776844,79.961787,Good,94,Running,S108,Active,Normal,0
EQ02069,Bulldozer,S049,7.9,0.5,72,37.1,99,C2135,OP0891,13.186452,79.953326,Good,95,Running,S049,Active,Normal,0
EQ02070,Motor Grader,S057,10.6,0.0,68,39.1,95,C2230,OP0428,12.852265,80.353755,Due Soon,74,Running,S057,Active,Normal,0
EQ02071,Motor Grader,S112,10.3,1.8,68,165.0,85,C9158,OP0499,13.313481,80.213108,Overdue,98,Running,S112,Active,Distance Spike,1
EQ02072,Backhoe Loader,S012,9.3,0.1,43,24.6,86,C9738,OP0196,13.334078,80.10636,Good,75,Running,S012,Active,Normal,0
EQ02073,Bulldozer,S094,5.4,2.6,68,32.0,88,C6601,OP0842,13.252599,80.101623,Good,84,Running,S094,Active,Normal,0
EQ02074,Motor Grader,S120,6.7,1.4,87,12.6,85,C3153,OP0595,12.973988,80.323798,Good,92,Running,S120,Active,Normal,0
EQ02075,Dump Truck,S095,9.6,2.1,78,38.4,84,C8886,OP0367,13.29064,80.191059,Overdue,78,Running,S095,Active,Normal,0
EQ02076,Wheel Loader,S054,0.5,22.0,46,30.7,95,C2600,OP0745,12.95836,80.160922,Good,5,Idle,S054,Active,High Idle,1
EQ02077,Backhoe Loader,S028,9.5,1.9,80,18.8,94,C7270,OP0754,12.868025,80.311993,Good,67,Running,S130,Active,Wrong Site,1
EQ02078,Motor Grader,S099,5.4,1.5,59,39.4,80,C6303,OP0708,12.833693,80.269509,Good,76,Running,S099,Active,Normal,0
EQ02079,Wheel Loader,S024,6.6,0.1,48,39.6,81,C1029,OP0943,12.963559,80.09147,Good,78,Running,S024,Active,Normal,0
EQ02080,Bulldozer,S115,10.0,2.2,49,25.4,88,C5222,OP0078,12.811907,80.340839,Good,93,Running,S115,Active,Normal,0
EQ02081,Bulldozer,S111,9.9,2.2,79,20.3,84,C7577,OP0593,12.747958,80.026052,Good,91,Running,S111,Active,Normal,0
EQ02082,Dump Truck,S110,9.1,2.1,43,13.8,97,C6508,OP1168,12.978372,80.283843,Good,77,Running,S110,Active,Normal,0
EQ02083,Excavator,S122,5.1,1.8,91,29.1,98,C1544,OP1171,13.328684,79.999701,Due Soon,66,Running,S122,Active,Normal,0
EQ02084,Skid Steer Loader,S067,8.0,2.3,78,28.6,90,C9810,OP0235,13.10708,80.244317,Good,83,Running,S067,Active,Normal,0
EQ02085,Wheel Loader,S138,9.4,1.7,87,37.1,87,C3870,OP0429,12.865219,80.32936,Good,79,Running,S138,Active,Normal,0
EQ02086,Bulldozer,S079,8.1,1.7,92,28.9,99,C2131,OP0166,12.905636,80.312124,Good,88,Running,S079,Expired,Contract Expired,1
EQ02087,Excavator,S102,9.1,1.8,44,37.9,96,C4325,,13.055598,80.018049,Due Soon,68,Running,S102,Active,Missing Operator,1
EQ02088,Backhoe Loader,S146,6.0,2.1,35,12.1,84,C6357,OP0716,13.174208,80.112807,Good,70,Running,S146,Active,Normal,0
EQ02089,Bulldozer,S064,10.0,2.5,76,37.5,92,C8284,OP0577,13.179914,80.104766,Good,95,Running,S064,Active,Normal,0
EQ02090,Skid Steer Loader,S092,5.2,0.6,48,37.9,99,C4418,OP0733,13.043168,80.165765,Good,92,Running,S092,Active,Normal,0
EQ02091,Dump Truck,S093,0.5,22.0,70,17.6,80,C8943,OP0304,12.807361,80.332192,Due Soon,5,Idle,S093,Active,High Idle,1
EQ02092,Motor Grader,S121,7.4,0.7,94,22.1,80,C3285,OP0150,13.34457,79.984014,Good,79,Running,S121,Active,Normal,0
EQ02093,Bulldozer,S001,10.2,0.9,50,31.1,82,C5102,OP1014,12.743182,80.02955,Good,83,Running,S001,Active,Normal,0
EQ02094,Wheel Loader,S051,10.0,0.2,89,29.2,99,C6470,OP0320,13.123376,80.263906,Good,76,Running,S051,Active,Normal,0
EQ02095,Dump Truck,S120,9.0,0.8,66,39.2,96,C8996,OP0599,13.074518,80.213597,Good,93,Running,S120,Active,Normal,0
EQ02096,Motor Grader,S055,7.0,1.5,69,21.4,99,C1357,OP0508,12.982077,80.294908,Good,97,Running,S055,Active,Normal,0
EQ02097,Bulldozer,S020,5.3,2.7,81,12.5,97,C8011,OP1015,13.161596,80.161732,Good,87,Running,S020,Active,Normal,0
EQ02098,Motor Grader,S024,10.6,2.1,81,23.7,96,C1431,OP0408,13.134745,80.08973,Good,67,Running,S024,Active,Normal,0
EQ02099,Motor Grader,S138,7.1,1.3,48,12.9,82,C3963,OP0846,13.293641,80.021386,Good,65,Running,S138,Active,Normal,0
EQ02100,Wheel Loader,S091,9.2,1.7,48,27.6,88,C9268,OP1090,13.349845,80.127243,Good,88,Running,S091,Active,Normal,0
EQ02101,Bulldozer,S116,5.6,0.6,62,17.0,82,C5260,OP0534,12.991008,80.360816,Good,73,Running,S116,Active,Normal,0
EQ02102,Motor Grader,S104,9.2,0.6,39,12.8,99,C8459,OP1193,13.173349,80.126398,Good,82,Running,S104,Active,Normal,0
EQ02103,Motor Grader,S111,6.6,0.0,68,37.7,89,C6543,OP0013,13.250673,80.067912,Good,98,Running,S111,Active,Normal,0
EQ02104,Excavator,S147,6.7,2.2,79,30.6,88,C3700,OP0391,13.322337,80.380281,Good,73,Running,S147,Active,Normal,0
EQ02105,Wheel Loader,S116,9.0,0.5,43,26.5,89,C7315,OP0664,13.304053,80.279007,Good,78,Running,S116,Active,Normal,0
EQ02106,Backhoe Loader,S117,6.4,2.3,48,18.3,95,C2934,OP0278,13.035339,80.079533,Good,82,Running,S117,Active,Normal,0
EQ02107,Dump Truck,S076,9.7,0.3,5,18.0,86,C5025,OP0856,13.009415,79.967074,Good,71,Running,S076,Active,Fuel Anomaly,1
EQ02108,Dump Truck,S124,8.9,0.5,74,20.5,88,C6239,OP0431,13.111477,80.02133,Due Soon,77,Running,S124,Active,Normal,0
EQ02109,Skid Steer Loader,S054,10.4,0.8,82,38.9,97,C8332,OP0409,13.061208,80.01571,Good,96,Running,S054,Active,Normal,0
EQ02110,Motor Grader,S138,0.5,22.0,64,15.2,95,C1803,OP0488,12.83646,80.359874,Due Soon,5,Idle,S138,Active,High Idle,1
EQ02111,Skid Steer Loader,S067,7.3,2.2,94,31.2,82,C8298,OP0783,12.743707,80.360318,Good,79,Running,S067,Active,Normal,0
EQ02112,Dump Truck,S044,8.6,2.5,69,165.0,89,C1125,OP0600,13.227064,80.206683,Good,98,Running,S044,Active,Distance Spike,1
EQ02113,Dump Truck,S109,7.3,0.0,65,165.0,80,C6626,OP0752,12.773895,80.342156,Good,98,Running,S109,Active,Distance Spike,1
EQ02114,Backhoe Loader,S114,6.7,2.1,67,31.5,86,C4546,OP0613,13.250142,80.163303,Good,81,Running,S114,Active,Normal,0
EQ02115,Dump Truck,S004,7.1,1.3,35,38.0,98,C4835,OP0667,13.318094,80.245435,Good,80,Running,S004,Active,Normal,0
EQ02116,Dump Truck,S134,10.8,2.9,86,24.1,82,C5070,OP0816,13.30027,80.132431,Good,73,Running,S134,Active,Normal,0
EQ02117,Wheel Loader,S140,8.0,2.1,64,33.0,82,C5941,OP0831,13.22358,80.100922,Good,86,Running,S140,Active,Normal,0
EQ02118,Skid Steer Loader,S095,9.3,0.9,52,24.2,94,C2187,OP0090,13.047192,79.964161,Due Soon,72,Running,S095,Active,Normal,0
EQ02119,Backhoe Loader,S025,9.4,2.6,61,22.3,82,C8680,OP0217,13.32614,80.196376,Good,81,Running,S025,Active,Normal,0
EQ02120,Bulldozer,S144,7.7,2.4,75,39.6,80,C2146,OP0484,12.9017,80.141952,Good,75,Running,S144,Active,Normal,0
EQ02121,Dump Truck,S149,5.0,2.2,47,36.1,93,C6021,OP0189,12.781039,80.288606,Good,75,Running,S149,Active,Normal,0
EQ02122,Excavator,S046,5.2,1.4,81,30.8,96,C4693,OP0331,12.989141,80.164215,Due Soon,98,Running,S046,Active,Normal,0
EQ02123,Motor Grader,S094,8.0,1.4,70,15.4,80,C4736,OP0924,13.20294,80.146567,Due Soon,90,Running,S094,Active,Normal,0
EQ02124,Backhoe Loader,S038,5.5,2.0,37,25.5,91,C6050,OP1164,12.94318,80.342115,Good,94,Running,S038,Active,Normal,0
EQ02125,Excavator,S117,10.2,1.7,43,17.1,88,C7148,OP0056,12.751461,80.260539,Good,82,Running,S117,Active,Normal,0
EQ02126,Backhoe Loader,S144,7.2,2.3,80,12.4,80,C8684,OP0441,13.296103,79.973703,Good,90,Running,S144,Active,Normal,0
EQ02127,Backhoe Loader,S097,9.1,2.2,73,32.1,92,C5861,OP0524,12.87289,79.970024,Good,77,Running,S097,Active,Normal,0
EQ02128,Motor Grader,S107,9.0,0.4,52,15.8,85,C1035,OP0581,12.712768,80.016254,Good,72,Running,S107,Active,Normal,0
EQ02129,Skid Steer Loader,S053,5.8,0.6,87,14.0,92,C7159,OP0077,12.83927,80.371465,Good,77,Running,S053,Active,Normal,0
EQ02130,Excavator,S035,5.4,2.9,73,24.0,97,C6245,OP0121,12.842962,80.134885,Due Soon,73,Running,S035,Active,Normal,0
EQ02131,Bulldozer,S090,7.9,1.9,49,18.7,100,C4398,OP0729,12.779417,80.316659,Due Soon,78,Running,S090,Active,Normal,0
EQ02132,Backhoe Loader,S068,10.7,2.3,65,28.5,87,C5245,OP1038,12.787319,80.105905,Good,86,Running,S068,Active,Normal,0
EQ02133,Motor Grader,S091,8.4,1.4,50,33.9,88,C7900,OP0037,13.183854,80.314727,Good,95,Running,S122,Active,Wrong Site,1
EQ02134,Bulldozer,S040,8.0,2.2,89,36.4,96,C9199,OP1021,12.737846,80.160893,Due Soon,80,Running,S040,Active,Normal,0
EQ02135,Backhoe Loader,S141,8.5,2.9,46,29.5,82,C2997,OP0055,13.322123,80.308503,Good,71,Running,S141,Active,Normal,0
EQ02136,Excavator,S025,8.5,2.3,74,23.6,98,C7962,OP0964,13.240008,79.993804,Overdue,70,Running,S025,Active,Normal,0
EQ02137,Bulldozer,S049,10.5,0.8,74,28.2,82,C5077,OP0850,13.115396,80.117432,Good,73,Running,S049,Active,Normal,0
EQ02138,Bulldozer,S025,6.8,1.1,80,14.2,86,C3985,OP0086,13.293307,80.167517,Good,98,Running,S025,Active,Normal,0
EQ02139,Backhoe Loader,S067,9.1,2.8,88,12.8,91,C8216,OP0665,13.167241,80.349971,Good,75,Running,S067,Active,Normal,0
EQ02140,Excavator,S125,7.7,0.0,51,28.6,92,C6078,OP0978,12.758621,80.168279,Good,66,Running,S125,Active,Normal,0
EQ02141,Motor Grader,S080,10.8,2.0,46,31.4,91,C8270,OP0839,12.949542,80.055547,Good,68,Running,S080,Active,Normal,0
EQ02142,Backhoe Loader,S004,7.8,2.0,82,27.5,86,C6654,OP0743,12.915849,79.955856,Overdue,94,Running,S004,Active,Normal,0
EQ02143,Skid Steer Loader,S134,5.7,1.5,50,165.0,95,C3508,OP0736,13.025451,80.34404,Good,98,Running,S134,Active,Distance Spike,1
EQ02144,Excavator,S016,7.4,2.8,70,26.2,98,C8878,OP0011,13.331598,80.142444,Due Soon,93,Running,S016,Active,Normal,0
EQ02145,Bulldozer,S030,5.9,1.7,67,37.3,80,C5513,OP0519,12.81612,80.163189,Good,87,Running,S030,Active,Normal,0
EQ02146,Bulldozer,S001,10.3,1.2,43,33.1,80,C6173,OP0387,12.854077,80.1155,Good,83,Running,S001,Active,Normal,0
EQ02147,Bulldozer,S015,6.8,1.8,87,20.9,93,C8933,OP0652,13.18903,80.331152,Good,79,Running,S015,Active,Normal,0
EQ02148,Motor Grader,S039,8.2,1.0,37,22.9,97,C8009,OP0471,13.065569,80.150297,Good,85,Running,S039,Active,Normal,0
EQ02149,Excavator,S033,6.4,0.9,72,37.1,96,C5781,OP0268,12.996185,80.265465,Good,93,Running,S033,Active,Normal,0
EQ02150,Dump Truck,S013,9.5,0.9,86,22.8,96,C9413,OP0860,12.996072,80.001053,Good,73,Running,S013,Active,Normal,0
EQ02151,Wheel Loader,S051,5.7,1.7,91,38.0,95,C1662,OP0508,13.215487,80.225606,Due Soon,80,Running,S051,Active,Normal,0
EQ02152,Motor Grader,S004,10.2,1.6,85,26.9,82,C8803,OP0319,12.78746,80.186557,Good,72,Running,S004,Active,Normal,0
EQ02153,Wheel Loader,S009,6.6,1.0,85,21.3,80,C7267,OP0550,13.038336,80.090618,Due Soon,65,Running,S009,Active,Normal,0
EQ02154,Excavator,S075,6.9,1.5,87,15.2,93,C7399,OP0640,13.081305,80.156465,Good,95,Running,S075,Active,Normal,0
EQ02155,Backhoe Loader,S093,10.1,1.1,37,13.3,94,C4162,OP0098,13.1152,80.177806,Good,73,Running,S093,Active,Normal,0
EQ02156,Excavator,S132,9.1,2.3,93,29.0,91,C2375,OP0486,12.849701,80.178689,Good,89,Running,S132,Active,Normal,0
EQ02157,Bulldozer,S089,6.3,2.8,44,19.8,82,C6167,OP0655,13.096622,80.228299,Good,92,Running,S089,Active,Normal,0
EQ02158,Skid Steer Loader,S136,9.0,0.9,47,31.1,93,C3850,OP0184,13.122914,80.330025,Due Soon,85,Running,S136,Active,Normal,0
EQ02159,Motor Grader,S002,9.2,1.3,75,38.0,93,C1764,OP0625,12.813824,80.04799,Good,83,Running,S002,Active,Normal,0
EQ02160,Bulldozer,S145,5.5,1.2,55,30.6,90,C5571,OP0717,12.865398,79.963044,Good,88,Running,S145,Active,Normal,0
EQ02161,Backhoe Loader,S074,9.2,1.9,85,36.5,89,C6034,OP0713,12.77504,79.954253,Good,74,Running,S074,Active,Normal,0
EQ02162,Dump Truck,S121,7.0,2.1,64,30.8,89,C4484,OP1080,13.100035,80.042833,Good,71,Running,S121,Active,Normal,0
EQ02163,Dump Truck,S069,7.3,2.5,56,12.7,96,C2023,OP0475,13.020226,80.069748,Good,75,Running,S069,Active,Normal,0
EQ02164,Backhoe Loader,S071,7.5,2.3,65,24.9,86,C9788,,13.215538,80.025254,Overdue,82,Running,S071,Active,Missing Operator,1
EQ02165,Excavator,S018,6.7,2.3,54,23.3,99,C7161,OP0553,12.813151,80.225239,Good,81,Running,S018,Active,Normal,0
EQ02166,Excavator,S031,6.9,0.9,68,33.1,91,C3222,OP1152,12.76252,80.048143,Good,69,Running,S031,Active,Normal,0
EQ02167,Bulldozer,S058,5.5,0.7,82,21.0,94,C4859,OP0173,13.156002,80.36775,Good,94,Running,S058,Active,Normal,0
EQ02168,Dump Truck,S099,5.3,1.2,55,18.2,93,C6232,OP1134,13.140326,80.153936,Good,75,Running,S099,Active,Normal,0
EQ02169,Skid Steer Loader,S079,6.0,1.6,35,24.1,82,C8830,OP1194,13.14381,80.150144,Good,72,Running,S079,Active,Normal,0
EQ02170,Skid Steer Loader,S108,10.5,1.3,95,37.7,100,C9282,OP0260,12.853613,80.269083,Good,76,Running,S108,Active,Normal,0
EQ02171,Backhoe Loader,S132,9.1,2.9,95,33.1,86,C9033,OP0902,13.214742,79.998471,Good,67,Running,S132,Active,Normal,0
EQ02172,Backhoe Loader,S080,8.5,1.2,73,14.3,98,C9839,OP0812,13.260431,80.237736,Good,65,Running,S080,Active,Normal,0
EQ02173,Skid Steer Loader,S114,10.9,0.6,5,18.0,89,C2588,OP1140,13.188843,80.057693,Good,96,Running,S114,Active,Fuel Anomaly,1
EQ02174,Wheel Loader,S092,8.3,1.4,42,14.1,91,C9228,OP0417,13.131797,80.110156,Good,86,Running,S092,Active,Normal,0
EQ02175,Wheel Loader,S044,10.1,2.3,93,12.9,88,C5670,OP0035,12.757086,80.195005,Due Soon,68,Running,S044,Active,Normal,0
EQ02176,Backhoe Loader,S046,8.5,2.1,73,19.6,95,C3076,OP0894,13.148106,80.206878,Good,84,Running,S046,Active,Normal,0
EQ02177,Dump Truck,S113,9.6,3.0,63,16.1,87,C3213,OP0076,12.858811,80.266656,Good,85,Running,S113,Active,Normal,0
EQ02178,Motor Grader,S077,8.1,0.8,67,17.5,95,C9981,OP1183,13.281768,79.956644,Good,69,Running,S077,Active,Normal,0
EQ02179,Skid Steer Loader,S073,9.4,16.0,91,18.5,98,C7561,OP1072,12.789485,80.228427,Good,8,Idle,S073,Active,Low Utilization,1
EQ02180,Dump Truck,S118,10.9,0.6,92,16.7,90,C9723,OP0080,13.119644,80.127491,Good,79,Running,S118,Active,Normal,0
EQ02181,Wheel Loader,S058,8.4,2.4,54,38.4,87,C5856,OP0634,12.703721,80.162431,Due Soon,68,Running,S058,Active,Normal,0
EQ02182,Excavator,S030,10.6,1.1,71,15.0,85,C2484,OP0311,13.149726,80.17986,Good,82,Running,S030,Active,Normal,0
EQ02183,Backhoe Loader,S018,9.7,1.6,48,16.2,97,C4994,OP0781,13.05772,80.357257,Good,92,Running,S018,Active,Normal,0
EQ02184,Motor Grader,S055,10.1,0.9,46,15.8,98,C6767,OP0335,12.808596,80.052506,Good,96,Running,S055,Active,Normal,0
EQ02185,Backhoe Loader,S104,8.8,1.3,88,14.7,98,C2678,OP0100,12.8949,80.352299,Due Soon,76,Running,S104,Active,Normal,0
EQ02186,Backhoe Loader,S095,9.8,2.5,60,165.0,92,C7411,OP0192,13.104801,80.248117,Good,98,Running,S095,Active,Distance Spike,1
EQ02187,Motor Grader,S039,7.6,1.6,85,12.9,95,C6229,OP0416,12.738358,79.977025,Good,81,Running,S039,Active,Normal,0
EQ02188,Skid Steer Loader,S135,10.7,2.9,38,24.0,99,C8530,OP0100,13.120565,80.071576,Good,66,Running,S135,Active,Normal,0
EQ02189,Motor Grader,S140,9.0,1.9,69,37.2,100,C8341,OP0915,12.966288,80.003596,Good,91,Running,S140,Active,Normal,0
EQ02190,Backhoe Loader,S046,9.9,0.8,87,24.3,86,C2805,OP1154,12.857028,79.965124,Good,67,Running,S046,Active,Normal,0
EQ02191,Wheel Loader,S020,8.4,1.3,71,30.4,88,C3218,OP0382,12.886633,79.997058,Good,85,Running,S020,Active,Normal,0
EQ02192,Excavator,S104,7.8,2.7,48,34.9,83,C6201,OP0977,12.806115,80.293879,Good,78,Running,S104,Active,Normal,0
EQ02193,Dump Truck,S058,7.5,0.7,77,36.0,84,C3817,OP1023,12.99938,80.272857,Good,71,Running,S058,Active,Normal,0
EQ02194,Wheel Loader,S044,6.8,0.9,72,27.5,80,C7013,OP0908,13.185876,80.325465,Good,68,Running,S044,Active,Normal,0
EQ02195,Skid Steer Loader,S035,6.5,2.7,90,21.4,95,C5966,OP1111,13.232695,79.953439,Good,97,Running,S035,Active,Normal,0
EQ02196,Dump Truck,S076,6.3,0.0,80,23.0,85,C2802,OP0197,13.232974,80.072837,Good,95,Running,S076,Active,Normal,0
EQ02197,Backhoe Loader,S134,10.9,2.1,87,16.6,85,C4786,OP0397,13.075581,80.002668,Good,93,Running,S134,Active,Normal,0
EQ02198,Motor Grader,S103,9.2,0.3,36,19.0,83,C1839,OP0157,13.341693,80.360557,Good,89,Running,S103,Active,Normal,0
EQ02199,Backhoe Loader,S099,5.5,2.4,38,18.4,86,C4426,,13.317651,80.00468,Good,81,Running,S099,Active,Missing Operator,1
EQ02200,Wheel Loader,S042,8.9,2.2,50,17.0,99,C6827,OP0766,13.026136,80.059068,Good,71,Running,S042,Active,Normal,0
EQ02201,Bulldozer,S140,5.1,2.5,66,12.5,86,C2521,OP0399,13.169073,80.170065,Overdue,92,Running,S140,Active,Normal,0
EQ02202,Bulldozer,S015,8.5,1.6,41,38.9,80,C5826,OP0351,13.337492,80.1801,Good,84,Running,S015,Active,Normal,0
EQ02203,Skid Steer Loader,S115,9.6,0.1,88,15.5,28,C3012,OP0338,13.237937,80.374328,Overdue,93,Maintenance,S115,Active,Maintenance Overdue,1
EQ02204,Wheel Loader,S139,6.8,2.1,56,16.3,100,C2804,OP1012,13.29429,80.257281,Good,95,Running,S139,Active,Normal,0
EQ02205,Bulldozer,S079,6.4,1.5,68,24.3,83,C5976,OP0984,13.011413,80.141807,Good,74,Running,S079,Active,Normal,0
EQ02206,Motor Grader,S099,6.2,0.8,87,18.0,81,C1099,OP0030,12.994995,80.306141,Good,69,Running,S099,Active,Normal,0
EQ02207,Backhoe Loader,S114,8.2,0.9,76,33.0,86,C1604,OP0389,12.826363,80.141536,Good,79,Running,S114,Active,Normal,0
EQ02208,Motor Grader,S026,7.7,0.8,68,31.0,90,C2128,OP1144,13.248333,80.248229,Due Soon,90,Running,S026,Active,Normal,0
EQ02209,Wheel Loader,S133,8.6,2.5,84,30.8,93,C7516,OP1075,12.832593,80.115592,Good,82,Running,S133,Active,Normal,0
EQ02210,Backhoe Loader,S095,10.0,2.8,95,20.3,89,C4063,OP0673,13.085034,80.158503,Good,96,Running,S095,Active,Normal,0
EQ02211,Bulldozer,S105,6.1,0.0,52,35.0,80,C1813,OP0898,13.145367,80.243779,Good,83,Running,S105,Active,Normal,0
EQ02212,Dump Truck,S055,10.5,0.9,72,38.2,95,C6285,OP1133,13.197335,80.179209,Good,89,Running,S055,Active,Normal,0
EQ02213,Bulldozer,S025,7.1,0.5,41,29.0,94,C1028,OP0297,12.782425,80.187163,Good,66,Running,S025,Active,Normal,0
EQ02214,Dump Truck,S001,5.4,0.9,63,32.6,84,C3694,OP0024,12.876123,80.341132,Good,81,Running,S001,Active,Normal,0
EQ02215,Backhoe Loader,S045,8.0,0.5,71,37.9,92,C6707,OP0152,13.013198,80.05945,Good,78,Running,S045,Active,Normal,0
EQ02216,Motor Grader,S062,9.0,2.1,88,12.0,82,C8277,OP0429,12.712514,80.394808,Good,74,Running,S062,Active,Normal,0
EQ02217,Skid Steer Loader,S115,7.7,0.1,44,31.3,86,C8767,OP1128,12.971841,80.296669,Good,67,Running,S115,Active,Normal,0
EQ02218,Bulldozer,S092,7.8,1.6,60,14.0,97,C3145,OP0210,13.214312,80.265402,Good,87,Running,S092,Active,Normal,0
EQ02219,Bulldozer,S095,5.5,0.7,37,21.8,81,C8055,OP0881,13.311073,80.287214,Good,87,Running,S095,Active,Normal,0
EQ02220,Wheel Loader,S077,10.9,0.8,38,33.5,83,C9548,OP0900,13.024737,80.245543,Due Soon,82,Running,S077,Active,Normal,0
EQ02221,Wheel Loader,S080,10.5,1.9,86,28.6,92,C9714,OP0848,12.873297,80.358953,Good,67,Running,S080,Active,Normal,0
EQ02222,Motor Grader,S025,11.0,2.1,49,39.6,28,C6970,OP0900,12.827833,80.125226,Overdue,67,Maintenance,S025,Active,Maintenance Overdue,1
EQ02223,Dump Truck,S103,7.3,1.1,53,165.0,91,C6588,OP1053,13.170019,79.957526,Good,98,Running,S103,Active,Distance Spike,1
EQ02224,Backhoe Loader,S035,9.8,2.2,47,27.4,98,C9973,OP0975,13.294077,79.973387,Good,73,Running,S035,Active,Normal,0
EQ02225,Dump Truck,S091,9.5,1.1,59,13.5,81,C9487,OP0472,12.912958,79.964643,Good,97,Running,S091,Active,Normal,0
EQ02226,Bulldozer,S057,8.0,0.3,64,24.9,90,C3223,OP0793,13.339743,80.119622,Good,77,Running,S057,Active,Normal,0
EQ02227,Excavator,S038,8.1,3.0,70,28.5,89,C4445,OP0966,12.877322,80.354318,Good,88,Running,S038,Active,Normal,0
EQ02228,Bulldozer,S106,6.0,1.7,64,24.6,80,C2724,OP1007,13.122828,80.055243,Good,75,Running,S106,Active,Normal,0
EQ02229,Bulldozer,S135,9.6,0.0,48,29.3,88,C9394,OP0033,13.209066,80.108789,Due Soon,97,Running,S135,Active,Normal,0
EQ02230,Excavator,S093,6.7,2.0,50,31.1,98,C7104,OP0537,13.058909,80.062269,Good,95,Running,S093,Active,Normal,0
EQ02231,Skid Steer Loader,S106,6.0,2.6,88,36.7,98,C6599,OP1115,12.979096,80.217189,Good,98,Running,S106,Active,Normal,0
EQ02232,Bulldozer,S004,7.6,0.9,46,33.4,80,C3529,OP0665,13.321683,80.084726,Good,90,Running,S004,Active,Normal,0
EQ02233,Backhoe Loader,S058,9.3,1.0,90,21.7,93,C8969,OP0710,12.9203,80.032413,Good,76,Running,S058,Active,Normal,0
EQ02234,Wheel Loader,S022,6.5,2.3,79,26.2,84,C5400,OP0638,13.342935,80.017922,Good,94,Running,S022,Active,Normal,0
EQ02235,Bulldozer,S004,9.2,0.2,35,28.4,90,C9777,OP0823,13.005028,80.377157,Good,69,Running,S004,Active,Normal,0
EQ02236,Dump Truck,S118,5.0,2.7,61,20.4,93,C4181,OP0897,12.726333,80.055049,Due Soon,83,Running,S118,Active,Normal,0
EQ02237,Dump Truck,S051,6.8,0.3,58,20.3,100,C6212,OP0457,13.17406,80.292606,Good,77,Running,S051,Active,Normal,0
EQ02238,Motor Grader,S093,6.3,0.8,59,15.6,94,C1872,OP0104,12.856727,80.324702,Good,87,Running,S093,Active,Normal,0
EQ02239,Excavator,S005,8.1,2.0,85,36.0,83,C2041,OP0065,12.946083,80.11815,Good,82,Running,S005,Active,Normal,0
EQ02240,Bulldozer,S123,10.0,1.1,73,15.7,92,C1371,OP0057,13.113671,80.180658,Good,91,Running,S123,Active,Normal,0
EQ02241,Skid Steer Loader,S014,6.7,2.4,52,12.6,83,C4475,OP0468,13.297311,79.991073,Good,82,Running,S014,Active,Normal,0
EQ02242,Wheel Loader,S070,5.3,1.0,55,23.8,90,C3835,OP0306,13.101212,80.382608,Good,78,Running,S070,Active,Normal,0
EQ02243,Excavator,S123,6.2,0.2,35,29.4,85,C8562,OP0280,12.834338,80.35623,Good,92,Running,S123,Active,Normal,0
EQ02244,Backhoe Loader,S086,10.2,1.5,42,39.0,92,C9340,OP0714,13.237697,80.065289,Good,95,Running,S086,Active,Normal,0
EQ02245,Backhoe Loader,S060,10.5,1.7,55,32.9,90,C3796,OP0324,12.948422,80.266882,Good,65,Running,S060,Active,Normal,0
EQ02246,Excavator,S044,9.3,0.1,69,25.6,97,C2107,OP0475,13.000986,80.275443,Good,83,Running,S044,Active,Normal,0
EQ02247,Wheel Loader,S019,6.7,1.9,57,21.8,90,C9297,OP0847,13.237717,80.076393,Due Soon,89,Running,S019,Active,Normal,0
EQ02248,Backhoe Loader,S114,9.9,2.8,57,23.5,89,C1064,OP1143,12.788561,80.357511,Good,68,Running,S114,Active,Normal,0
EQ02249,Wheel Loader,S063,7.6,2.6,42,27.5,88,C4293,OP0999,12.741987,80.327577,Good,65,Running,S063,Active,Normal,0
EQ02250,Skid Steer Loader,S077,0.5,22.0,60,16.8,93,C3901,OP0792,12.955165,80.076113,Good,5,Idle,S077,Active,High Idle,1
EQ02251,Excavator,S048,5.4,2.9,59,28.1,92,C1406,OP0922,12.932117,80.266966,Good,98,Running,S048,Active,Normal,0
EQ02252,Wheel Loader,S031,8.4,2.9,89,37.2,83,C4921,OP0032,13.346548,80.304707,Good,68,Running,S031,Active,Normal,0
EQ02253,Bulldozer,S080,9.3,1.7,58,39.1,85,C6134,OP0022,13.196302,80.327269,Good,76,Running,S080,Active,Normal,0
EQ02254,Wheel Loader,S097,8.9,1.8,56,28.3,85,C1058,OP0175,13.253779,80.372399,Good,96,Running,S097,Active,Normal,0
EQ02255,Excavator,S068,7.5,0.2,84,18.6,83,C4375,OP0223,13.288955,80.051535,Good,93,Running,S068,Active,Normal,0
EQ02256,Bulldozer,S079,9.4,0.6,51,36.4,91,C9802,OP0514,12.830206,79.995906,Good,86,Running,S079,Active,Normal,0
EQ02257,Backhoe Loader,S112,5.1,0.9,84,12.4,99,C4363,OP0627,12.830772,80.396384,Good,69,Running,S112,Active,Normal,0
EQ02258,Excavator,S145,7.2,2.6,69,31.1,98,C6104,OP0598,12.942963,80.174085,Good,89,Running,S145,Active,Normal,0
EQ02259,Wheel Loader,S108,8.9,1.7,51,16.8,81,C8284,OP0012,13.317575,79.959478,Good,82,Running,S108,Active,Normal,0
EQ02260,Motor Grader,S100,8.2,1.3,72,30.3,98,C5543,OP0972,12.909504,80.155867,Good,83,Running,S100,Active,Normal,0
EQ02261,Motor Grader,S039,8.7,0.4,50,25.9,87,C1373,OP0398,13.207943,80.117167,Due Soon,97,Running,S039,Active,Normal,0
EQ02262,Motor Grader,S011,8.8,2.9,43,38.7,83,C1701,OP0106,12.943049,80.178155,Good,96,Running,S011,Active,Normal,0
EQ02263,Excavator,S149,9.4,1.4,83,38.1,82,C8992,OP0374,12.797747,80.387463,Good,72,Running,S149,Active,Normal,0
EQ02264,Backhoe Loader,S023,6.4,0.2,95,32.2,86,C1780,OP0542,13.298029,80.163629,Due Soon,81,Running,S109,Active,Wrong Site,1
EQ02265,Bulldozer,S009,7.9,0.6,49,29.5,82,C6488,OP0599,12.733037,80.151488,Good,86,Running,S009,Active,Normal,0
EQ02266,Excavator,S045,7.0,2.0,50,14.5,92,C7496,OP0501,13.021818,80.086297,Good,90,Running,S045,Active,Normal,0
EQ02267,Motor Grader,S023,5.3,0.4,64,31.4,93,C7402,OP0694,13.033506,80.390967,Good,83,Running,S023,Active,Normal,0
EQ02268,Bulldozer,S039,7.9,2.3,62,35.0,83,C5965,OP0992,13.036964,80.327754,Good,81,Running,S039,Active,Normal,0
EQ02269,Bulldozer,S043,8.0,0.7,81,18.9,99,C3625,OP0544,12.799301,80.103883,Due Soon,95,Running,S043,Active,Normal,0
EQ02270,Backhoe Loader,S107,7.6,2.1,90,12.7,82,C7967,OP0471,12.863961,80.091644,Good,96,Running,S107,Active,Normal,0
EQ02271,Wheel Loader,S103,7.8,0.7,5,18.0,97,C6492,OP1068,12.767658,80.01308,Good,81,Running,S103,Active,Fuel Anomaly,1
EQ02272,Excavator,S002,6.3,1.6,81,29.3,95,C5844,OP0650,12.801077,80.377631,Good,74,Running,S002,Active,Normal,0
EQ02273,Motor Grader,S006,5.0,2.4,46,24.2,84,C2875,OP0849,12.900102,80.169174,Good,89,Running,S006,Active,Normal,0
EQ02274,Motor Grader,S024,10.0,1.5,79,19.6,89,C6964,OP0595,12.726949,80.333958,Good,67,Running,S024,Active,Normal,0
EQ02275,Wheel Loader,S067,6.0,2.9,60,17.0,89,C2189,OP0089,13.278424,80.053457,Good,96,Running,S067,Active,Normal,0
EQ02276,Skid Steer Loader,S103,8.9,1.7,95,22.4,84,C3659,OP0943,12.820482,80.20336,Good,87,Running,S103,Active,Normal,0
EQ02277,Excavator,S071,6.2,1.8,52,26.3,97,C8457,OP0328,12.787281,80.340528,Good,69,Running,S071,Active,Normal,0
EQ02278,Skid Steer Loader,S026,8.3,2.3,79,29.3,88,C4021,OP0149,13.139099,80.166265,Good,98,Running,S026,Active,Normal,0
EQ02279,Excavator,S141,8.5,1.2,39,17.1,95,C4892,OP0393,13.186277,80.365031,Good,78,Running,S141,Active,Normal,0
EQ02280,Motor Grader,S118,8.0,2.0,60,32.4,99,C2774,OP0877,13.218363,80.010176,Good,77,Running,S118,Active,Normal,0
EQ02281,Motor Grader,S036,7.0,0.7,87,38.4,88,C7996,OP0925,13.018237,80.335584,Due Soon,97,Running,S036,Active,Normal,0
EQ02282,Backhoe Loader,S101,7.1,2.4,74,25.4,89,C1475,OP1122,13.215626,80.313615,Good,92,Running,S101,Active,Normal,0
EQ02283,Backhoe Loader,S009,6.0,0.9,90,30.9,96,C7014,OP0440,12.846644,80.343546,Good,74,Running,S009,Active,Normal,0
EQ02284,Excavator,S072,10.1,0.3,64,20.7,95,C8744,OP1081,12.847568,80.385805,Good,68,Running,S072,Active,Normal,0
EQ02285,Dump Truck,S087,5.1,0.3,85,13.6,92,C8048,OP0619,13.163761,80.103645,Due Soon,87,Running,S087,Active,Normal,0
EQ02286,Skid Steer Loader,S042,5.7,2.4,93,15.1,81,C3454,OP1010,13.036815,80.115916,Good,89,Running,S042,Active,Normal,0
EQ02287,Motor Grader,S066,5.9,2.9,86,16.1,99,C8957,OP1157,13.262789,80.321638,Good,75,Running,S066,Active,Normal,0
EQ02288,Bulldozer,S026,9.2,0.5,48,39.3,99,C8515,OP0921,13.019073,80.084578,Good,73,Running,S026,Active,Normal,0
EQ02289,Bulldozer,S115,10.5,0.2,41,31.5,90,C7466,OP0579,13.076225,80.049383,Due Soon,88,Running,S127,Active,Wrong Site,1
EQ02290,Wheel Loader,S123,10.4,2.3,94,21.1,96,C7237,OP1163,12.927162,80.027408,Good,98,Running,S123,Active,Normal,0
EQ02291,Wheel Loader,S041,7.1,0.5,5,18.0,96,C1472,OP1091,12.967942,80.13668,Due Soon,66,Running,S041,Active,Fuel Anomaly,1
EQ02292,Dump Truck,S141,7.6,1.1,55,32.8,100,C1651,OP0267,12.741976,80.2569,Good,72,Running,S141,Active,Normal,0
EQ02293,Wheel Loader,S025,9.3,1.0,60,34.6,100,C7494,OP0875,13.280518,80.283106,Due Soon,73,Running,S025,Active,Normal,0
EQ02294,Wheel Loader,S126,5.6,2.3,80,38.8,97,C6974,OP0749,13.335565,80.251295,Good,90,Running,S126,Active,Normal,0
EQ02295,Excavator,S142,7.6,1.1,57,14.1,90,C3075,OP0137,12.971902,80.352941,Good,66,Running,S142,Active,Normal,0
EQ02296,Backhoe Loader,S081,6.5,1.9,64,29.4,87,C2477,OP1053,12.827716,80.179613,Good,81,Running,S081,Active,Normal,0
EQ02297,Wheel Loader,S148,5.2,1.5,46,12.9,94,C3392,OP0717,13.220573,80.267698,Good,90,Running,S148,Active,Normal,0
EQ02298,Excavator,S087,10.3,2.8,58,35.3,86,C8519,OP0386,13.197032,80.268273,Good,84,Running,S087,Active,Normal,0
EQ02299,Motor Grader,S105,6.3,1.4,64,22.9,97,C8909,OP1200,13.28094,80.133608,Due Soon,68,Running,S105,Active,Normal,0
EQ02300,Bulldozer,S066,9.5,0.6,82,30.8,98,C1723,OP0495,13.275857,80.081301,Good,85,Running,S066,Active,Normal,0
EQ02301,Bulldozer,S032,9.7,1.5,66,32.3,96,C7297,OP1088,13.238027,79.98433,Good,90,Running,S032,Active,Normal,0
EQ02302,Dump Truck,S017,6.2,3.0,57,13.5,90,C8590,OP0868,12.894,80.072024,Due Soon,96,Running,S017,Active,Normal,0
EQ02303,Skid Steer Loader,S107,6.6,0.8,62,30.4,92,C8747,OP0443,13.042245,80.109823,Good,68,Running,S107,Active,Normal,0
EQ02304,Excavator,S043,6.2,2.9,57,30.2,99,C2936,,12.934931,80.1364,Good,87,Running,S043,Active,Missing Operator,1
EQ02305,Bulldozer,S124,8.5,0.7,42,39.5,89,C9776,OP0964,12.947113,80.038739,Good,82,Running,S124,Active,Normal,0
EQ02306,Excavator,S045,5.1,0.7,77,29.1,96,C5040,OP0678,13.197835,80.0555,Good,67,Running,S045,Active,Normal,0
EQ02307,Dump Truck,S014,7.7,3.0,56,33.4,82,C8006,OP0108,13.05272,80.009742,Good,76,Running,S014,Active,Normal,0
EQ02308,Bulldozer,S031,8.1,2.5,86,32.4,94,C1745,OP0793,12.959659,80.058346,Due Soon,72,Running,S031,Active,Normal,0
EQ02309,Skid Steer Loader,S078,8.8,0.7,75,33.5,99,C8649,OP0365,12.815119,80.047333,Good,68,Running,S078,Active,Normal,0
EQ02310,Skid Steer Loader,S144,7.1,0.2,82,19.4,86,C1261,OP0473,12.929219,80.103419,Good,88,Running,S149,Active,Wrong Site,1
EQ02311,Bulldozer,S021,6.9,2.0,54,32.6,89,C2643,OP1029,13.031211,80.383278,Due Soon,96,Running,S021,Active,Normal,0
EQ02312,Dump Truck,S065,10.3,1.0,65,31.4,82,C5889,OP0461,13.041368,80.000449,Good,94,Running,S065,Active,Normal,0
EQ02313,Bulldozer,S053,6.6,1.8,50,16.9,94,C6498,OP0059,12.953049,80.011696,Good,97,Running,S034,Active,Wrong Site,1
EQ02314,Dump Truck,S012,7.9,1.2,48,36.5,86,C5336,OP0313,13.213034,80.085958,Good,77,Running,S012,Active,Normal,0
EQ02315,Bulldozer,S042,6.8,2.7,44,26.7,94,C4130,OP0122,12.993321,80.321372,Due Soon,89,Running,S042,Active,Normal,0
EQ02316,Wheel Loader,S069,5.8,0.2,76,21.4,93,C2960,OP0262,12.813276,80.083747,Good,73,Running,S069,Active,Normal,0
EQ02317,Skid Steer Loader,S052,6.4,2.3,38,32.3,92,C3516,OP0152,13.148725,80.291745,Overdue,98,Running,S052,Active,Normal,0
EQ02318,Dump Truck,S137,8.8,1.5,50,29.8,84,C8268,OP0084,12.729905,80.266462,Good,94,Running,S137,Active,Normal,0
EQ02319,Dump Truck,S081,8.2,0.5,60,14.6,81,C1444,OP0911,13.295709,80.020868,Good,84,Running,S081,Active,Normal,0
EQ02320,Motor Grader,S136,9.9,2.8,95,21.3,81,C2247,OP0736,13.344627,80.248241,Good,81,Running,S136,Active,Normal,0
EQ02321,Excavator,S116,6.5,0.1,88,35.5,100,C5797,OP0615,13.336358,80.13222,Due Soon,97,Running,S116,Active,Normal,0
EQ02322,Wheel Loader,S118,6.6,1.8,75,31.4,82,C1388,OP0445,12.790577,80.070965,Good,87,Running,S118,Active,Normal,0
EQ02323,Skid Steer Loader,S009,9.9,1.1,64,21.0,84,C2676,OP0955,13.204372,80.060124,Good,87,Running,S009,Active,Normal,0
EQ02324,Excavator,S116,8.8,2.5,74,17.6,84,C4172,OP0111,12.976452,80.246718,Good,71,Running,S116,Active,Normal,0
EQ02325,Dump Truck,S136,7.6,2.6,46,20.1,82,C6083,OP0022,12.812117,80.334393,Good,69,Running,S136,Active,Normal,0
EQ02326,Motor Grader,S056,7.6,2.8,91,23.6,84,C6331,OP0404,13.197751,79.997798,Good,71,Running,S056,Active,Normal,0
EQ02327,Motor Grader,S027,9.8,0.3,77,18.8,94,C2873,OP0763,13.250373,80.169582,Good,65,Running,S027,Active,Normal,0
EQ02328,Dump Truck,S035,7.9,2.3,80,13.1,28,C9999,OP0323,13.099614,80.366649,Overdue,85,Maintenance,S035,Active,Maintenance Overdue,1
EQ02329,Excavator,S017,5.5,0.0,81,37.8,92,C9197,,12.876294,80.370627,Good,87,Running,S017,Active,Missing Operator,1
EQ02330,Skid Steer Loader,S045,6.8,1.0,88,18.6,99,C5320,OP1065,12.964996,80.163647,Good,69,Running,S045,Active,Normal,0
EQ02331,Dump Truck,S071,6.2,0.7,45,30.2,87,C5099,OP0148,13.120589,79.968881,Due Soon,69,Running,S071,Expired,Contract Expired,1
EQ02332,Wheel Loader,S088,8.6,0.3,59,26.3,86,C3128,OP0640,13.284852,80.20103,Good,88,Running,S088,Active,Normal,0
EQ02333,Dump Truck,S126,8.4,0.6,43,38.4,80,C6590,OP0829,12.950001,80.233315,Due Soon,78,Running,S126,Active,Normal,0
EQ02334,Motor Grader,S128,10.6,16.0,65,25.3,89,C4668,OP0481,13.323774,80.344305,Good,8,Idle,S128,Active,Low Utilization,1
EQ02335,Skid Steer Loader,S038,8.6,0.1,69,17.1,80,C6516,OP1055,12.870897,80.004452,Good,95,Running,S038,Active,Normal,0
EQ02336,Backhoe Loader,S022,6.4,2.5,47,23.7,82,C2591,OP1067,13.288743,80.017506,Good,70,Running,S022,Active,Normal,0
EQ02337,Bulldozer,S126,5.5,2.2,77,24.0,88,C2044,OP0913,12.818058,80.05569,Good,67,Running,S126,Active,Normal,0
EQ02338,Bulldozer,S139,9.2,2.0,57,13.1,86,C9249,OP0343,12.865866,80.349388,Good,90,Running,S139,Active,Normal,0
EQ02339,Bulldozer,S054,5.6,3.0,86,35.2,81,C5092,OP0437,13.166194,80.303133,Good,90,Running,S054,Active,Normal,0
EQ02340,Motor Grader,S109,10.2,0.3,77,12.8,94,C9259,OP0702,12.725668,80.295988,Good,66,Running,S109,Active,Normal,0
EQ02341,Wheel Loader,S086,9.5,2.1,78,24.8,90,C8465,OP0458,13.112246,80.042661,Good,81,Running,S086,Active,Normal,0
EQ02342,Skid Steer Loader,S080,5.0,0.4,63,19.3,94,C9199,OP0391,12.791512,80.273303,Good,79,Running,S080,Active,Normal,0
EQ02343,Motor Grader,S088,7.9,2.4,76,18.7,85,C3369,OP1036,12.819358,80.116307,Due Soon,77,Running,S088,Active,Normal,0
EQ02344,Skid Steer Loader,S024,5.0,0.4,70,31.5,94,C3461,OP1200,12.9854,80.313485,Good,98,Running,S024,Active,Normal,0
EQ02345,Excavator,S108,7.2,1.8,92,23.3,99,C7434,OP0266,12.965758,80.34647,Due Soon,74,Running,S108,Active,Normal,0
EQ02346,Motor Grader,S036,10.8,2.1,89,13.9,88,C1386,OP0206,13.077181,80.218013,Good,73,Running,S036,Active,Normal,0
EQ02347,Backhoe Loader,S130,8.2,1.4,49,32.7,96,C9911,OP0857,13.009135,80.212398,Good,98,Running,S130,Active,Normal,0
EQ02348,Skid Steer Loader,S048,9.1,1.8,93,31.8,83,C6232,OP0247,13.108796,80.025742,Good,81,Running,S048,Active,Normal,0
EQ02349,Backhoe Loader,S001,7.1,0.3,62,28.3,84,C1908,OP0726,12.917351,80.158222,Good,82,Running,S001,Active,Normal,0
EQ02350,Backhoe Loader,S104,7.1,2.4,75,165.0,95,C1689,OP0764,13.122679,80.207476,Due Soon,98,Running,S104,Active,Distance Spike,1
EQ02351,Backhoe Loader,S076,10.2,1.2,70,12.3,99,C1091,OP0169,12.723102,80.131883,Due Soon,98,Running,S076,Active,Normal,0
EQ02352,Excavator,S062,9.5,1.4,92,39.0,81,C2787,OP0503,13.037054,80.00825,Good,74,Running,S062,Active,Normal,0
EQ02353,Backhoe Loader,S070,7.7,1.6,94,30.4,83,C9985,OP0267,12.907731,80.316941,Due Soon,98,Running,S070,Active,Normal,0
EQ02354,Backhoe Loader,S031,9.5,0.8,95,39.6,84,C7386,OP0428,13.337327,80.313209,Due Soon,86,Running,S031,Active,Normal,0
EQ02355,Backhoe Loader,S112,7.3,0.5,68,34.4,80,C6658,OP0265,12.70207,80.041209,Good,87,Running,S112,Active,Normal,0
EQ02356,Skid Steer Loader,S059,10.7,0.7,41,12.2,90,C3865,OP1010,13.106226,79.998413,Good,86,Running,S059,Active,Normal,0
EQ02357,Motor Grader,S078,5.6,2.6,46,33.3,88,C3213,OP0171,13.058921,80.183637,Good,95,Running,S078,Active,Normal,0
EQ02358,Bulldozer,S067,6.8,1.7,49,39.1,83,C2994,OP0985,12.753527,80.090362,Good,82,Running,S067,Active,Normal,0
EQ02359,Excavator,S022,6.8,1.6,95,39.4,93,C4799,OP0249,12.831101,80.273487,Due Soon,85,Running,S022,Active,Normal,0
EQ02360,Wheel Loader,S060,8.4,2.7,76,30.9,93,C6681,OP0148,12.873623,79.980442,Good,79,Running,S060,Active,Normal,0
EQ02361,Motor Grader,S049,8.5,2.2,95,19.1,89,C9119,OP0445,13.295385,80.221749,Due Soon,97,Running,S049,Active,Normal,0
EQ02362,Bulldozer,S111,7.1,1.4,51,32.5,84,C6459,OP0170,13.094174,80.363138,Due Soon,78,Running,S111,Active,Normal,0
EQ02363,Backhoe Loader,S037,10.8,2.7,62,37.1,99,C4656,OP0794,13.03242,80.210836,Good,82,Running,S037,Active,Normal,0
EQ02364,Wheel Loader,S020,5.3,1.9,73,23.3,94,C2941,OP0248,13.143955,80.397851,Good,94,Running,S020,Active,Normal,0
EQ02365,Skid Steer Loader,S073,6.3,1.7,83,19.7,100,C5970,OP0389,13.304885,80.054547,Due Soon,69,Running,S073,Active,Normal,0
EQ02366,Skid Steer Loader,S057,10.2,0.3,61,30.6,91,C1561,OP0252,13.160109,80.173425,Good,82,Running,S057,Active,Normal,0
EQ02367,Bulldozer,S018,8.1,1.8,79,39.1,82,C5785,OP0926,13.071768,80.206543,Due Soon,95,Running,S018,Active,Normal,0
EQ02368,Skid Steer Loader,S086,6.4,0.3,55,36.8,92,C7489,OP1173,12.824,80.082524,Good,71,Running,S086,Active,Normal,0
EQ02369,Wheel Loader,S039,9.3,1.1,38,13.6,89,C1442,OP0730,12.740572,80.258455,Good,65,Running,S039,Active,Normal,0
EQ02370,Bulldozer,S094,5.6,0.4,5,18.0,81,C8980,OP0057,13.340507,80.057424,Due Soon,86,Running,S094,Active,Fuel Anomaly,1
EQ02371,Backhoe Loader,S122,10.0,2.0,53,27.4,92,C3894,OP0523,13.029593,80.108956,Good,83,Running,S122,Active,Normal,0
EQ02372,Dump Truck,S091,8.6,2.9,88,33.6,88,C1943,OP0415,13.078435,80.129303,Good,70,Running,S091,Active,Normal,0
EQ02373,Dump Truck,S092,7.0,0.8,93,36.8,99,C8608,OP1009,12.726172,80.232952,Good,90,Running,S092,Active,Normal,0
EQ02374,Skid Steer Loader,S070,10.6,0.7,57,26.8,91,C5907,OP0269,12.764276,79.956551,Good,76,Running,S070,Active,Normal,0
EQ02375,Wheel Loader,S124,8.4,3.0,84,27.0,89,C7565,OP0180,13.153817,80.285886,Good,83,Running,S124,Active,Normal,0
EQ02376,Dump Truck,S004,5.2,2.5,74,24.0,93,C6273,OP0191,13.137678,80.201115,Good,90,Running,S004,Active,Normal,0
EQ02377,Backhoe Loader,S135,6.6,1.9,55,38.8,86,C9417,OP0272,12.840235,80.386395,Good,79,Running,S135,Active,Normal,0
EQ02378,Backhoe Loader,S138,9.0,1.0,48,30.6,93,C6749,OP0840,13.051378,80.043992,Good,75,Running,S138,Active,Normal,0
EQ02379,Skid Steer Loader,S049,6.9,1.6,62,34.6,92,C5162,OP0077,13.160853,80.156164,Good,87,Running,S049,Active,Normal,0
EQ02380,Dump Truck,S084,7.7,1.2,69,27.9,91,C7340,OP1169,13.244966,80.347887,Good,73,Running,S084,Active,Normal,0
EQ02381,Bulldozer,S028,9.3,0.4,41,26.3,28,C5261,OP0649,13.151338,80.221924,Overdue,95,Maintenance,S028,Active,Maintenance Overdue,1
EQ02382,Motor Grader,S112,5.2,2.5,81,24.4,90,C2711,OP0430,12.979332,79.995087,Due Soon,94,Running,S112,Active,Normal,0
EQ02383,Excavator,S027,7.4,0.1,50,28.1,95,C6028,OP0473,12.739703,80.138307,Due Soon,89,Running,S027,Active,Normal,0
EQ02384,Backhoe Loader,S095,5.9,1.7,36,12.2,90,C1727,OP0799,12.980417,80.322918,Good,79,Running,S095,Active,Normal,0
EQ02385,Wheel Loader,S003,9.6,0.9,41,22.7,97,C3823,,12.994129,80.029012,Good,83,Running,S003,Active,Missing Operator,1
EQ02386,Skid Steer Loader,S013,10.5,2.3,86,37.1,95,C4553,OP0813,13.062309,79.951759,Good,75,Running,S013,Active,Normal,0
EQ02387,Backhoe Loader,S053,5.9,16.0,69,21.1,82,C1813,OP0085,12.751474,80.214925,Due Soon,8,Idle,S053,Active,Low Utilization,1
EQ02388,Dump Truck,S014,8.3,1.6,88,25.0,91,C7747,OP0479,13.096334,79.984612,Good,95,Running,S014,Active,Normal,0
EQ02389,Dump Truck,S092,10.0,2.4,87,19.3,84,C2681,OP0893,12.741141,80.105904,Good,67,Running,S092,Active,Normal,0
EQ02390,Dump Truck,S118,7.4,2.7,89,33.5,92,C3747,OP0264,13.01703,80.063421,Good,73,Running,S118,Active,Normal,0
EQ02391,Bulldozer,S135,9.9,2.8,41,18.7,92,C7364,OP1137,13.160794,80.073321,Due Soon,74,Running,S135,Active,Normal,0
EQ02392,Wheel Loader,S103,8.7,1.6,37,15.1,86,C4926,OP0346,12.801669,80.021216,Due Soon,98,Running,S103,Active,Normal,0
EQ02393,Motor Grader,S121,9.8,1.6,43,12.8,96,C3626,OP0455,12.729974,80.189896,Due Soon,96,Running,S121,Expired,Contract Expired,1
EQ02394,Skid Steer Loader,S047,8.8,2.5,65,32.1,83,C5871,OP0459,13.04201,80.394051,Good,94,Running,S047,Active,Normal,0
EQ02395,Excavator,S103,10.5,0.9,57,15.1,100,C8733,OP0923,13.312411,80.341914,Due Soon,65,Running,S103,Active,Normal,0
EQ02396,Bulldozer,S103,10.0,0.3,40,32.9,99,C5241,OP0606,12.966692,80.127739,Good,91,Running,S103,Active,Normal,0
EQ02397,Bulldozer,S085,10.2,2.8,58,35.5,93,C5171,OP0282,13.263385,80.33199,Overdue,91,Running,S129,Active,Wrong Site,1
EQ02398,Motor Grader,S028,5.0,2.5,44,18.2,80,C8722,OP0873,13.208982,80.251263,Good,70,Running,S028,Active,Normal,0
EQ02399,Bulldozer,S071,10.9,0.2,52,26.7,89,C9901,OP0885,13.345797,80.043344,Good,68,Running,S071,Active,Normal,0
EQ02400,Excavator,S146,7.5,0.7,86,26.5,83,C8977,OP0580,13.23513,80.187834,Good,87,Running,S146,Active,Normal,0
EQ02401,Wheel Loader,S140,8.3,16.0,74,31.6,100,C8600,OP0427,12.866981,80.274382,Good,8,Idle,S140,Active,Low Utilization,1
EQ02402,Wheel Loader,S047,10.0,1.9,41,24.9,84,C9405,OP1104,12.717818,80.008781,Good,71,Running,S047,Active,Normal,0
EQ02403,Skid Steer Loader,S056,10.8,0.8,76,13.0,83,C4875,OP1065,12.753237,79.972732,Good,89,Running,S056,Active,Normal,0
EQ02404,Motor Grader,S033,6.5,2.2,55,37.8,84,C7743,OP1111,13.015555,80.04305,Good,76,Running,S033,Active,Normal,0
EQ02405,Excavator,S072,10.2,2.2,45,36.7,98,C1205,OP1017,12.755769,80.306833,Due Soon,86,Running,S072,Active,Normal,0
EQ02406,Skid Steer Loader,S143,7.1,1.3,49,29.4,87,C9377,OP0284,12.972332,80.136213,Due Soon,92,Running,S143,Active,Normal,0
EQ02407,Bulldozer,S104,5.8,1.2,92,36.3,95,C3305,OP1176,13.288314,80.377369,Good,76,Running,S104,Active,Normal,0
EQ02408,Backhoe Loader,S130,7.3,1.4,52,24.5,95,C6220,OP0127,12.734153,80.387303,Good,66,Running,S130,Active,Normal,0
EQ02409,Skid Steer Loader,S069,8.0,2.7,70,20.1,88,C4868,OP0726,12.871477,80.156397,Good,81,Running,S069,Active,Normal,0
EQ02410,Skid Steer Loader,S041,9.4,2.6,50,12.5,82,C2131,OP0297,12.93825,80.295486,Good,73,Running,S041,Active,Normal,0
EQ02411,Wheel Loader,S002,9.1,2.2,68,26.9,88,C9419,OP1069,12.947994,80.296485,Good,97,Running,S002,Active,Normal,0
EQ02412,Skid Steer Loader,S144,8.0,0.9,69,27.6,88,C4670,OP0714,13.022717,80.323952,Good,74,Running,S144,Active,Normal,0
EQ02413,Motor Grader,S134,8.5,0.6,36,24.7,84,C2689,OP1094,13.070946,80.240067,Good,70,Running,S134,Active,Normal,0
EQ02414,Bulldozer,S139,7.5,0.6,35,15.4,92,C4492,OP0837,12.774198,80.299873,Good,78,Running,S139,Active,Normal,0
EQ02415,Wheel Loader,S042,9.1,0.1,52,25.5,86,C2250,OP0847,13.211855,80.057103,Good,77,Running,S042,Active,Normal,0
EQ02416,Bulldozer,S121,10.6,2.1,50,17.5,83,C8362,OP0069,13.091452,80.331707,Good,67,Running,S121,Active,Normal,0
EQ02417,Bulldozer,S110,7.8,0.4,83,29.5,88,C4655,OP0138,12.844662,80.396397,Good,75,Running,S110,Active,Normal,0
EQ02418,Bulldozer,S090,9.4,3.0,36,29.7,88,C8702,OP0342,13.003625,80.106389,Good,95,Running,S090,Active,Normal,0
EQ02419,Motor Grader,S064,9.4,2.2,49,19.2,97,C7217,OP0276,13.331975,80.266392,Due Soon,68,Running,S064,Active,Normal,0
EQ02420,Wheel Loader,S112,5.1,0.2,58,27.6,82,C8751,OP0599,12.729381,79.966988,Due Soon,74,Running,S112,Active,Normal,0
EQ02421,Motor Grader,S110,5.6,0.5,67,21.2,92,C1217,OP1094,12.974591,79.998706,Due Soon,74,Running,S110,Active,Normal,0
EQ02422,Dump Truck,S133,10.5,2.7,94,28.8,86,C4990,OP0230,12.751882,80.341203,Good,80,Running,S133,Active,Normal,0
EQ02423,Backhoe Loader,S030,7.7,0.1,75,12.9,80,C2700,OP0228,13.234471,80.172267,Good,77,Running,S030,Active,Normal,0
EQ02424,Motor Grader,S103,9.5,0.2,79,27.8,85,C9843,OP0649,13.279525,79.982869,Good,86,Running,S103,Active,Normal,0
EQ02425,Motor Grader,S086,7.2,2.6,70,14.2,82,C9974,OP1157,12.73385,80.364535,Good,87,Running,S086,Active,Normal,0
EQ02426,Dump Truck,S001,6.1,0.0,59,165.0,100,C6587,OP0797,12.790395,80.38097,Due Soon,98,Running,S001,Active,Distance Spike,1
EQ02427,Bulldozer,S100,8.5,1.2,64,23.2,88,C4137,OP0432,13.260131,80.18393,Good,82,Running,S100,Active,Normal,0
EQ02428,Bulldozer,S050,8.8,2.8,43,32.7,97,C3976,OP1098,13.171432,79.974343,Good,82,Running,S050,Active,Normal,0
EQ02429,Skid Steer Loader,S011,8.2,0.4,76,21.3,88,C4222,OP0788,12.866314,80.011554,Good,98,Running,S011,Active,Normal,0
EQ02430,Skid Steer Loader,S008,6.8,1.6,83,19.9,90,C6898,OP0727,13.024555,80.072484,Good,94,Running,S008,Active,Normal,0
EQ02431,Skid Steer Loader,S061,8.9,1.8,47,24.5,86,C2625,OP0240,13.130527,80.058514,Due Soon,90,Running,S061,Active,Normal,0
EQ02432,Motor Grader,S108,7.0,2.6,35,30.5,86,C7062,OP0329,13.012571,80.383466,Good,82,Running,S108,Expired,Contract Expired,1
EQ02433,Wheel Loader,S051,8.8,2.7,86,29.3,93,C2575,OP0458,13.113924,80.282267,Good,89,Running,S051,Active,Normal,0
EQ02434,Bulldozer,S104,7.7,0.3,43,35.6,84,C5333,OP0046,12.845709,80.314985,Due Soon,74,Running,S104,Active,Normal,0
EQ02435,Excavator,S143,9.1,1.5,39,32.3,98,C6029,OP1101,12.756347,80.278478,Good,71,Running,S143,Active,Normal,0
EQ02436,Motor Grader,S015,6.0,2.6,53,21.0,87,C5487,OP0725,13.26495,80.303574,Due Soon,72,Running,S015,Active,Normal,0
EQ02437,Wheel Loader,S019,5.8,0.2,35,23.1,98,C9393,OP0712,12.876629,80.200355,Good,66,Running,S019,Active,Normal,0
EQ02438,Dump Truck,S004,9.4,1.9,63,36.2,82,C1970,OP0168,13.120113,80.120731,Good,84,Running,S114,Active,Wrong Site,1
EQ02439,Motor Grader,S117,5.6,2.6,77,23.3,82,C6027,OP0452,12.890869,80.238256,Good,82,Running,S117,Active,Normal,0
EQ02440,Dump Truck,S044,10.5,1.8,74,28.7,93,C1529,OP0067,12.763965,80.396622,Good,74,Running,S044,Active,Normal,0
EQ02441,Motor Grader,S050,0.5,22.0,68,28.1,81,C5532,OP0973,13.230357,80.397362,Good,5,Idle,S050,Active,High Idle,1
EQ02442,Excavator,S057,5.2,2.1,59,23.6,90,C4196,OP1007,13.059256,80.370677,Good,76,Running,S057,Active,Normal,0
EQ02443,Motor Grader,S018,10.4,1.2,47,18.7,83,C5539,OP0866,12.971077,79.967507,Due Soon,75,Running,S018,Active,Normal,0
EQ02444,Backhoe Loader,S117,5.3,1.7,79,23.2,92,C1848,OP0374,12.87504,80.381755,Good,68,Running,S117,Active,Normal,0
EQ02445,Motor Grader,S020,10.8,2.9,53,33.1,85,C8849,OP0936,13.278016,80.084476,Good,74,Running,S020,Active,Normal,0
EQ02446,Motor Grader,S022,0.5,22.0,37,17.5,92,C3602,OP0425,12.92709,80.380756,Good,5,Idle,S022,Active,High Idle,1
EQ02447,Bulldozer,S050,7.1,0.4,56,28.5,86,C4041,OP0066,13.004412,80.32794,Good,93,Running,S050,Active,Normal,0
EQ02448,Skid Steer Loader,S034,10.8,1.6,46,36.4,80,C5626,OP0384,12.979061,80.365199,Good,86,Running,S026,Active,Wrong Site,1
EQ02449,Wheel Loader,S028,8.9,0.1,53,27.2,84,C7885,OP0998,13.218858,80.120936,Good,82,Running,S028,Active,Normal,0
EQ02450,Bulldozer,S043,8.7,1.7,40,16.4,99,C5151,OP0856,13.346656,80.040428,Good,85,Running,S043,Active,Normal,0
EQ02451,Bulldozer,S026,7.4,0.0,83,19.2,86,C3614,OP0304,12.81593,80.159514,Good,78,Running,S026,Active,Normal,0
EQ02452,Motor Grader,S097,5.6,1.5,88,28.8,92,C3654,OP1027,13.341631,79.987831,Due Soon,75,Running,S097,Active,Normal,0
EQ02453,Backhoe Loader,S126,7.5,1.9,75,32.0,93,C6516,OP0648,12.975713,80.133537,Good,79,Running,S126,Active,Normal,0
EQ02454,Backhoe Loader,S104,9.1,2.0,82,31.1,90,C2914,OP0543,12.769637,79.95952,Good,91,Running,S104,Active,Normal,0
EQ02455,Backhoe Loader,S088,7.9,2.4,91,34.8,80,C3580,OP0215,13.098695,79.961764,Due Soon,72,Running,S088,Active,Normal,0
EQ02456,Bulldozer,S001,7.1,2.6,73,37.9,96,C7595,OP0747,13.267213,79.968252,Good,69,Running,S001,Active,Normal,0
EQ02457,Backhoe Loader,S091,6.6,1.5,53,39.1,83,C7790,OP0958,12.987272,80.218054,Due Soon,72,Running,S091,Active,Normal,0
EQ02458,Skid Steer Loader,S129,5.1,0.9,79,39.8,81,C7441,OP1173,12.952697,80.280972,Good,80,Running,S129,Active,Normal,0
EQ02459,Wheel Loader,S093,9.4,0.3,49,25.9,86,C2084,OP0567,13.237646,80.033352,Good,98,Running,S093,Active,Normal,0
EQ02460,Bulldozer,S126,7.2,1.4,71,21.4,84,C4795,OP0413,12.83516,80.213403,Good,86,Running,S126,Active,Normal,0
EQ02461,Wheel Loader,S117,10.1,1.0,52,165.0,87,C9126,OP0574,13.287634,80.185847,Good,98,Running,S117,Active,Distance Spike,1
EQ02462,Backhoe Loader,S071,7.6,1.3,43,36.4,93,C6022,OP0351,12.896082,80.180947,Due Soon,78,Running,S071,Active,Normal,0
EQ02463,Bulldozer,S017,6.9,2.7,76,24.1,85,C6097,OP0439,12.893363,80.336367,Good,83,Running,S017,Active,Normal,0
EQ02464,Skid Steer Loader,S045,7.5,0.8,39,26.9,87,C9478,OP0578,12.989405,80.117727,Good,83,Running,S045,Active,Normal,0
EQ02465,Excavator,S115,8.3,16.0,53,25.2,95,C7200,OP0646,12.703808,80.26823,Good,8,Idle,S115,Active,Low Utilization,1
EQ02466,Skid Steer Loader,S018,10.1,2.8,37,30.3,86,C3006,,12.716153,80.106547,Good,83,Running,S018,Active,Missing Operator,1
EQ02467,Backhoe Loader,S119,5.9,1.5,76,31.5,90,C2419,OP0061,13.042121,80.070659,Good,72,Running,S119,Active,Normal,0
EQ02468,Bulldozer,S111,6.9,2.2,92,12.2,98,C2287,OP1160,13.05758,80.275641,Overdue,81,Running,S111,Active,Normal,0
EQ02469,Skid Steer Loader,S036,5.7,2.2,61,22.3,95,C4340,OP1183,12.758284,80.228794,Good,90,Running,S036,Active,Normal,0
EQ02470,Backhoe Loader,S031,9.3,1.5,85,15.3,87,C8275,OP0511,12.871496,80.166086,Good,96,Running,S031,Active,Normal,0
EQ02471,Motor Grader,S078,0.5,22.0,85,29.3,88,C4088,OP0877,13.151442,79.984757,Good,5,Idle,S078,Active,High Idle,1
EQ02472,Dump Truck,S076,5.7,1.9,70,21.9,100,C7929,OP1026,13.143455,80.103471,Good,84,Running,S076,Active,Normal,0
EQ02473,Motor Grader,S059,5.9,1.4,44,31.3,84,C1604,OP0080,13.336744,80.033667,Good,84,Running,S059,Active,Normal,0
EQ02474,Motor Grader,S101,10.7,0.3,75,28.6,86,C5988,OP0361,13.149017,80.229328,Good,93,Running,S101,Active,Normal,0
EQ02475,Backhoe Loader,S056,8.9,0.8,92,28.1,92,C8786,OP0542,13.235912,80.061317,Good,65,Running,S056,Active,Normal,0
EQ02476,Dump Truck,S066,7.7,2.5,60,15.1,88,C5989,OP0635,13.279047,80.080629,Good,92,Running,S066,Active,Normal,0
EQ02477,Skid Steer Loader,S015,5.3,1.5,58,28.6,95,C4646,OP0315,13.172483,80.079431,Good,88,Running,S015,Active,Normal,0
EQ02478,Backhoe Loader,S070,8.9,0.2,84,165.0,86,C3338,OP0310,12.815626,80.262961,Due Soon,98,Running,S070,Active,Distance Spike,1
EQ02479,Excavator,S076,5.6,16.0,70,38.6,99,C1419,OP0127,13.327266,79.95913,Good,8,Idle,S076,Active,Low Utilization,1
EQ02480,Motor Grader,S143,10.4,1.1,68,14.5,80,C3282,OP0856,13.192755,79.971129,Good,91,Running,S143,Active,Normal,0
EQ02481,Wheel Loader,S100,7.2,2.8,71,18.9,90,C2487,OP1009,12.791204,79.952475,Good,73,Running,S100,Active,Normal,0
EQ02482,Skid Steer Loader,S040,8.7,1.5,57,17.4,92,C4578,OP1079,13.088249,80.261952,Overdue,70,Running,S040,Active,Normal,0
EQ02483,Excavator,S149,6.7,2.3,49,32.5,98,C8366,OP0271,13.26025,80.091843,Good,80,Running,S149,Active,Normal,0
EQ02484,Wheel Loader,S059,8.6,1.4,59,31.1,94,C1597,OP0722,12.832839,80.181809,Good,92,Running,S059,Active,Normal,0
EQ02485,Motor Grader,S127,8.7,1.3,68,31.7,91,C2894,OP0639,12.880977,80.365644,Due Soon,83,Running,S127,Active,Normal,0
EQ02486,Skid Steer Loader,S080,10.0,1.7,47,16.6,87,C1042,OP0700,12.892166,80.127657,Good,67,Running,S080,Active,Normal,0
EQ02487,Backhoe Loader,S149,7.9,0.5,60,25.5,97,C7337,OP0977,13.154701,80.047044,Good,78,Running,S149,Active,Normal,0
EQ02488,Dump Truck,S053,6.8,1.3,38,28.4,83,C5275,OP0218,13.135728,80.142345,Good,65,Running,S053,Active,Normal,0
EQ02489,Wheel Loader,S032,7.7,1.9,92,33.4,92,C7797,OP0361,12.857186,80.119877,Due Soon,92,Running,S032,Active,Normal,0
EQ02490,Bulldozer,S074,10.2,2.6,44,20.4,90,C8961,OP0691,13.056281,80.18989,Good,68,Running,S074,Active,Normal,0
EQ02491,Motor Grader,S047,6.4,0.2,74,23.7,95,C2863,OP0006,13.294635,80.232187,Good,70,Running,S047,Active,Normal,0
EQ02492,Excavator,S100,5.7,2.1,95,19.6,98,C7098,OP0940,12.9102,80.303299,Good,72,Running,S100,Active,Normal,0
EQ02493,Backhoe Loader,S018,10.2,0.6,63,18.4,93,C1847,OP0140,12.79908,80.058021,Due Soon,72,Running,S023,Active,Wrong Site,1
EQ02494,Motor Grader,S150,9.8,0.8,83,27.9,100,C4012,OP1100,13.306857,80.304494,Good,65,Running,S150,Active,Normal,0
EQ02495,Motor Grader,S057,7.2,2.5,40,13.5,100,C6315,OP0647,13.329296,80.035548,Due Soon,97,Running,S057,Active,Normal,0
EQ02496,Dump Truck,S093,6.0,1.3,42,15.0,95,C8011,OP0286,12.79633,80.352569,Good,65,Running,S093,Active,Normal,0
EQ02497,Skid Steer Loader,S054,10.4,1.7,82,31.3,89,C3505,OP1003,13.289485,80.040882,Good,67,Running,S054,Active,Normal,0
EQ02498,Wheel Loader,S066,8.1,1.1,78,18.1,98,C6612,OP0017,12.844558,80.21082,Good,79,Running,S091,Active,Wrong Site,1
EQ02499,Backhoe Loader,S100,5.0,2.5,74,28.8,86,C4590,OP0969,12.882492,80.067216,Good,75,Running,S100,Active,Normal,0
EQ02500,Wheel Loader,S109,7.5,1.2,74,36.5,86,C1307,OP0485,13.005453,80.037545,Good,73,Running,S109,Active,Normal,0
EQ02501,Excavator,S052,5.8,1.4,81,26.0,85,C1526,OP1048,12.882387,80.272559,Good,72,Running,S052,Active,Normal,0
EQ02502,Backhoe Loader,S006,5.7,2.2,47,23.9,92,C3477,OP1074,12.946124,80.097747,Good,65,Running,S006,Active,Normal,0
EQ02503,Skid Steer Loader,S084,8.5,1.8,95,18.3,97,C5431,OP0702,13.226064,80.284324,Good,91,Running,S084,Active,Normal,0
EQ02504,Motor Grader,S084,8.5,0.5,57,15.2,88,C4835,OP0959,12.968922,80.348776,Good,77,Running,S084,Active,Normal,0
EQ02505,Backhoe Loader,S141,5.5,0.4,70,16.9,84,C5127,OP0539,12.855471,80.121699,Good,79,Running,S141,Active,Normal,0
EQ02506,Motor Grader,S076,5.2,2.4,52,31.6,84,C9786,OP0452,13.187844,79.967199,Good,69,Running,S076,Active,Normal,0
EQ02507,Motor Grader,S034,7.8,1.8,84,29.4,86,C1936,OP0284,13.283351,80.39313,Good,71,Running,S034,Active,Normal,0
EQ02508,Skid Steer Loader,S062,9.4,1.1,64,38.3,96,C9539,OP0016,12.885118,80.267311,Good,71,Running,S062,Active,Normal,0
EQ02509,Backhoe Loader,S140,10.5,2.0,64,24.4,88,C5102,OP0796,12.714669,80.135955,Due Soon,78,Running,S140,Active,Normal,0
EQ02510,Motor Grader,S114,6.1,2.6,83,31.3,83,C4332,OP0923,12.759562,79.964681,Good,93,Running,S114,Active,Normal,0
EQ02511,Excavator,S041,8.5,0.2,76,31.5,94,C5164,OP0308,13.020569,80.394601,Good,83,Running,S041,Active,Normal,0
EQ02512,Motor Grader,S066,8.5,0.7,60,36.1,89,C1855,OP0476,12.884365,80.384403,Good,79,Running,S066,Active,Normal,0
EQ02513,Bulldozer,S146,10.8,1.0,81,36.3,100,C4445,,12.781931,80.140329,Good,83,Running,S146,Active,Missing Operator,1
EQ02514,Backhoe Loader,S008,6.0,0.2,48,24.5,96,C5866,OP0397,12.798275,80.169801,Overdue,76,Running,S008,Active,Normal,0
EQ02515,Wheel Loader,S146,6.2,2.3,40,28.8,87,C4087,OP0593,13.010316,80.319575,Good,93,Running,S146,Active,Normal,0
EQ02516,Skid Steer Loader,S060,5.5,2.7,90,38.5,95,C5239,OP0293,12.976482,80.184876,Good,92,Running,S060,Active,Normal,0
EQ02517,Backhoe Loader,S101,6.5,1.8,59,22.6,93,C6875,OP0938,13.260466,79.956015,Due Soon,67,Running,S101,Active,Normal,0
EQ02518,Excavator,S069,6.2,1.2,40,21.1,84,C8881,OP0953,13.260165,80.182921,Good,77,Running,S069,Active,Normal,0
EQ02519,Bulldozer,S021,8.2,0.7,54,18.7,94,C3375,OP0353,12.720472,79.986003,Good,93,Running,S021,Active,Normal,0
EQ02520,Excavator,S021,9.8,1.6,38,23.8,94,C4501,OP0112,13.229903,80.079235,Good,69,Running,S021,Active,Normal,0
EQ02521,Excavator,S131,5.3,1.9,58,21.5,96,C5218,OP0917,13.252885,80.181845,Good,75,Running,S131,Active,Normal,0
EQ02522,Skid Steer Loader,S146,8.3,2.7,87,18.2,85,C5656,OP0451,13.152437,80.031952,Good,88,Running,S146,Active,Normal,0
EQ02523,Skid Steer Loader,S109,9.0,2.6,39,38.2,93,C2474,OP1131,13.322801,80.183224,Good,86,Running,S109,Active,Normal,0
EQ02524,Skid Steer Loader,S040,10.5,1.9,46,20.0,84,C5122,OP1070,13.048243,80.297677,Good,88,Running,S040,Active,Normal,0
EQ02525,Dump Truck,S104,10.7,0.1,46,37.5,96,C3113,OP0043,12.803935,79.983713,Good,79,Running,S104,Active,Normal,0
EQ02526,Excavator,S110,9.2,0.5,79,12.7,93,C1488,OP0396,13.338307,80.06891,Good,73,Running,S110,Active,Normal,0
EQ02527,Motor Grader,S110,9.1,2.8,80,39.2,81,C2051,OP0255,13.28376,79.987302,Good,84,Running,S110,Active,Normal,0
EQ02528,Bulldozer,S120,9.0,2.8,85,15.3,91,C1450,OP0169,13.20077,79.97126,Good,75,Running,S120,Active,Normal,0
EQ02529,Skid Steer Loader,S060,7.6,3.0,70,16.9,84,C5821,OP1040,12.991766,80.012807,Good,70,Running,S060,Active,Normal,0
EQ02530,Excavator,S138,6.9,1.2,94,15.6,96,C2262,OP0099,12.968602,80.279184,Good,69,Running,S138,Active,Normal,0
EQ02531,Dump Truck,S129,10.2,1.4,38,31.4,84,C9569,OP1048,13.176256,80.061054,Good,85,Running,S129,Active,Normal,0
EQ02532,Bulldozer,S018,5.9,2.4,71,12.4,89,C4205,OP0365,12.978227,80.156205,Good,69,Running,S018,Active,Normal,0
EQ02533,Wheel Loader,S041,8.8,2.4,83,21.2,90,C5659,OP0785,12.793283,79.97695,Good,89,Running,S041,Active,Normal,0
EQ02534,Skid Steer Loader,S130,8.3,0.8,82,22.8,91,C9480,OP0015,12.92592,80.228173,Good,81,Running,S130,Active,Normal,0
EQ02535,Motor Grader,S140,10.1,0.6,74,21.8,88,C5810,OP0836,13.259478,80.209699,Good,86,Running,S140,Active,Normal,0
EQ02536,Excavator,S149,6.7,1.1,86,29.3,80,C1163,OP0669,13.276251,80.251237,Good,92,Running,S149,Active,Normal,0
EQ02537,Dump Truck,S015,8.1,1.6,44,24.4,100,C1738,OP1161,13.014527,80.372097,Good,67,Running,S015,Active,Normal,0
EQ02538,Wheel Loader,S119,5.4,1.7,41,27.2,95,C8673,OP0206,12.998585,80.25447,Good,95,Running,S119,Active,Normal,0
EQ02539,Bulldozer,S028,9.0,0.7,53,31.9,94,C8932,OP0537,12.990231,80.174832,Good,73,Running,S028,Active,Normal,0
EQ02540,Excavator,S041,10.1,0.9,56,19.4,81,C4548,OP0997,13.328484,80.283584,Good,77,Running,S041,Active,Normal,0
EQ02541,Bulldozer,S019,9.0,1.0,70,26.2,99,C8376,OP0021,12.917949,80.035918,Overdue,67,Running,S019,Active,Normal,0
EQ02542,Bulldozer,S029,10.2,1.4,53,25.8,87,C9934,OP0894,13.193249,80.33972,Good,76,Running,S029,Active,Normal,0
EQ02543,Excavator,S029,6.1,16.0,69,19.9,81,C3375,OP0950,13.304255,80.19431,Good,8,Idle,S029,Active,Low Utilization,1
EQ02544,Bulldozer,S123,10.2,2.3,41,14.4,81,C5210,OP0749,13.078142,79.995112,Good,95,Running,S123,Active,Normal,0
EQ02545,Skid Steer Loader,S012,5.3,1.0,50,19.9,88,C9128,OP0322,13.068914,80.213161,Good,92,Running,S012,Active,Normal,0
EQ02546,Motor Grader,S077,6.2,2.6,44,31.4,99,C5679,OP0907,12.996569,80.014616,Good,94,Running,S077,Active,Normal,0
EQ02547,Skid Steer Loader,S127,7.5,1.8,75,32.0,86,C1434,OP1191,13.267106,80.105505,Good,88,Running,S127,Active,Normal,0
EQ02548,Motor Grader,S002,8.7,0.6,67,15.7,100,C2368,OP0865,13.125561,79.95036,Good,91,Running,S002,Active,Normal,0
EQ02549,Backhoe Loader,S034,6.9,0.4,48,20.1,88,C7560,OP0810,12.705456,80.085769,Good,73,Running,S034,Active,Normal,0
EQ02550,Bulldozer,S086,10.4,2.8,64,32.0,90,C6397,OP0957,12.783152,80.260279,Due Soon,97,Running,S086,Active,Normal,0
EQ02551,Backhoe Loader,S034,5.3,0.2,49,36.2,91,C2773,OP0971,13.214541,80.364564,Good,87,Running,S034,Active,Normal,0
EQ02552,Backhoe Loader,S137,5.5,2.9,78,165.0,91,C2207,OP0666,13.270078,79.995405,Good,98,Running,S137,Active,Distance Spike,1
EQ02553,Motor Grader,S066,6.4,1.5,37,25.7,99,C5835,OP0144,12.965658,80.316913,Good,98,Running,S066,Expired,Contract Expired,1
EQ02554,Wheel Loader,S055,9.4,0.1,87,28.6,82,C1988,OP0387,13.001881,80.312118,Good,90,Running,S055,Expired,Contract Expired,1
EQ02555,Excavator,S097,7.9,2.8,75,21.7,83,C2573,OP0526,13.023708,80.068026,Good,83,Running,S097,Active,Normal,0
EQ02556,Wheel Loader,S124,5.4,1.2,90,39.4,94,C6410,OP1049,12.872442,79.995917,Good,80,Running,S124,Active,Normal,0
EQ02557,Dump Truck,S148,9.9,1.1,95,12.3,86,C8589,OP1156,12.889173,79.971072,Good,74,Running,S148,Active,Normal,0
EQ02558,Excavator,S128,6.7,2.3,5,18.0,91,C3643,OP1147,13.26513,80.083905,Good,91,Running,S128,Active,Fuel Anomaly,1
EQ02559,Wheel Loader,S106,10.6,0.8,90,21.1,28,C3384,OP0508,13.335089,80.077129,Overdue,82,Maintenance,S106,Active,Maintenance Overdue,1
EQ02560,Dump Truck,S103,7.2,2.2,60,22.4,85,C9736,OP0288,13.165361,80.101405,Good,69,Running,S103,Active,Normal,0
EQ02561,Dump Truck,S056,8.2,2.8,58,15.8,86,C1179,OP0533,12.769136,80.172182,Good,81,Running,S056,Active,Normal,0
EQ02562,Excavator,S070,5.7,0.1,71,33.5,89,C5653,OP0591,12.842005,80.260297,Good,85,Running,S075,Active,Wrong Site,1
EQ02563,Bulldozer,S089,6.0,0.7,92,29.0,93,C3700,OP0472,13.07517,80.254201,Good,84,Running,S089,Active,Normal,0
EQ02564,Wheel Loader,S004,6.6,0.6,38,20.8,100,C3836,OP0686,12.999703,80.157558,Due Soon,74,Running,S004,Active,Normal,0
EQ02565,Motor Grader,S118,6.2,1.8,50,37.5,93,C1969,OP1087,13.237357,80.183591,Good,92,Running,S118,Active,Normal,0
EQ02566,Excavator,S013,5.7,2.3,39,30.2,95,C3857,OP0248,13.245469,80.078684,Good,85,Running,S013,Active,Normal,0
EQ02567,Dump Truck,S149,9.7,1.0,53,14.6,96,C9546,OP0568,12.75849,80.080424,Good,95,Running,S149,Active,Normal,0
EQ02568,Skid Steer Loader,S098,6.8,1.2,56,20.5,91,C8333,OP0275,13.083061,80.326789,Good,65,Running,S098,Active,Normal,0
EQ02569,Excavator,S132,7.3,1.8,58,35.0,83,C8522,OP0440,13.20938,80.106078,Good,80,Running,S132,Active,Normal,0
EQ02570,Backhoe Loader,S055,9.7,2.9,5,18.0,85,C2594,OP0278,12.842949,80.223832,Due Soon,97,Running,S055,Active,Fuel Anomaly,1
EQ02571,Bulldozer,S033,7.1,1.3,61,26.9,82,C8203,OP1174,13.197074,80.041852,Good,80,Running,S033,Active,Normal,0
EQ02572,Excavator,S067,6.6,1.4,68,24.5,93,C6193,OP0124,13.095273,80.157901,Due Soon,73,Running,S067,Active,Normal,0
EQ02573,Bulldozer,S064,6.8,2.4,39,23.8,86,C7094,OP0565,13.017078,80.230797,Due Soon,80,Running,S064,Active,Normal,0
EQ02574,Motor Grader,S001,8.0,0.6,40,19.8,81,C8382,OP0572,13.348982,80.012096,Good,98,Running,S001,Active,Normal,0
EQ02575,Skid Steer Loader,S080,9.5,1.7,41,26.7,93,C7030,OP0710,13.083916,80.37387,Good,87,Running,S080,Active,Normal,0
EQ02576,Skid Steer Loader,S012,5.4,2.4,69,27.6,91,C5009,OP0559,12.731068,80.17466,Good,66,Running,S012,Active,Normal,0
EQ02577,Dump Truck,S141,10.0,1.0,52,35.6,86,C9593,OP1069,13.078707,80.257128,Good,86,Running,S141,Active,Normal,0
EQ02578,Skid Steer Loader,S137,10.4,0.4,59,29.9,90,C2383,OP1097,13.176946,80.313191,Good,75,Running,S137,Active,Normal,0
EQ02579,Excavator,S042,8.5,2.1,48,23.4,94,C9806,OP0207,13.272038,80.21393,Due Soon,85,Running,S118,Active,Wrong Site,1
EQ02580,Bulldozer,S066,9.3,0.7,86,12.9,95,C9901,OP0493,13.227319,80.210232,Good,94,Running,S066,Active,Normal,0
EQ02581,Motor Grader,S035,8.9,2.8,86,39.6,81,C2937,OP0915,13.310411,80.159525,Due Soon,87,Running,S035,Active,Normal,0
EQ02582,Motor Grader,S083,5.4,1.6,65,26.1,88,C3312,OP0871,13.004497,80.101223,Good,92,Running,S083,Active,Normal,0
EQ02583,Skid Steer Loader,S030,5.9,1.8,50,25.2,90,C4463,OP1118,12.908393,80.155402,Good,78,Running,S030,Active,Normal,0
EQ02584,Skid Steer Loader,S044,6.5,1.1,69,21.1,91,C2918,OP0778,12.802373,80.207139,Good,82,Running,S044,Active,Normal,0
EQ02585,Backhoe Loader,S028,9.1,2.0,43,37.0,95,C2279,OP0263,12.887242,80.289452,Good,66,Running,S028,Active,Normal,0
EQ02586,Dump Truck,S031,5.6,2.1,62,34.2,99,C8136,OP0051,13.231671,80.017636,Due Soon,96,Running,S031,Active,Normal,0
EQ02587,Skid Steer Loader,S033,5.0,1.3,68,37.0,97,C7429,OP1112,13.309404,80.301234,Good,94,Running,S033,Active,Normal,0
EQ02588,Wheel Loader,S105,9.4,2.3,49,34.9,86,C6522,OP0327,13.10939,80.364987,Good,96,Running,S105,Active,Normal,0
EQ02589,Bulldozer,S145,6.8,3.0,39,35.6,86,C1711,OP0839,13.203421,80.134478,Good,84,Running,S145,Active,Normal,0
EQ02590,Backhoe Loader,S053,9.1,2.4,73,165.0,99,C2614,OP1179,13.149716,80.071152,Good,98,Running,S053,Active,Distance Spike,1
EQ02591,Bulldozer,S004,7.9,2.3,41,33.6,87,C5534,OP0324,12.982049,79.977946,Good,65,Running,S004,Active,Normal,0
EQ02592,Wheel Loader,S057,6.0,1.4,40,34.1,98,C9064,OP1112,13.326015,80.264318,Good,75,Running,S057,Active,Normal,0
EQ02593,Backhoe Loader,S018,8.2,2.1,70,25.4,83,C5155,OP0695,13.293497,80.385016,Good,76,Running,S018,Active,Normal,0
EQ02594,Excavator,S055,6.6,0.6,92,34.2,80,C7286,OP0996,13.180288,80.139048,Good,73,Running,S055,Active,Normal,0
EQ02595,Motor Grader,S020,11.0,0.2,50,22.7,85,C9725,OP0233,12.834648,80.009449,Good,73,Running,S020,Active,Normal,0
EQ02596,Dump Truck,S033,6.0,0.2,53,15.7,93,C3193,OP0091,13.241815,79.980545,Due Soon,84,Running,S033,Active,Normal,0
EQ02597,Motor Grader,S011,7.3,1.1,75,25.7,93,C1706,OP0275,12.706061,80.316063,Good,90,Running,S011,Active,Normal,0
EQ02598,Bulldozer,S131,8.5,2.2,57,22.7,90,C8788,OP1000,13.17975,79.968834,Good,74,Running,S131,Active,Normal,0
EQ02599,Excavator,S130,9.7,2.9,51,33.2,95,C1804,OP0404,12.787819,80.280648,Due Soon,65,Running,S130,Active,Normal,0
EQ02600,Backhoe Loader,S058,6.8,1.7,52,16.2,91,C6069,OP0676,12.87627,80.057671,Good,97,Running,S058,Active,Normal,0
EQ02601,Bulldozer,S114,8.9,2.9,41,21.8,91,C3604,OP0734,13.003742,80.383702,Good,95,Running,S114,Active,Normal,0
EQ02602,Bulldozer,S147,8.7,0.3,79,17.5,80,C6715,OP0437,13.222625,80.02703,Good,67,Running,S147,Active,Normal,0
EQ02603,Bulldozer,S017,6.1,0.8,66,22.6,81,C4476,OP0231,12.997469,80.364561,Good,87,Running,S017,Active,Normal,0
EQ02604,Wheel Loader,S026,7.2,2.7,63,20.4,91,C6199,OP0924,13.326706,80.31977,Good,74,Running,S026,Active,Normal,0
EQ02605,Bulldozer,S047,8.8,2.2,82,35.1,97,C7285,OP0442,13.082921,80.054264,Good,92,Running,S047,Active,Normal,0
EQ02606,Wheel Loader,S096,5.5,2.5,41,25.8,91,C7141,OP1018,13.157848,80.050056,Good,82,Running,S096,Active,Normal,0
EQ02607,Dump Truck,S100,7.2,1.4,89,28.7,92,C6566,OP1026,13.314978,80.105933,Good,94,Running,S100,Active,Normal,0
EQ02608,Backhoe Loader,S115,7.2,1.7,35,14.7,88,C5745,OP0970,12.988569,79.968752,Due Soon,98,Running,S115,Active,Normal,0
EQ02609,Excavator,S127,8.2,1.2,61,21.6,90,C4160,OP0899,13.168821,80.03615,Good,92,Running,S127,Active,Normal,0
EQ02610,Motor Grader,S059,6.1,2.1,80,36.5,93,C3156,OP0154,13.229958,80.104225,Good,88,Running,S059,Active,Normal,0
EQ02611,Wheel Loader,S144,9.2,1.2,75,24.8,90,C4589,OP0509,12.835143,79.951657,Good,73,Running,S144,Active,Normal,0
EQ02612,Backhoe Loader,S053,9.9,0.3,38,36.7,98,C3508,OP0826,12.766357,80.270954,Good,66,Running,S053,Active,Normal,0
EQ02613,Wheel Loader,S123,6.0,1.5,60,33.2,100,C5607,OP0987,13.028303,80.218643,Good,76,Running,S123,Active,Normal,0
EQ02614,Backhoe Loader,S011,5.5,1.7,51,37.5,85,C9614,OP0052,13.335078,80.03897,Due Soon,75,Running,S011,Active,Normal,0
EQ02615,Dump Truck,S066,9.8,1.7,44,21.1,88,C8278,OP0356,13.042183,80.258393,Good,97,Running,S066,Active,Normal,0
EQ02616,Wheel Loader,S048,5.6,2.7,78,38.7,91,C7209,OP0094,12.849282,80.135992,Good,70,Running,S048,Active,Normal,0
EQ02617,Excavator,S043,10.9,2.0,60,40.0,85,C4007,OP0987,12.770333,80.284228,Good,75,Running,S043,Active,Normal,0
EQ02618,Bulldozer,S025,7.0,2.1,82,16.2,92,C1148,OP1142,13.253644,80.134477,Good,71,Running,S025,Active,Normal,0
EQ02619,Backhoe Loader,S145,5.6,1.9,62,38.6,81,C8770,OP0482,13.313337,80.22928,Good,80,Running,S145,Active,Normal,0
EQ02620,Dump Truck,S048,8.4,1.3,67,24.5,100,C9523,OP0863,12.925228,79.962855,Good,65,Running,S048,Active,Normal,0
EQ02621,Bulldozer,S026,5.6,1.2,85,18.4,84,C8940,OP0130,13.204953,80.03904,Good,68,Running,S026,Active,Normal,0
EQ02622,Excavator,S096,7.3,2.6,53,22.8,90,C7701,OP0461,12.90311,80.160311,Good,89,Running,S096,Active,Normal,0
EQ02623,Excavator,S101,8.3,2.5,82,33.4,93,C9068,OP0932,12.834219,80.363305,Due Soon,76,Running,S101,Active,Normal,0
EQ02624,Backhoe Loader,S056,7.0,1.3,68,19.9,89,C9746,OP0967,12.92957,79.994008,Good,80,Running,S056,Active,Normal,0
EQ02625,Backhoe Loader,S093,10.6,0.6,84,26.2,91,C1410,OP0956,13.133944,79.988845,Good,84,Running,S093,Active,Normal,0
EQ02626,Motor Grader,S099,9.9,2.4,77,20.2,94,C3309,OP1136,13.018499,79.958866,Good,84,Running,S099,Active,Normal,0
EQ02627,Skid Steer Loader,S042,5.5,1.4,51,19.5,87,C7837,OP0912,13.242632,80.131583,Good,93,Running,S042,Active,Normal,0
EQ02628,Wheel Loader,S078,9.2,0.6,53,32.6,89,C6514,OP0583,12.982021,80.361202,Due Soon,80,Running,S078,Expired,Contract Expired,1
EQ02629,Skid Steer Loader,S071,6.3,0.2,5,18.0,93,C9228,OP0010,12.704481,80.037114,Good,91,Running,S071,Active,Fuel Anomaly,1
EQ02630,Backhoe Loader,S016,10.5,2.8,74,36.7,88,C6899,OP1076,13.244429,80.336267,Good,81,Running,S016,Active,Normal,0
EQ02631,Skid Steer Loader,S034,7.0,0.8,73,16.6,100,C3430,OP0564,13.061003,80.322848,Good,72,Running,S034,Active,Normal,0
EQ02632,Backhoe Loader,S129,7.4,2.7,89,24.9,93,C3061,OP0668,13.013484,80.289855,Good,88,Running,S129,Active,Normal,0
EQ02633,Wheel Loader,S071,6.3,2.7,84,24.6,98,C7511,OP0136,12.728594,80.002959,Good,79,Running,S071,Active,Normal,0
EQ02634,Wheel Loader,S108,5.9,2.9,92,13.9,95,C5155,OP0698,12.722367,79.966121,Due Soon,77,Running,S108,Active,Normal,0
EQ02635,Dump Truck,S066,11.0,2.9,76,34.4,82,C6370,OP0042,13.201012,80.314069,Good,67,Running,S066,Active,Normal,0
EQ02636,Wheel Loader,S101,6.8,1.0,42,15.1,82,C4815,OP0780,12.989078,80.298694,Good,80,Running,S101,Active,Normal,0
EQ02637,Motor Grader,S111,7.7,2.8,46,13.9,92,C6789,OP0315,13.0511,80.165647,Good,96,Running,S111,Active,Normal,0
EQ02638,Bulldozer,S137,7.9,0.9,54,38.1,83,C8360,OP1004,13.234712,80.276353,Good,85,Running,S137,Active,Normal,0
EQ02639,Dump Truck,S057,7.7,2.8,53,18.7,98,C2340,OP0241,13.307889,80.052279,Good,76,Running,S057,Active,Normal,0
EQ02640,Excavator,S006,7.7,1.0,41,23.2,88,C4775,OP0269,12.719936,80.276219,Due Soon,75,Running,S006,Active,Normal,0
EQ02641,Excavator,S109,6.3,2.0,35,27.2,97,C2636,OP0082,12.938101,80.218034,Good,68,Running,S109,Active,Normal,0
EQ02642,Dump Truck,S021,10.8,1.0,76,26.0,82,C8342,OP0864,12.79211,80.181207,Good,88,Running,S021,Active,Normal,0
EQ02643,Dump Truck,S150,5.3,2.2,47,32.5,100,C9965,OP1174,13.008627,80.364445,Good,85,Running,S150,Active,Normal,0
EQ02644,Dump Truck,S012,8.5,1.3,53,39.3,86,C5300,OP0984,12.932012,80.194314,Due Soon,77,Running,S012,Active,Normal,0
EQ02645,Motor Grader,S113,6.0,0.6,36,33.6,92,C6336,OP0787,12.82246,80.214767,Good,73,Running,S113,Active,Normal,0
EQ02646,Wheel Loader,S035,7.4,0.5,35,17.0,86,C6245,OP0660,12.807556,80.239536,Good,70,Running,S035,Active,Normal,0
EQ02647,Excavator,S119,9.8,1.3,92,38.0,93,C3859,,13.163916,80.123724,Good,97,Running,S119,Active,Missing Operator,1
EQ02648,Bulldozer,S099,11.0,2.8,54,16.6,94,C4940,OP0484,13.038566,80.282791,Good,96,Running,S099,Expired,Contract Expired,1
EQ02649,Wheel Loader,S109,10.3,1.9,82,37.0,84,C6217,OP0678,13.295406,80.335437,Good,86,Running,S109,Active,Normal,0
EQ02650,Bulldozer,S102,8.4,1.7,40,23.1,28,C4399,OP0237,12.741812,80.3864,Overdue,93,Maintenance,S102,Active,Maintenance Overdue,1
EQ02651,Dump Truck,S071,10.0,2.6,93,19.0,96,C4815,,13.19196,80.128498,Good,71,Running,S071,Active,Missing Operator,1
EQ02652,Excavator,S010,6.2,1.1,43,20.1,98,C3725,OP0817,13.034061,80.351715,Good,93,Running,S010,Active,Normal,0
EQ02653,Excavator,S056,10.7,2.9,49,27.0,99,C7308,OP0742,13.096299,80.278264,Good,84,Running,S056,Active,Normal,0
EQ02654,Bulldozer,S150,7.6,0.2,92,16.3,81,C4043,OP1189,13.149777,80.235119,Good,69,Running,S150,Active,Normal,0
EQ02655,Backhoe Loader,S035,9.6,2.6,60,39.8,89,C5878,OP0203,12.818106,80.056265,Good,95,Running,S035,Active,Normal,0
EQ02656,Wheel Loader,S004,6.3,0.6,85,21.1,92,C9692,OP0948,12.868736,80.085745,Overdue,76,Running,S004,Active,Normal,0
EQ02657,Backhoe Loader,S013,9.6,0.4,65,37.7,94,C2153,OP0842,13.309993,80.06055,Good,69,Running,S013,Active,Normal,0
EQ02658,Motor Grader,S129,8.8,0.2,86,17.9,95,C2016,OP0585,12.752229,80.034015,Due Soon,65,Running,S129,Active,Normal,0
EQ02659,Dump Truck,S066,8.8,2.0,84,39.5,99,C5837,OP0447,13.348462,80.206735,Good,65,Running,S066,Active,Normal,0
EQ02660,Skid Steer Loader,S100,8.9,1.5,53,38.0,95,C3883,OP0541,12.765456,79.974012,Good,82,Running,S150,Active,Wrong Site,1
EQ02661,Bulldozer,S095,5.4,2.4,65,22.4,85,C3512,OP0432,12.962685,79.972162,Due Soon,82,Running,S095,Active,Normal,0
EQ02662,Skid Steer Loader,S095,9.7,0.3,58,37.3,81,C3087,OP0103,13.337923,80.113249,Good,76,Running,S095,Active,Normal,0
EQ02663,Wheel Loader,S060,7.0,2.7,86,18.8,91,C8742,OP0234,13.292535,80.325576,Good,89,Running,S060,Active,Normal,0
EQ02664,Wheel Loader,S075,9.5,1.5,91,33.5,81,C8079,OP0126,12.803773,80.282389,Good,72,Running,S075,Active,Normal,0
EQ02665,Wheel Loader,S117,6.8,0.1,80,12.1,87,C5732,,12.795191,80.365687,Good,94,Running,S117,Active,Missing Operator,1
EQ02666,Motor Grader,S059,9.7,2.7,59,39.2,82,C6264,OP1111,13.123505,79.964348,Good,74,Running,S059,Active,Normal,0
EQ02667,Dump Truck,S004,6.1,1.0,41,23.0,88,C8816,OP1119,13.081869,80.221658,Due Soon,90,Running,S004,Active,Normal,0
EQ02668,Backhoe Loader,S045,5.7,2.3,84,29.3,88,C6548,OP1078,12.930407,80.319654,Good,98,Running,S045,Active,Normal,0
EQ02669,Skid Steer Loader,S061,6.4,2.5,89,33.8,88,C4766,OP1106,12.837286,80.16893,Due Soon,94,Running,S061,Active,Normal,0
EQ02670,Motor Grader,S137,8.1,2.3,48,28.8,88,C2819,OP0243,13.140768,80.026497,Due Soon,72,Running,S137,Active,Normal,0
EQ02671,Excavator,S035,6.7,0.3,88,38.9,96,C1711,OP0351,13.298253,80.365857,Good,70,Running,S035,Active,Normal,0
EQ02672,Backhoe Loader,S114,6.1,1.2,64,27.8,89,C5160,OP0770,12.960761,80.322285,Good,73,Running,S114,Active,Normal,0
EQ02673,Backhoe Loader,S119,10.3,0.2,77,37.4,87,C1969,OP0244,13.016996,79.980995,Good,76,Running,S119,Active,Normal,0
EQ02674,Motor Grader,S088,10.7,2.7,80,24.6,87,C2982,OP0144,12.715012,80.326567,Good,77,Running,S088,Active,Normal,0
EQ02675,Dump Truck,S082,6.9,2.1,79,27.4,81,C4423,OP0525,12.887434,80.078985,Good,93,Running,S082,Active,Normal,0
EQ02676,Dump Truck,S031,10.8,0.0,66,24.0,91,C3304,OP0547,13.271017,80.025387,Good,97,Running,S031,Active,Normal,0
EQ02677,Motor Grader,S136,8.7,1.6,44,15.3,98,C1861,OP0548,12.852961,79.982432,Good,90,Running,S136,Active,Normal,0
EQ02678,Skid Steer Loader,S052,5.1,0.0,44,13.3,93,C9587,,12.826597,80.35318,Good,91,Running,S052,Active,Missing Operator,1
EQ02679,Excavator,S114,9.8,0.5,63,39.3,85,C1729,OP1127,13.001027,79.990454,Good,85,Running,S114,Active,Normal,0
EQ02680,Skid Steer Loader,S132,9.8,0.5,61,12.2,93,C4055,OP0622,12.739638,79.955211,Good,75,Running,S132,Active,Normal,0
EQ02681,Skid Steer Loader,S003,10.9,0.4,51,33.6,91,C2539,OP0859,12.916287,80.174953,Due Soon,93,Running,S003,Active,Normal,0
EQ02682,Backhoe Loader,S091,8.1,1.7,62,35.1,98,C6293,OP1096,12.802104,80.218792,Overdue,73,Running,S091,Active,Normal,0
EQ02683,Wheel Loader,S138,9.8,1.3,81,31.7,81,C5051,OP0627,13.159605,80.184249,Good,94,Running,S138,Active,Normal,0
EQ02684,Excavator,S016,9.3,2.4,53,33.8,83,C1537,OP0096,13.154321,80.28171,Overdue,98,Running,S016,Active,Normal,0
EQ02685,Bulldozer,S068,10.1,2.6,67,22.1,99,C9417,OP0739,12.857088,80.289258,Good,65,Running,S068,Active,Normal,0
EQ02686,Skid Steer Loader,S030,10.9,1.0,94,37.3,82,C4822,OP0351,13.116509,79.959771,Good,85,Running,S030,Active,Normal,0
EQ02687,Wheel Loader,S072,8.4,0.2,69,34.4,88,C4998,OP0796,12.77682,80.18344,Good,92,Running,S072,Active,Normal,0
EQ02688,Bulldozer,S113,7.5,0.5,89,38.4,82,C5160,OP0089,13.19356,80.142794,Good,87,Running,S113,Active,Normal,0
EQ02689,Bulldozer,S083,8.9,1.4,57,15.8,90,C4241,OP0889,12.926539,80.372754,Good,94,Running,S083,Active,Normal,0
EQ02690,Bulldozer,S022,8.5,1.0,44,19.4,80,C1050,OP0784,13.023128,80.281579,Good,87,Running,S022,Active,Normal,0
EQ02691,Backhoe Loader,S132,8.2,1.8,69,35.2,94,C7775,OP0742,12.749506,80.241265,Good,66,Running,S132,Active,Normal,0
EQ02692,Skid Steer Loader,S075,6.6,1.1,73,18.6,100,C8680,OP0964,12.719877,80.109094,Due Soon,84,Running,S075,Active,Normal,0
EQ02693,Bulldozer,S092,7.7,0.1,69,14.3,96,C7545,OP1063,12.999602,80.367881,Good,77,Running,S092,Active,Normal,0
EQ02694,Motor Grader,S148,6.9,1.6,40,17.4,88,C4397,OP0096,12.940943,80.182878,Good,75,Running,S148,Active,Normal,0
EQ02695,Skid Steer Loader,S131,7.2,0.9,69,34.7,95,C8500,OP1187,13.287188,80.204383,Good,77,Running,S131,Active,Normal,0
EQ02696,Backhoe Loader,S021,9.3,1.4,41,26.6,82,C9916,OP0032,13.217681,80.036345,Good,81,Running,S021,Active,Normal,0
EQ02697,Bulldozer,S129,5.0,2.0,87,24.7,82,C5784,OP0798,13.230022,79.972965,Good,92,Running,S129,Active,Normal,0
EQ02698,Excavator,S122,6.8,2.7,51,24.7,82,C1865,OP0520,13.132638,80.285845,Good,74,Running,S122,Active,Normal,0
EQ02699,Skid Steer Loader,S045,7.9,1.7,77,26.0,88,C7692,OP0079,13.235984,80.103431,Good,76,Running,S045,Active,Normal,0
EQ02700,Wheel Loader,S009,8.7,1.6,60,16.3,97,C2550,OP0448,13.150881,80.3528,Good,88,Running,S009,Active,Normal,0
EQ02701,Dump Truck,S085,8.8,1.0,83,28.1,82,C6569,OP0618,13.027969,80.031733,Due Soon,98,Running,S085,Active,Normal,0
EQ02702,Dump Truck,S102,0.5,22.0,66,30.6,98,C7176,OP0607,13.055931,80.041577,Good,5,Idle,S102,Active,High Idle,1
EQ02703,Bulldozer,S084,10.5,1.6,38,13.5,100,C4445,OP0011,13.065671,80.030181,Overdue,71,Running,S084,Active,Normal,0
EQ02704,Bulldozer,S072,6.5,16.0,70,31.7,85,C8934,OP1162,12.837761,80.370314,Due Soon,8,Idle,S072,Active,Low Utilization,1
EQ02705,Wheel Loader,S015,6.2,1.6,49,14.7,91,C6032,OP0002,12.958285,80.089485,Good,67,Running,S015,Active,Normal,0
EQ02706,Excavator,S118,5.4,2.5,53,35.3,99,C1973,OP0993,12.787811,80.205193,Good,77,Running,S118,Active,Normal,0
EQ02707,Bulldozer,S099,11.0,1.1,78,18.4,95,C8075,OP0411,12.763297,80.222045,Good,89,Running,S099,Active,Normal,0
EQ02708,Skid Steer Loader,S047,7.9,1.8,54,22.0,91,C2379,OP0014,12.741716,80.205043,Good,75,Running,S047,Active,Normal,0
EQ02709,Excavator,S128,7.6,0.8,89,23.4,82,C4044,OP0310,12.944235,80.352529,Good,65,Running,S128,Active,Normal,0
EQ02710,Motor Grader,S132,10.6,1.6,71,16.2,80,C8822,OP0868,12.874891,80.06349,Good,72,Running,S132,Active,Normal,0
EQ02711,Wheel Loader,S117,8.6,2.6,85,39.8,28,C1210,OP0333,12.823776,80.350206,Overdue,79,Maintenance,S117,Active,Maintenance Overdue,1
EQ02712,Dump Truck,S093,9.9,0.4,76,21.0,98,C2905,OP1112,12.80297,80.180838,Good,91,Running,S093,Active,Normal,0
EQ02713,Dump Truck,S029,8.4,2.3,42,21.8,93,C7708,OP0362,13.071782,80.185163,Good,66,Running,S029,Active,Normal,0
EQ02714,Backhoe Loader,S026,8.8,2.8,83,33.4,100,C8238,OP0821,12.844438,80.302439,Good,94,Running,S026,Active,Normal,0
EQ02715,Backhoe Loader,S076,6.1,0.1,62,39.1,87,C1065,OP0597,13.055825,80.332157,Good,81,Running,S076,Active,Normal,0
EQ02716,Excavator,S054,7.9,1.4,86,165.0,92,C8527,OP0800,12.95832,80.166384,Due Soon,98,Running,S054,Active,Distance Spike,1
EQ02717,Backhoe Loader,S065,8.4,2.3,81,25.5,92,C6614,OP0515,12.812756,80.333851,Good,74,Running,S065,Active,Normal,0
EQ02718,Excavator,S061,6.9,2.1,40,37.8,85,C9213,OP0392,12.923047,80.353761,Due Soon,97,Running,S061,Active,Normal,0
EQ02719,Backhoe Loader,S100,7.6,0.5,88,15.9,93,C5043,OP0166,12.763986,80.170897,Good,89,Running,S100,Active,Normal,0
EQ02720,Excavator,S079,8.1,0.4,78,165.0,86,C4997,OP0082,12.707582,80.044321,Good,98,Running,S079,Active,Distance Spike,1
EQ02721,Bulldozer,S098,10.6,1.9,35,30.3,85,C5814,OP1118,12.733615,80.198446,Good,82,Running,S098,Active,Normal,0
EQ02722,Dump Truck,S054,9.6,1.3,86,17.1,85,C7289,OP1072,12.704007,80.375802,Due Soon,91,Running,S054,Active,Normal,0
EQ02723,Dump Truck,S115,10.6,0.5,68,36.7,88,C9631,OP0336,13.11251,80.226526,Good,74,Running,S115,Active,Normal,0
EQ02724,Dump Truck,S067,0.5,22.0,57,13.9,96,C5071,OP0823,12.890922,80.031298,Good,5,Idle,S067,Active,High Idle,1
EQ02725,Dump Truck,S099,9.0,0.0,73,35.2,87,C7322,OP0589,12.938766,80.324822,Good,70,Running,S099,Active,Normal,0
EQ02726,Bulldozer,S120,6.5,2.5,88,19.7,92,C4708,OP0536,12.852399,80.112639,Good,91,Running,S120,Active,Normal,0
EQ02727,Wheel Loader,S102,5.1,2.0,61,15.5,99,C4720,OP0379,12.931443,80.124689,Good,70,Running,S102,Active,Normal,0
EQ02728,Excavator,S112,9.0,2.0,84,12.5,98,C9647,OP0389,13.004408,80.230935,Good,81,Running,S112,Active,Normal,0
EQ02729,Dump Truck,S125,9.8,2.5,43,27.3,85,C8610,OP0935,12.728288,80.382774,Good,67,Running,S125,Active,Normal,0
EQ02730,Motor Grader,S018,7.5,2.0,47,20.2,90,C3725,OP1005,13.048357,80.207571,Good,83,Running,S018,Active,Normal,0
EQ02731,Skid Steer Loader,S078,10.8,0.5,65,13.1,89,C2610,OP0227,13.235899,79.978602,Good,82,Running,S078,Active,Normal,0
EQ02732,Backhoe Loader,S050,7.6,2.9,71,19.8,97,C4185,OP1098,12.891542,80.120751,Good,88,Running,S050,Active,Normal,0
EQ02733,Wheel Loader,S071,8.2,0.1,75,13.7,95,C5098,OP0819,12.78559,80.170231,Due Soon,77,Running,S071,Active,Normal,0
EQ02734,Backhoe Loader,S062,0.5,22.0,73,23.5,86,C7580,OP1160,13.003708,80.094431,Good,5,Idle,S062,Active,High Idle,1
EQ02735,Skid Steer Loader,S111,9.2,1.7,75,33.0,88,C6104,OP0442,13.131733,80.001777,Good,98,Running,S111,Active,Normal,0
EQ02736,Dump Truck,S003,6.4,2.2,46,18.0,85,C8267,OP0158,12.868501,80.291595,Good,69,Running,S003,Active,Normal,0
EQ02737,Backhoe Loader,S027,0.5,22.0,93,12.3,91,C4503,OP0909,13.196309,80.035172,Good,5,Idle,S027,Active,High Idle,1
EQ02738,Skid Steer Loader,S006,0.5,22.0,47,34.1,84,C7517,OP0246,12.94453,80.190552,Good,5,Idle,S006,Active,High Idle,1
EQ02739,Backhoe Loader,S142,9.0,2.6,84,23.3,87,C8711,OP1043,13.234546,80.241598,Good,87,Running,S142,Active,Normal,0
EQ02740,Excavator,S104,7.4,0.7,76,28.0,91,C4368,OP0587,13.329261,80.016502,Good,91,Running,S104,Active,Normal,0
EQ02741,Excavator,S017,8.6,0.0,47,36.9,91,C2810,OP0625,13.207093,79.986608,Good,92,Running,S017,Active,Normal,0
EQ02742,Motor Grader,S125,8.8,0.6,62,19.6,84,C6557,OP0639,13.008353,80.22224,Good,83,Running,S125,Active,Normal,0
EQ02743,Motor Grader,S054,8.7,2.2,67,30.8,88,C9447,OP0576,12.863676,80.339227,Good,88,Running,S054,Active,Normal,0
EQ02744,Bulldozer,S011,10.6,1.6,59,31.5,98,C7803,OP1105,13.275781,80.115654,Good,78,Running,S011,Active,Normal,0
EQ02745,Motor Grader,S118,5.5,0.6,86,21.5,94,C5878,OP0721,13.058189,80.005157,Good,93,Running,S118,Active,Normal,0
EQ02746,Excavator,S093,10.7,2.5,60,31.0,94,C3022,OP0346,13.104685,79.954952,Due Soon,96,Running,S093,Active,Normal,0
EQ02747,Dump Truck,S051,10.1,0.3,82,12.7,89,C4885,OP1129,13.260535,80.343495,Good,83,Running,S051,Active,Normal,0
EQ02748,Excavator,S094,7.7,2.6,54,21.4,92,C4852,OP1078,12.714587,80.248767,Due Soon,83,Running,S094,Active,Normal,0
EQ02749,Backhoe Loader,S038,9.0,1.1,44,20.7,86,C5191,OP0274,12.738475,80.238078,Good,96,Running,S038,Active,Normal,0
EQ02750,Backhoe Loader,S107,5.0,2.6,48,37.9,81,C1255,OP0853,12.945857,80.01683,Good,80,Running,S107,Active,Normal,0
EQ02751,Skid Steer Loader,S091,7.5,0.3,64,21.2,84,C5712,OP0694,12.922634,80.122628,Good,91,Running,S091,Active,Normal,0
EQ02752,Dump Truck,S063,6.3,1.9,47,28.3,82,C5622,OP0865,12.705081,80.090524,Due Soon,74,Running,S063,Active,Normal,0
EQ02753,Skid Steer Loader,S090,9.1,1.9,79,37.7,92,C9386,OP0582,13.076055,80.083672,Due Soon,74,Running,S090,Active,Normal,0
EQ02754,Skid Steer Loader,S009,7.6,0.5,39,36.1,28,C6658,OP0005,13.226326,80.12637,Overdue,69,Maintenance,S009,Active,Maintenance Overdue,1
EQ02755,Backhoe Loader,S013,8.8,2.3,73,12.9,99,C7263,OP0044,12.705399,80.246061,Due Soon,83,Running,S013,Active,Normal,0
EQ02756,Wheel Loader,S060,5.7,0.1,73,13.7,97,C5123,OP0622,13.182759,80.067787,Due Soon,83,Running,S060,Active,Normal,0
EQ02757,Motor Grader,S076,6.6,0.6,86,31.3,87,C1128,OP0492,12.948307,80.037261,Good,82,Running,S076,Active,Normal,0
EQ02758,Skid Steer Loader,S143,10.0,0.6,72,17.1,99,C4559,OP0602,12.875283,79.956874,Good,88,Running,S143,Active,Normal,0
EQ02759,Motor Grader,S128,8.4,1.6,59,36.7,100,C6518,OP0770,13.304125,80.113578,Good,90,Running,S128,Active,Normal,0
EQ02760,Bulldozer,S017,10.2,2.0,66,19.3,98,C4737,OP0392,12.777761,80.012545,Good,68,Running,S017,Active,Normal,0
EQ02761,Backhoe Loader,S026,5.1,1.3,42,18.1,83,C3298,OP0321,12.722205,79.966959,Due Soon,76,Running,S026,Active,Normal,0
EQ02762,Excavator,S022,6.7,2.7,83,38.9,83,C5051,OP0021,13.338348,80.031255,Good,67,Running,S022,Active,Normal,0
EQ02763,Backhoe Loader,S053,8.4,2.8,63,32.8,89,C1618,OP0729,12.771018,80.388994,Good,79,Running,S053,Active,Normal,0
EQ02764,Backhoe Loader,S137,6.6,1.0,75,23.0,95,C4146,OP0283,13.147635,80.110099,Due Soon,73,Running,S137,Active,Normal,0
EQ02765,Wheel Loader,S074,7.7,0.5,83,35.2,93,C5504,OP0571,13.243417,79.966276,Good,95,Running,S074,Active,Normal,0
EQ02766,Dump Truck,S093,9.0,2.4,38,26.4,89,C1054,OP1148,12.858023,80.226806,Good,72,Running,S093,Active,Normal,0
EQ02767,Dump Truck,S091,8.1,0.1,37,19.2,94,C6294,OP0917,12.746402,80.323532,Good,88,Running,S091,Active,Normal,0
EQ02768,Skid Steer Loader,S118,5.9,1.4,63,21.6,100,C6266,OP0902,12.9135,79.96846,Good,70,Running,S118,Active,Normal,0
EQ02769,Backhoe Loader,S017,9.8,0.2,51,27.4,99,C6614,OP0045,13.006515,80.294575,Due Soon,79,Running,S095,Active,Wrong Site,1
EQ02770,Bulldozer,S084,7.6,0.7,5,18.0,84,C6115,OP0483,13.295929,80.347309,Good,86,Running,S084,Active,Fuel Anomaly,1
EQ02771,Motor Grader,S138,5.0,0.1,52,31.5,83,C3988,,12.839181,80.059675,Good,91,Running,S138,Active,Missing Operator,1
EQ02772,Motor Grader,S017,9.8,0.6,95,13.6,84,C1433,OP0179,12.901487,80.250684,Good,92,Running,S017,Active,Normal,0
EQ02773,Wheel Loader,S098,5.7,0.9,80,39.1,94,C9021,OP0194,12.88251,80.223651,Good,70,Running,S098,Active,Normal,0
EQ02774,Motor Grader,S130,10.7,1.5,50,18.2,91,C8477,OP0723,12.900405,80.173355,Good,86,Running,S130,Active,Normal,0
EQ02775,Dump Truck,S035,7.5,0.7,68,36.1,94,C8281,OP0357,13.005251,80.148341,Good,97,Running,S035,Active,Normal,0
EQ02776,Wheel Loader,S067,8.8,0.2,65,29.1,81,C2503,OP1098,12.863232,80.203359,Good,86,Running,S067,Active,Normal,0
EQ02777,Backhoe Loader,S084,6.3,2.1,69,37.7,88,C9821,OP0640,13.208286,80.063631,Good,66,Running,S084,Active,Normal,0
EQ02778,Bulldozer,S111,8.0,1.9,68,33.9,95,C4409,OP1007,13.05866,80.1175,Good,80,Running,S111,Active,Normal,0
EQ02779,Dump Truck,S002,5.9,2.4,95,33.7,87,C9386,OP1036,12.910336,80.285175,Due Soon,74,Running,S002,Active,Normal,0
EQ02780,Dump Truck,S078,6.4,0.9,43,18.5,91,C7439,OP0598,12.715309,80.084769,Good,78,Running,S078,Active,Normal,0
EQ02781,Skid Steer Loader,S096,7.1,0.9,61,27.1,93,C3276,OP0847,12.720975,80.076778,Good,70,Running,S096,Active,Normal,0
EQ02782,Wheel Loader,S125,5.6,1.8,71,23.8,90,C2454,OP0204,12.755102,80.288944,Good,76,Running,S125,Active,Normal,0
EQ02783,Wheel Loader,S046,5.2,0.9,57,36.0,81,C9367,OP0928,13.295254,80.254121,Good,94,Running,S046,Active,Normal,0
EQ02784,Wheel Loader,S004,5.4,0.8,76,13.2,85,C5976,OP1149,12.795604,80.367924,Good,94,Running,S004,Active,Normal,0
EQ02785,Backhoe Loader,S049,7.1,1.7,88,16.1,87,C5036,OP0299,12.861576,79.963921,Due Soon,92,Running,S049,Active,Normal,0
EQ02786,Wheel Loader,S116,8.8,0.9,35,16.0,100,C1245,OP0488,12.728377,80.234422,Good,74,Running,S116,Active,Normal,0
EQ02787,Excavator,S056,5.6,0.1,94,36.6,96,C9308,OP0596,13.334298,80.059765,Good,87,Running,S056,Active,Normal,0
EQ02788,Bulldozer,S089,6.5,0.1,42,26.6,89,C3441,OP1043,13.33991,80.333413,Good,79,Running,S089,Active,Normal,0
EQ02789,Motor Grader,S126,7.4,1.4,75,27.2,87,C2585,OP0271,13.118677,80.375666,Good,87,Running,S126,Active,Normal,0
EQ02790,Backhoe Loader,S049,8.5,0.4,93,30.0,91,C1136,OP0924,13.318402,80.216211,Due Soon,66,Running,S049,Active,Normal,0
EQ02791,Excavator,S065,5.3,0.8,36,23.2,93,C6750,OP0334,13.096777,80.231794,Good,95,Running,S065,Active,Normal,0
EQ02792,Skid Steer Loader,S123,5.3,1.6,46,17.0,90,C2934,OP0335,12.911415,79.971818,Good,71,Running,S123,Active,Normal,0
EQ02793,Backhoe Loader,S080,7.9,1.7,64,13.9,28,C3486,OP0916,13.041473,80.372676,Overdue,71,Maintenance,S080,Active,Maintenance Overdue,1
EQ02794,Skid Steer Loader,S119,8.1,1.8,92,13.8,99,C4545,OP0768,12.965374,80.394137,Overdue,76,Running,S119,Active,Normal,0
EQ02795,Motor Grader,S007,7.6,1.5,81,13.0,99,C4900,OP0296,13.268248,80.051829,Good,70,Running,S007,Active,Normal,0
EQ02796,Excavator,S100,7.7,1.8,43,34.1,89,C6913,OP0894,12.807905,79.962013,Good,90,Running,S100,Active,Normal,0
EQ02797,Bulldozer,S131,5.3,0.5,88,19.6,99,C9305,OP1086,13.080944,80.158815,Overdue,98,Running,S131,Active,Normal,0
EQ02798,Wheel Loader,S113,6.3,2.9,94,36.7,100,C7761,OP0756,13.293625,80.27551,Due Soon,90,Running,S113,Active,Normal,0
EQ02799,Dump Truck,S102,6.1,0.8,44,19.9,99,C7000,OP0870,12.777754,80.399761,Good,74,Running,S102,Active,Normal,0
EQ02800,Wheel Loader,S086,8.2,0.6,36,37.2,81,C8194,OP0306,13.307968,80.089545,Good,83,Running,S086,Active,Normal,0
EQ02801,Bulldozer,S124,8.0,2.5,35,15.4,87,C2354,OP1063,12.89237,80.38046,Good,78,Running,S124,Active,Normal,0
EQ02802,Wheel Loader,S029,7.5,2.2,62,32.0,85,C3451,OP0563,13.049245,80.152774,Good,65,Running,S029,Active,Normal,0
EQ02803,Skid Steer Loader,S108,9.5,2.3,68,36.3,82,C6272,OP0119,12.792872,80.079408,Good,97,Running,S108,Active,Normal,0
EQ02804,Skid Steer Loader,S095,7.6,1.2,85,19.5,91,C9012,OP0835,13.168798,80.116609,Good,76,Running,S095,Active,Normal,0
EQ02805,Dump Truck,S098,6.1,2.7,80,12.3,97,C3451,OP1071,12.808797,80.163862,Good,75,Running,S098,Active,Normal,0
EQ02806,Wheel Loader,S086,5.1,1.0,79,14.6,95,C2327,OP0655,13.086919,80.13035,Good,87,Running,S086,Active,Normal,0
EQ02807,Backhoe Loader,S147,8.0,0.5,53,37.3,89,C5931,OP0763,13.32317,79.950159,Due Soon,67,Running,S147,Active,Normal,0
EQ02808,Motor Grader,S060,8.2,1.3,35,39.8,96,C5424,OP0952,12.876413,80.092374,Due Soon,83,Running,S060,Active,Normal,0
EQ02809,Bulldozer,S007,6.6,0.4,80,27.2,83,C8817,OP0999,13.156845,80.234974,Good,92,Running,S007,Active,Normal,0
EQ02810,Backhoe Loader,S086,5.7,0.7,36,36.5,91,C5581,OP0776,12.954282,80.394347,Good,91,Running,S086,Active,Normal,0
EQ02811,Excavator,S008,10.6,3.0,35,21.3,84,C5801,OP0056,12.946383,80.292913,Good,79,Running,S008,Active,Normal,0
EQ02812,Backhoe Loader,S125,6.4,1.8,65,30.6,90,C6526,OP0428,13.343883,80.036376,Good,86,Running,S125,Active,Normal,0
EQ02813,Backhoe Loader,S116,9.9,1.4,40,14.2,96,C7612,OP0743,13.10584,79.966251,Due Soon,87,Running,S116,Active,Normal,0
EQ02814,Motor Grader,S149,6.6,0.6,40,26.0,91,C5336,OP0225,13.334527,80.248051,Good,73,Running,S149,Active,Normal,0
EQ02815,Dump Truck,S063,7.0,1.2,72,32.6,89,C2291,OP0677,13.282204,80.01242,Good,65,Running,S063,Active,Normal,0
EQ02816,Skid Steer Loader,S009,9.4,1.3,61,29.6,84,C6655,OP0950,13.305789,80.302853,Good,94,Running,S009,Active,Normal,0
EQ02817,Motor Grader,S053,8.8,16.0,39,32.2,86,C5303,OP0470,13.253233,80.266981,Good,8,Idle,S053,Active,Low Utilization,1
EQ02818,Bulldozer,S106,8.4,2.9,63,34.6,94,C1663,OP0147,13.040758,80.263025,Good,85,Running,S106,Active,Normal,0
EQ02819,Skid Steer Loader,S063,10.7,0.9,69,37.0,96,C3757,OP0026,13.028935,80.393195,Good,83,Running,S063,Active,Normal,0
EQ02820,Skid Steer Loader,S133,10.5,1.0,44,21.6,87,C8891,OP0049,12.795029,80.137302,Good,70,Running,S133,Active,Normal,0
EQ02821,Dump Truck,S023,8.6,2.5,90,18.0,99,C2046,OP0061,12.730476,80.243192,Due Soon,77,Running,S023,Active,Normal,0
EQ02822,Skid Steer Loader,S056,5.8,1.8,68,34.6,84,C1761,OP0459,13.34744,80.010836,Good,70,Running,S056,Active,Normal,0
EQ02823,Bulldozer,S142,10.2,1.9,86,14.2,89,C1438,OP0963,13.155077,80.285763,Good,89,Running,S142,Active,Normal,0
EQ02824,Bulldozer,S050,8.7,0.8,36,16.3,83,C4355,OP1171,13.233886,80.16318,Good,82,Running,S050,Active,Normal,0
EQ02825,Skid Steer Loader,S062,6.7,0.7,89,37.8,95,C5629,OP0864,12.96195,80.317073,Good,85,Running,S062,Active,Normal,0
EQ02826,Motor Grader,S076,10.3,2.2,74,12.4,96,C2260,OP0953,12.935349,80.112269,Good,96,Running,S076,Expired,Contract Expired,1
EQ02827,Wheel Loader,S011,9.8,1.2,57,20.7,98,C6677,OP0991,13.147009,80.297952,Good,94,Running,S011,Active,Normal,0
EQ02828,Backhoe Loader,S026,10.5,0.3,65,20.1,87,C7500,OP0181,12.741587,80.109795,Good,86,Running,S026,Active,Normal,0
EQ02829,Wheel Loader,S097,8.4,1.8,36,27.4,90,C2834,OP0291,13.240224,80.301808,Good,70,Running,S097,Active,Normal,0
EQ02830,Dump Truck,S075,6.9,1.9,51,21.1,85,C5132,OP0306,13.070394,80.200397,Good,87,Running,S075,Active,Normal,0
EQ02831,Skid Steer Loader,S101,8.8,2.3,44,22.3,96,C8194,OP0336,12.789362,80.289651,Good,87,Running,S101,Active,Normal,0
EQ02832,Excavator,S055,10.2,2.6,90,34.4,99,C2199,OP0971,13.054758,79.965366,Good,97,Running,S055,Active,Normal,0
EQ02833,Dump Truck,S119,7.4,0.9,52,34.2,94,C5025,OP0772,13.058874,80.354256,Due Soon,69,Running,S119,Active,Normal,0
EQ02834,Skid Steer Loader,S024,11.0,2.4,63,20.6,83,C5626,OP0701,12.711097,80.017999,Due Soon,69,Running,S024,Active,Normal,0
EQ02835,Backhoe Loader,S084,7.7,1.1,43,34.0,93,C6001,OP0398,12.714522,80.129385,Good,73,Running,S084,Active,Normal,0
EQ02836,Motor Grader,S139,10.7,0.2,77,39.2,97,C1307,OP0741,12.716797,80.240411,Overdue,95,Running,S139,Active,Normal,0
EQ02837,Dump Truck,S033,5.4,2.6,37,22.0,84,C8692,OP0339,13.125298,80.188501,Good,80,Running,S033,Active,Normal,0
EQ02838,Wheel Loader,S004,9.4,2.6,58,18.3,85,C6473,OP1076,12.86706,80.347168,Good,89,Running,S004,Active,Normal,0
EQ02839,Dump Truck,S119,0.5,22.0,49,39.3,89,C3049,OP0054,12.736645,80.262678,Good,5,Idle,S119,Active,High Idle,1
EQ02840,Motor Grader,S032,6.3,1.0,85,39.3,99,C4713,OP0606,12.793286,80.255331,Due Soon,95,Running,S032,Active,Normal,0
EQ02841,Skid Steer Loader,S140,6.4,0.5,83,32.0,94,C5690,OP0186,13.133253,79.954642,Good,97,Running,S140,Active,Normal,0
EQ02842,Dump Truck,S131,9.1,1.9,76,29.4,82,C2956,OP0167,13.010149,79.958866,Good,82,Running,S084,Active,Wrong Site,1
EQ02843,Wheel Loader,S046,5.4,0.5,36,38.1,95,C9082,OP0449,13.289094,80.020078,Due Soon,84,Running,S046,Active,Normal,0
EQ02844,Skid Steer Loader,S007,7.3,1.7,81,36.6,84,C1251,OP1192,13.116873,80.29153,Good,94,Running,S007,Active,Normal,0
EQ02845,Skid Steer Loader,S115,6.0,0.7,38,19.7,98,C7935,OP0160,13.172834,80.226246,Good,66,Running,S115,Active,Normal,0
EQ02846,Motor Grader,S147,8.0,0.6,60,165.0,84,C2465,OP0670,13.334031,80.255308,Good,98,Running,S147,Active,Distance Spike,1
EQ02847,Bulldozer,S077,10.5,0.2,84,16.2,91,C8318,OP1194,13.110161,80.338122,Good,88,Running,S077,Active,Normal,0
EQ02848,Dump Truck,S093,9.2,16.0,53,28.2,87,C6312,OP0031,13.23292,80.287411,Good,8,Idle,S093,Active,Low Utilization,1
EQ02849,Backhoe Loader,S099,10.7,2.7,55,26.0,95,C2682,OP0387,12.754535,80.167645,Good,85,Running,S099,Active,Normal,0
EQ02850,Skid Steer Loader,S062,9.7,2.7,43,18.6,99,C4944,OP0209,12.823396,80.250396,Due Soon,94,Running,S062,Active,Normal,0
EQ02851,Motor Grader,S070,8.9,2.1,39,34.4,92,C2104,OP0293,13.218087,80.036401,Good,76,Running,S070,Active,Normal,0
EQ02852,Backhoe Loader,S084,7.4,2.2,56,30.7,94,C6430,OP0373,12.88014,80.002756,Good,96,Running,S084,Active,Normal,0
EQ02853,Excavator,S003,6.4,0.7,82,30.9,93,C4732,OP0239,13.0566,79.978975,Due Soon,65,Running,S003,Active,Normal,0
EQ02854,Excavator,S079,9.2,1.7,53,29.4,92,C6302,OP0811,13.095365,80.300236,Good,87,Running,S079,Expired,Contract Expired,1
EQ02855,Bulldozer,S098,9.8,2.5,91,18.2,98,C2857,OP0293,13.039646,80.044383,Due Soon,72,Running,S098,Active,Normal,0
EQ02856,Excavator,S111,5.8,2.7,66,20.4,89,C2076,OP0305,12.759678,80.086653,Due Soon,75,Running,S111,Active,Normal,0
EQ02857,Backhoe Loader,S109,6.3,0.8,49,20.6,92,C2677,OP0007,12.837288,80.265947,Good,69,Running,S109,Active,Normal,0
EQ02858,Skid Steer Loader,S019,9.1,2.5,36,33.6,83,C1603,OP0582,12.933951,80.118231,Good,93,Running,S019,Active,Normal,0
EQ02859,Wheel Loader,S112,6.7,1.8,90,29.6,100,C7583,OP0334,13.206387,79.966759,Good,67,Running,S112,Active,Normal,0
EQ02860,Motor Grader,S005,6.8,1.4,44,24.9,91,C5769,OP0394,12.730589,80.048947,Good,85,Running,S005,Active,Normal,0
EQ02861,Excavator,S122,9.6,1.7,66,30.3,97,C2372,OP0355,13.208616,80.383917,Good,92,Running,S122,Active,Normal,0
EQ02862,Dump Truck,S050,10.6,1.6,79,16.3,84,C6509,OP0427,12.763209,80.081656,Good,80,Running,S050,Active,Normal,0
EQ02863,Wheel Loader,S015,5.3,1.3,40,34.0,83,C9523,OP1071,13.159448,80.359284,Due Soon,98,Running,S015,Active,Normal,0
EQ02864,Bulldozer,S142,0.5,22.0,85,21.4,83,C7251,OP0077,12.74773,80.27217,Overdue,5,Idle,S142,Active,High Idle,1
EQ02865,Wheel Loader,S086,7.2,2.0,91,30.3,83,C6286,OP0752,13.110392,80.107145,Good,89,Running,S086,Active,Normal,0
EQ02866,Motor Grader,S027,8.3,2.7,70,22.3,95,C1214,OP0266,13.269188,80.127086,Good,69,Running,S027,Active,Normal,0
EQ02867,Motor Grader,S119,8.8,1.1,51,16.0,80,C4577,OP1173,13.233055,80.212079,Overdue,93,Running,S119,Active,Normal,0
EQ02868,Excavator,S123,10.7,0.9,88,28.0,93,C2175,OP0037,12.945702,80.086093,Good,69,Running,S123,Active,Normal,0
EQ02869,Bulldozer,S021,10.9,2.6,76,17.6,100,C8640,OP0944,12.943697,80.289282,Good,92,Running,S021,Expired,Contract Expired,1
EQ02870,Excavator,S077,5.1,2.4,77,29.1,91,C7640,OP0511,12.941575,80.272065,Good,81,Running,S077,Active,Normal,0
EQ02871,Skid Steer Loader,S072,9.0,0.3,73,25.3,98,C5540,OP0210,12.829181,79.974684,Good,74,Running,S072,Active,Normal,0
EQ02872,Wheel Loader,S116,6.1,2.0,72,24.7,84,C7081,OP0580,12.855442,80.255543,Good,78,Running,S116,Active,Normal,0
EQ02873,Motor Grader,S059,5.1,3.0,95,16.8,82,C7175,OP1156,13.300233,80.267885,Good,93,Running,S059,Active,Normal,0
EQ02874,Backhoe Loader,S030,6.9,0.7,40,24.1,97,C3722,OP0513,13.061176,80.212473,Good,98,Running,S030,Active,Normal,0
EQ02875,Dump Truck,S126,6.1,16.0,95,18.8,87,C5194,OP0438,12.887295,80.249523,Good,8,Idle,S126,Active,Low Utilization,1
EQ02876,Bulldozer,S082,5.9,2.0,86,21.5,96,C9862,OP0750,12.912394,80.324088,Good,69,Running,S082,Active,Normal,0
EQ02877,Bulldozer,S052,8.4,2.8,54,34.0,80,C3533,OP0187,12.885682,80.217966,Good,89,Running,S052,Active,Normal,0
EQ02878,Motor Grader,S081,8.1,2.6,66,14.1,82,C4933,OP0733,12.936871,80.116824,Due Soon,75,Running,S081,Active,Normal,0
EQ02879,Skid Steer Loader,S127,5.6,0.5,41,20.9,83,C8839,OP0588,12.96301,80.278949,Good,95,Running,S127,Active,Normal,0
EQ02880,Backhoe Loader,S064,8.0,2.0,85,31.6,85,C9422,OP0515,12.971154,80.282091,Good,83,Running,S064,Active,Normal,0
EQ02881,Backhoe Loader,S111,6.3,1.8,68,26.0,98,C6253,OP0096,12.895612,80.000328,Good,80,Running,S111,Active,Normal,0
EQ02882,Motor Grader,S002,10.0,0.6,69,36.2,94,C3637,OP0669,12.990699,79.976666,Due Soon,70,Running,S002,Active,Normal,0
EQ02883,Dump Truck,S067,5.4,1.2,75,22.7,96,C6665,OP1079,12.875116,80.148519,Good,76,Running,S067,Active,Normal,0
EQ02884,Motor Grader,S108,10.8,2.9,81,18.1,87,C3918,OP1029,13.028698,80.386734,Overdue,80,Running,S108,Active,Normal,0
EQ02885,Skid Steer Loader,S043,9.8,2.7,60,25.5,83,C8497,OP0912,13.042053,80.037833,Good,75,Running,S043,Active,Normal,0
EQ02886,Motor Grader,S022,10.9,2.0,91,35.4,98,C1941,OP0074,12.87257,79.975805,Good,95,Running,S022,Active,Normal,0
EQ02887,Wheel Loader,S039,7.4,0.5,69,14.8,80,C6427,OP0497,13.205404,80.034533,Good,79,Running,S039,Active,Normal,0
EQ02888,Dump Truck,S133,8.6,1.5,54,31.0,91,C2003,OP0013,12.916799,80.182816,Good,78,Running,S133,Active,Normal,0
EQ02889,Bulldozer,S112,7.8,1.2,91,13.3,89,C1085,OP0791,12.964113,80.146049,Good,65,Running,S112,Active,Normal,0
EQ02890,Skid Steer Loader,S064,8.7,0.6,37,28.7,86,C6211,OP0526,13.153587,80.22858,Overdue,98,Running,S064,Active,Normal,0
EQ02891,Bulldozer,S055,10.8,1.5,85,27.3,87,C9354,OP0625,12.815459,80.098011,Good,67,Running,S055,Active,Normal,0
EQ02892,Motor Grader,S015,7.2,0.6,38,13.0,84,C9078,OP0567,13.258045,80.213876,Good,82,Running,S015,Active,Normal,0
EQ02893,Motor Grader,S022,8.2,0.4,49,29.5,87,C3817,OP0059,13.077899,79.974861,Due Soon,82,Running,S022,Active,Normal,0
EQ02894,Skid Steer Loader,S095,5.3,1.6,45,17.1,80,C9448,OP0270,12.821321,80.337311,Good,78,Running,S095,Active,Normal,0
EQ02895,Wheel Loader,S091,10.0,1.1,88,34.3,98,C4082,OP0119,12.712567,80.043274,Due Soon,95,Running,S091,Active,Normal,0
EQ02896,Skid Steer Loader,S125,5.3,0.7,88,15.2,82,C6451,OP0274,12.777614,80.235169,Good,98,Running,S125,Active,Normal,0
EQ02897,Wheel Loader,S130,9.5,2.7,77,25.7,85,C7391,OP1132,13.118198,80.230454,Due Soon,87,Running,S130,Active,Normal,0
EQ02898,Backhoe Loader,S064,10.3,1.8,74,13.8,92,C7397,OP1116,12.977568,80.299281,Good,96,Running,S064,Active,Normal,0
EQ02899,Backhoe Loader,S126,6.8,2.2,48,40.0,97,C3508,OP0237,12.946344,80.129871,Due Soon,77,Running,S126,Active,Normal,0
EQ02900,Skid Steer Loader,S134,10.1,0.3,84,38.3,82,C7886,OP0943,13.253614,79.968446,Good,66,Running,S134,Active,Normal,0
EQ02901,Backhoe Loader,S057,11.0,1.1,74,17.0,82,C1581,OP0353,13.300406,80.162719,Good,66,Running,S057,Active,Normal,0
EQ02902,Backhoe Loader,S053,6.6,2.0,88,35.7,98,C9737,OP0498,13.34574,79.973226,Overdue,72,Running,S053,Active,Normal,0
EQ02903,Excavator,S022,7.2,2.1,60,32.3,94,C2893,OP0014,12.80396,80.218677,Good,66,Running,S022,Active,Normal,0
EQ02904,Dump Truck,S034,10.6,2.6,47,30.4,88,C7610,OP0209,13.209445,80.207713,Due Soon,93,Running,S034,Active,Normal,0
EQ02905,Skid Steer Loader,S047,6.8,1.8,64,33.4,82,C6341,OP0137,12.917644,80.358502,Good,92,Running,S047,Active,Normal,0
EQ02906,Skid Steer Loader,S024,5.2,0.9,88,23.5,100,C5028,OP0874,13.20144,79.996064,Good,88,Running,S024,Active,Normal,0
EQ02907,Excavator,S010,7.5,1.1,68,31.5,91,C6081,OP1161,12.982899,79.980212,Due Soon,79,Running,S010,Active,Normal,0
EQ02908,Excavator,S127,8.6,2.3,93,28.2,83,C2347,OP0421,13.168369,80.371039,Good,93,Running,S127,Active,Normal,0
EQ02909,Backhoe Loader,S100,0.5,22.0,84,30.1,85,C8719,OP0817,13.052223,79.967376,Good,5,Idle,S100,Active,High Idle,1
EQ02910,Wheel Loader,S019,10.5,0.4,78,16.2,87,C6695,OP0291,12.90175,80.205354,Due Soon,94,Running,S019,Active,Normal,0
EQ02911,Motor Grader,S019,7.9,1.7,35,28.1,92,C9013,OP0632,12.885718,80.126999,Good,82,Running,S019,Active,Normal,0
EQ02912,Dump Truck,S146,10.6,1.0,62,39.3,96,C7335,OP0297,12.743899,80.266678,Good,77,Running,S146,Active,Normal,0
EQ02913,Wheel Loader,S114,9.9,2.8,52,22.6,89,C4672,OP0429,12.966288,80.039244,Good,92,Running,S114,Active,Normal,0
EQ02914,Wheel Loader,S038,7.0,0.8,73,21.5,91,C8786,OP0142,12.806788,80.00663,Good,77,Running,S038,Active,Normal,0
EQ02915,Motor Grader,S085,10.5,1.8,74,19.4,99,C3591,OP0340,13.326706,80.202187,Good,85,Running,S085,Active,Normal,0
EQ02916,Backhoe Loader,S088,8.0,2.6,90,21.8,96,C3692,OP0077,12.732079,80.075412,Good,70,Running,S088,Active,Normal,0
EQ02917,Wheel Loader,S059,6.0,0.6,81,37.9,83,C2196,OP0970,12.916959,80.219436,Good,72,Running,S059,Active,Normal,0
EQ02918,Skid Steer Loader,S098,7.4,2.4,90,33.7,91,C7301,OP0534,13.332719,80.218657,Good,66,Running,S098,Active,Normal,0
EQ02919,Motor Grader,S045,5.6,1.6,52,14.4,88,C2891,OP0676,13.220929,80.223675,Good,91,Running,S045,Active,Normal,0
EQ02920,Excavator,S026,5.6,1.4,85,32.7,80,C2562,OP0157,13.301101,80.304631,Good,87,Running,S026,Active,Normal,0
EQ02921,Motor Grader,S006,6.3,2.1,48,38.9,89,C1043,OP0490,12.887114,80.384485,Overdue,79,Running,S006,Active,Normal,0
EQ02922,Excavator,S070,9.7,0.4,71,31.9,82,C6534,OP0236,12.988485,79.968016,Good,97,Running,S070,Active,Normal,0
EQ02923,Excavator,S048,6.4,1.9,65,25.8,98,C2484,OP0236,12.938753,80.039291,Good,91,Running,S048,Active,Normal,0
EQ02924,Bulldozer,S121,6.4,0.3,94,15.4,84,C9141,OP0322,13.086744,79.95369,Good,94,Running,S121,Active,Normal,0
EQ02925,Bulldozer,S109,10.9,1.9,88,33.3,80,C1603,OP1156,12.760563,80.376534,Good,83,Running,S109,Active,Normal,0
EQ02926,Skid Steer Loader,S027,10.3,1.1,60,19.5,99,C2869,OP0278,13.127398,80.381157,Good,90,Running,S027,Active,Normal,0
EQ02927,Skid Steer Loader,S011,6.9,2.9,40,38.0,97,C5257,OP1177,13.323768,79.959645,Good,96,Running,S011,Active,Normal,0
EQ02928,Wheel Loader,S016,9.9,0.9,83,39.8,83,C7931,OP0808,12.944514,80.037614,Due Soon,87,Running,S016,Active,Normal,0
EQ02929,Dump Truck,S111,9.5,0.9,58,31.2,95,C8271,OP0660,13.312024,80.159507,Good,91,Running,S111,Active,Normal,0
EQ02930,Skid Steer Loader,S040,8.9,1.0,64,18.2,88,C5134,OP0594,13.082014,80.044162,Due Soon,92,Running,S040,Active,Normal,0
EQ02931,Wheel Loader,S085,5.8,2.7,66,12.8,88,C2383,OP0809,12.823392,79.976961,Overdue,85,Running,S085,Active,Normal,0
EQ02932,Skid Steer Loader,S004,5.9,2.5,49,34.5,90,C7510,OP0254,13.243545,80.022564,Good,84,Running,S004,Active,Normal,0
EQ02933,Backhoe Loader,S090,5.2,2.8,81,30.3,90,C9430,OP0691,13.06999,80.190928,Good,87,Running,S090,Active,Normal,0
EQ02934,Dump Truck,S057,8.8,1.1,89,16.4,99,C1771,OP0811,12.783733,79.964933,Good,69,Running,S057,Active,Normal,0
EQ02935,Backhoe Loader,S097,10.8,1.6,57,33.1,100,C5311,OP0243,12.805981,80.111684,Due Soon,93,Running,S097,Active,Normal,0
EQ02936,Motor Grader,S101,9.1,0.1,43,12.3,90,C3073,OP0450,12.998934,80.23681,Good,71,Running,S101,Active,Normal,0
EQ02937,Bulldozer,S059,6.6,1.1,80,17.3,95,C7987,OP0485,13.303908,80.174868,Good,67,Running,S059,Active,Normal,0
EQ02938,Excavator,S111,9.7,0.8,56,21.1,80,C4073,OP0163,12.90324,80.251014,Due Soon,80,Running,S111,Active,Normal,0
EQ02939,Wheel Loader,S008,8.2,1.4,70,26.1,89,C9094,OP0699,13.153214,80.238026,Due Soon,91,Running,S008,Active,Normal,0
EQ02940,Motor Grader,S074,6.8,0.5,63,23.5,86,C3681,OP1049,12.757272,80.258564,Good,84,Running,S074,Active,Normal,0
EQ02941,Backhoe Loader,S036,6.0,0.7,44,28.1,98,C9404,OP0792,13.254168,80.001728,Good,98,Running,S036,Active,Normal,0
EQ02942,Dump Truck,S061,6.3,1.8,66,12.5,97,C7369,OP1036,12.956422,80.108682,Good,76,Running,S061,Active,Normal,0
EQ02943,Motor Grader,S006,8.6,1.2,49,35.2,89,C3303,OP0920,13.244003,80.323344,Good,73,Running,S006,Active,Normal,0
EQ02944,Wheel Loader,S121,10.6,1.8,35,25.3,85,C9801,OP0670,12.814612,80.281983,Due Soon,65,Running,S121,Active,Normal,0
EQ02945,Skid Steer Loader,S021,8.8,0.5,74,39.9,81,C7450,OP0228,12.974274,79.952677,Good,76,Running,S021,Active,Normal,0
EQ02946,Motor Grader,S030,5.7,1.0,68,18.7,83,C1531,OP0890,12.791533,80.247817,Good,66,Running,S030,Active,Normal,0
EQ02947,Wheel Loader,S140,5.0,2.0,66,35.2,93,C6826,OP0907,13.153803,80.114932,Good,84,Running,S140,Active,Normal,0
EQ02948,Dump Truck,S136,7.2,1.6,37,13.0,93,C8367,OP0224,12.998872,80.02606,Good,77,Running,S136,Active,Normal,0
EQ02949,Wheel Loader,S039,6.9,2.9,73,24.4,99,C9079,OP0735,13.133985,80.209153,Due Soon,66,Running,S039,Active,Normal,0
EQ02950,Excavator,S095,6.0,0.2,90,27.0,89,C3275,OP0837,12.83204,80.14553,Good,75,Running,S095,Active,Normal,0
EQ02951,Bulldozer,S083,6.2,2.1,83,26.9,80,C3572,OP1155,12.975915,80.060893,Good,65,Running,S083,Active,Normal,0
EQ02952,Excavator,S039,10.0,2.4,70,28.0,91,C5271,OP0601,12.754667,80.001407,Good,65,Running,S039,Active,Normal,0
EQ02953,Skid Steer Loader,S128,10.7,1.7,63,33.7,94,C4185,OP0585,12.764483,80.3422,Due Soon,94,Running,S128,Active,Normal,0
EQ02954,Excavator,S081,8.9,2.8,92,24.5,94,C6005,OP0860,13.083419,79.989058,Due Soon,92,Running,S081,Active,Normal,0
EQ02955,Backhoe Loader,S085,8.5,1.9,5,18.0,93,C9288,OP0897,13.110277,80.33681,Good,97,Running,S085,Active,Fuel Anomaly,1
EQ02956,Bulldozer,S128,5.7,0.5,63,25.4,99,C3790,OP0766,13.047605,80.131571,Good,81,Running,S128,Active,Normal,0
EQ02957,Backhoe Loader,S088,9.0,2.6,64,20.1,96,C5595,OP0846,13.330736,80.023777,Good,96,Running,S088,Active,Normal,0
EQ02958,Bulldozer,S072,10.4,1.3,69,17.0,96,C6736,OP0943,13.000512,80.15638,Good,74,Running,S072,Active,Normal,0
EQ02959,Excavator,S145,6.3,1.8,94,30.0,98,C7400,OP0414,13.322216,80.031568,Due Soon,75,Running,S145,Active,Normal,0
EQ02960,Dump Truck,S063,5.1,1.5,49,32.9,100,C8196,OP0051,12.779093,80.356897,Good,92,Running,S063,Active,Normal,0
EQ02961,Dump Truck,S018,10.9,0.9,72,32.0,82,C8325,OP0386,13.07248,80.375849,Good,75,Running,S018,Active,Normal,0
EQ02962,Dump Truck,S086,5.3,2.0,67,34.7,93,C6638,OP0195,12.914342,80.098641,Good,74,Running,S086,Active,Normal,0
EQ02963,Motor Grader,S052,7.2,1.4,85,23.9,91,C5492,OP0368,13.258322,80.373481,Good,92,Running,S052,Active,Normal,0
EQ02964,Bulldozer,S110,10.6,0.4,53,39.8,84,C4254,OP0618,13.129053,80.140331,Good,92,Running,S110,Active,Normal,0
EQ02965,Bulldozer,S123,9.7,0.2,59,22.0,83,C4424,OP0943,13.271139,80.014927,Good,97,Running,S123,Active,Normal,0
EQ02966,Backhoe Loader,S058,8.3,2.2,92,28.8,87,C8132,OP0241,13.044219,79.956388,Good,87,Running,S058,Active,Normal,0
EQ02967,Backhoe Loader,S036,5.8,2.4,84,23.7,81,C8215,OP0889,12.939297,80.053151,Good,73,Running,S036,Active,Normal,0
EQ02968,Excavator,S024,6.8,1.4,39,14.9,96,C7491,OP0632,13.038934,80.351444,Good,82,Running,S024,Active,Normal,0
EQ02969,Motor Grader,S054,10.4,1.4,35,25.3,98,C4718,OP0463,13.175268,79.951456,Good,74,Running,S054,Active,Normal,0
EQ02970,Skid Steer Loader,S022,7.2,1.0,63,19.9,91,C7302,OP1043,12.909035,80.050603,Good,70,Running,S022,Active,Normal,0
EQ02971,Dump Truck,S037,10.4,1.4,62,34.9,99,C1566,OP1190,12.895703,80.07749,Good,90,Running,S037,Active,Normal,0
EQ02972,Bulldozer,S051,6.0,1.7,77,18.2,84,C7940,OP0193,13.060113,80.282143,Due Soon,96,Running,S051,Active,Normal,0
EQ02973,Wheel Loader,S081,8.0,1.1,59,32.8,91,C4988,OP0705,12.900641,80.394072,Good,85,Running,S038,Active,Wrong Site,1
EQ02974,Skid Steer Loader,S040,8.2,2.4,55,27.1,94,C1364,OP0769,12.799067,80.082434,Good,65,Running,S040,Active,Normal,0
EQ02975,Dump Truck,S086,5.1,0.4,53,16.4,95,C4138,OP0448,13.031816,80.028593,Good,85,Running,S086,Active,Normal,0
EQ02976,Backhoe Loader,S052,7.4,1.3,84,34.7,92,C2429,OP0761,12.969058,80.380292,Good,91,Running,S052,Active,Normal,0
EQ02977,Motor Grader,S148,7.4,1.8,74,18.7,94,C1381,OP0875,12.746664,80.208914,Due Soon,94,Running,S148,Active,Normal,0
EQ02978,Skid Steer Loader,S009,7.7,3.0,46,25.9,93,C6191,OP0308,13.234541,80.236857,Good,75,Running,S009,Active,Normal,0
EQ02979,Dump Truck,S108,7.6,1.1,41,31.0,84,C1644,OP0875,13.244232,80.377822,Good,84,Running,S108,Active,Normal,0
EQ02980,Wheel Loader,S093,6.2,2.3,44,39.3,85,C3223,OP0010,12.844559,80.099118,Good,70,Running,S093,Active,Normal,0
EQ02981,Excavator,S125,9.6,1.4,80,38.4,96,C6555,OP0947,12.760247,80.207041,Good,86,Running,S125,Active,Normal,0
EQ02982,Wheel Loader,S140,6.0,1.7,93,34.1,91,C5284,OP1088,13.018866,80.167907,Good,91,Running,S140,Active,Normal,0
EQ02983,Excavator,S056,9.8,2.6,77,19.7,80,C4269,OP0508,13.013906,80.099942,Good,71,Running,S056,Active,Normal,0
EQ02984,Backhoe Loader,S052,7.6,0.8,56,38.4,98,C7287,OP0280,13.070512,80.119118,Good,74,Running,S052,Active,Normal,0
EQ02985,Bulldozer,S110,10.7,2.7,94,26.0,81,C8930,OP0972,13.008278,80.175159,Good,72,Running,S110,Active,Normal,0
EQ02986,Bulldozer,S063,7.5,0.5,46,27.2,92,C4382,OP0270,13.023102,80.257878,Good,71,Running,S063,Active,Normal,0
EQ02987,Backhoe Loader,S103,10.9,0.3,85,26.8,95,C4640,OP0165,13.113903,79.9571,Good,94,Running,S103,Active,Normal,0
EQ02988,Wheel Loader,S103,8.2,1.9,53,21.8,89,C8764,OP0420,13.244875,80.268384,Overdue,83,Running,S103,Active,Normal,0
EQ02989,Skid Steer Loader,S050,5.5,0.3,65,15.3,85,C1959,OP0458,13.047815,80.121792,Good,73,Running,S050,Active,Normal,0
EQ02990,Excavator,S032,6.9,1.2,95,29.6,89,C1227,OP0852,13.349508,80.266745,Good,79,Running,S032,Active,Normal,0
EQ02991,Skid Steer Loader,S063,5.6,2.3,76,16.9,98,C3199,OP0152,13.129295,80.226785,Good,86,Running,S063,Active,Normal,0
EQ02992,Backhoe Loader,S130,9.4,0.4,46,35.8,95,C2328,,13.048026,80.107348,Good,82,Running,S130,Active,Missing Operator,1
EQ02993,Bulldozer,S070,6.3,1.0,63,39.5,98,C8301,OP0198,13.141797,80.171912,Good,92,Running,S070,Active,Normal,0
EQ02994,Excavator,S129,6.3,2.5,95,37.3,100,C1748,OP0573,13.302194,80.177466,Good,98,Running,S129,Active,Normal,0
EQ02995,Motor Grader,S114,6.4,2.8,78,31.5,28,C1418,OP0481,13.33063,80.338322,Overdue,90,Maintenance,S114,Active,Maintenance Overdue,1
EQ02996,Skid Steer Loader,S125,6.4,1.6,85,30.6,89,C2023,OP0450,13.150321,80.148438,Good,89,Running,S125,Active,Normal,0
EQ02997,Backhoe Loader,S114,8.0,0.6,61,34.3,88,C4678,OP0574,13.001689,80.258381,Good,88,Running,S114,Active,Normal,0
EQ02998,Dump Truck,S085,8.8,0.5,52,15.9,85,C9615,OP0120,13.018551,80.38095,Good,94,Running,S085,Active,Normal,0
EQ02999,Dump Truck,S066,9.4,1.4,56,30.7,86,C9538,OP0553,13.039742,80.367287,Good,71,Running,S066,Active,Normal,0
EQ03000,Bulldozer,S139,5.2,0.8,55,37.7,80,C7047,OP0208,13.298916,80.108501,Good,72,Running,S139,Active,Normal,0
EQ03001,Dump Truck,S042,6.5,0.2,79,29.3,97,C2326,OP0309,12.897812,80.072951,Good,84,Running,S042,Active,Normal,0
EQ03002,Skid Steer Loader,S128,5.4,1.5,91,38.0,96,C2449,OP0065,13.262526,80.349548,Good,96,Running,S128,Active,Normal,0
EQ03003,Wheel Loader,S080,10.8,1.8,62,28.1,82,C1419,OP1200,13.040609,80.329415,Good,92,Running,S080,Active,Normal,0
EQ03004,Motor Grader,S066,10.5,0.9,48,27.0,87,C9573,OP0763,12.962345,80.146627,Good,65,Running,S066,Active,Normal,0
EQ03005,Backhoe Loader,S146,10.1,2.2,66,17.5,93,C5379,OP1120,13.017094,80.117944,Good,93,Running,S146,Active,Normal,0
EQ03006,Excavator,S046,0.5,22.0,59,33.2,87,C3194,OP0875,13.250022,79.996211,Good,5,Idle,S046,Active,High Idle,1
EQ03007,Dump Truck,S005,10.5,1.2,77,20.9,83,C3094,OP0148,13.090531,80.144517,Good,75,Running,S005,Active,Normal,0
EQ03008,Excavator,S071,9.8,2.9,67,21.4,86,C3310,OP0007,12.756435,80.142751,Good,78,Running,S071,Active,Normal,0
EQ03009,Dump Truck,S053,5.9,2.6,61,35.2,84,C1260,OP0127,13.334214,80.338859,Good,95,Running,S053,Active,Normal,0
EQ03010,Wheel Loader,S028,5.3,2.9,73,15.6,80,C4817,OP0312,12.934633,80.295585,Due Soon,71,Running,S028,Active,Normal,0
EQ03011,Bulldozer,S003,7.7,2.5,93,16.3,80,C4940,OP1120,12.71949,80.222215,Good,71,Running,S003,Active,Normal,0
EQ03012,Wheel Loader,S008,10.3,0.2,69,15.4,96,C9062,OP0194,13.295392,80.09907,Good,67,Running,S008,Active,Normal,0
EQ03013,Wheel Loader,S025,5.0,1.0,36,21.7,80,C8635,OP0348,13.26467,80.281864,Due Soon,88,Running,S025,Active,Normal,0
EQ03014,Motor Grader,S140,7.8,2.2,84,23.6,96,C3758,OP0493,12.91751,80.105379,Due Soon,79,Running,S140,Active,Normal,0
EQ03015,Bulldozer,S132,10.6,0.8,61,23.6,95,C3298,OP0466,13.230251,80.341045,Overdue,86,Running,S132,Active,Normal,0
EQ03016,Bulldozer,S077,10.6,2.1,75,37.1,80,C5486,OP1157,12.895538,80.185716,Due Soon,78,Running,S077,Active,Normal,0
EQ03017,Backhoe Loader,S017,7.5,3.0,52,16.4,86,C8060,OP0341,12.888696,80.23097,Good,83,Running,S017,Active,Normal,0
EQ03018,Excavator,S075,6.7,0.5,70,19.7,83,C6305,OP0505,12.822501,80.274368,Good,88,Running,S075,Active,Normal,0
EQ03019,Wheel Loader,S023,10.3,0.3,84,16.3,92,C1834,OP0332,13.127928,80.036232,Overdue,84,Running,S023,Active,Normal,0
EQ03020,Bulldozer,S145,6.3,2.4,87,21.1,91,C3344,OP0055,12.737475,80.352341,Good,70,Running,S145,Active,Normal,0
EQ03021,Backhoe Loader,S015,8.1,0.7,85,15.7,96,C1744,OP1015,12.722387,80.002887,Good,80,Running,S015,Active,Normal,0
EQ03022,Wheel Loader,S015,9.9,1.3,70,28.0,81,C1532,OP0382,13.135068,80.195869,Good,82,Running,S015,Active,Normal,0
EQ03023,Dump Truck,S130,8.3,2.3,58,16.0,100,C8590,OP0472,12.95717,80.3353,Due Soon,80,Running,S130,Active,Normal,0
EQ03024,Motor Grader,S068,9.2,1.0,54,24.3,85,C1672,OP0881,13.129729,80.256786,Good,84,Running,S068,Active,Normal,0
EQ03025,Dump Truck,S087,6.6,0.2,86,28.6,85,C1354,OP0348,13.265452,80.35278,Good,69,Running,S087,Active,Normal,0
EQ03026,Motor Grader,S130,6.9,1.4,50,30.2,96,C7132,OP1041,13.194256,80.232917,Good,93,Running,S130,Active,Normal,0
EQ03027,Excavator,S031,6.0,2.5,76,34.3,92,C5090,OP0547,12.878555,79.966935,Due Soon,71,Running,S031,Active,Normal,0
EQ03028,Backhoe Loader,S046,9.4,1.1,41,27.4,82,C1614,OP0475,12.953898,80.243512,Good,70,Running,S046,Active,Normal,0
EQ03029,Backhoe Loader,S134,10.4,1.8,81,32.4,100,C5657,,13.076825,80.166996,Good,88,Running,S134,Active,Missing Operator,1
EQ03030,Wheel Loader,S047,5.5,2.8,35,26.7,80,C7080,OP0136,12.93144,79.960032,Good,93,Running,S047,Active,Normal,0
EQ03031,Backhoe Loader,S090,6.5,1.5,81,14.2,81,C2826,OP0439,13.29051,80.097474,Good,69,Running,S090,Active,Normal,0
EQ03032,Skid Steer Loader,S090,10.9,0.0,47,12.9,89,C2855,OP0563,12.874798,80.274084,Good,77,Running,S090,Active,Normal,0
EQ03033,Skid Steer Loader,S126,9.2,2.0,83,24.8,98,C2477,OP0457,12.837481,80.381955,Due Soon,90,Running,S126,Active,Normal,0
EQ03034,Skid Steer Loader,S076,9.4,2.4,49,34.7,95,C7138,OP0890,12.905168,80.134065,Overdue,82,Running,S076,Active,Normal,0
EQ03035,Dump Truck,S029,6.5,1.8,75,15.5,95,C6990,OP0679,13.283223,80.362698,Due Soon,95,Running,S029,Active,Normal,0
EQ03036,Dump Truck,S148,7.9,1.5,59,16.8,87,C2981,OP0724,13.329419,80.222804,Good,87,Running,S148,Active,Normal,0
EQ03037,Backhoe Loader,S035,6.1,2.2,50,21.0,95,C5457,OP1026,13.317121,80.081706,Good,95,Running,S035,Active,Normal,0
EQ03038,Dump Truck,S099,8.3,0.3,61,35.3,85,C4897,OP0131,12.939993,80.046961,Good,68,Running,S099,Active,Normal,0
EQ03039,Backhoe Loader,S084,5.3,2.2,37,15.4,92,C6699,OP0380,13.210176,80.057,Good,73,Running,S084,Active,Normal,0
EQ03040,Motor Grader,S067,9.1,2.7,5,18.0,90,C2483,OP0155,13.123971,80.038987,Good,67,Running,S067,Active,Fuel Anomaly,1
EQ03041,Bulldozer,S091,10.1,1.6,42,18.5,89,C8234,OP0459,13.145247,80.258339,Good,66,Running,S091,Active,Normal,0
EQ03042,Backhoe Loader,S128,6.5,2.2,54,35.5,98,C3516,OP0255,13.315131,80.195245,Due Soon,81,Running,S128,Active,Normal,0
EQ03043,Backhoe Loader,S022,10.1,1.6,90,35.2,86,C3107,OP0781,12.930266,80.150245,Good,80,Running,S022,Active,Normal,0
EQ03044,Wheel Loader,S068,5.1,0.8,47,14.5,93,C9159,OP0142,13.25301,80.203867,Due Soon,73,Running,S068,Active,Normal,0
EQ03045,Excavator,S102,9.0,0.5,56,23.1,95,C8037,OP0550,13.136817,80.320635,Overdue,70,Running,S102,Active,Normal,0
EQ03046,Dump Truck,S057,10.7,1.7,86,18.0,85,C5289,OP0699,13.029285,79.957541,Good,74,Running,S057,Active,Normal,0
EQ03047,Bulldozer,S009,8.3,1.1,79,27.9,91,C6702,OP0543,13.193478,80.10844,Due Soon,92,Running,S009,Active,Normal,0
EQ03048,Dump Truck,S112,7.7,0.9,45,38.5,85,C4320,OP0147,12.717828,80.280104,Good,89,Running,S112,Active,Normal,0
EQ03049,Bulldozer,S086,6.2,1.8,75,27.0,87,C2725,OP0839,12.783871,79.987198,Good,78,Running,S086,Active,Normal,0
EQ03050,Skid Steer Loader,S104,10.2,0.7,42,19.7,93,C9840,OP0233,12.953465,80.380834,Good,65,Running,S104,Active,Normal,0
EQ03051,Skid Steer Loader,S099,5.6,1.4,46,24.7,85,C2570,OP0809,12.912508,80.357739,Good,72,Running,S099,Active,Normal,0
EQ03052,Bulldozer,S141,5.6,2.0,40,14.8,28,C7457,OP0795,13.049572,80.234953,Overdue,77,Maintenance,S141,Active,Maintenance Overdue,1
EQ03053,Skid Steer Loader,S103,8.5,1.4,39,15.6,89,C1700,OP0985,12.964873,80.218141,Good,81,Running,S103,Active,Normal,0
EQ03054,Wheel Loader,S014,7.2,1.0,66,36.3,84,C8443,OP0521,12.808511,80.231543,Due Soon,96,Running,S014,Active,Normal,0
EQ03055,Backhoe Loader,S005,8.0,1.0,38,17.9,93,C3697,OP0943,13.086876,80.023188,Good,87,Running,S005,Active,Normal,0
EQ03056,Motor Grader,S016,10.4,1.0,87,39.3,84,C4139,OP0132,13.070743,80.278223,Due Soon,67,Running,S016,Active,Normal,0
EQ03057,Dump Truck,S027,7.4,2.8,35,31.2,96,C2059,OP0602,12.98419,80.382211,Good,84,Running,S027,Active,Normal,0
EQ03058,Backhoe Loader,S077,8.8,2.9,49,29.0,87,C2284,OP0856,13.268731,80.255787,Good,93,Running,S077,Active,Normal,0
EQ03059,Backhoe Loader,S062,8.9,0.1,44,21.2,96,C4196,OP0124,12.827967,80.354673,Good,89,Running,S062,Active,Normal,0
EQ03060,Wheel Loader,S093,9.1,0.7,76,23.9,92,C4198,OP0165,13.250454,80.243465,Good,91,Running,S093,Expired,Contract Expired,1
EQ03061,Excavator,S008,7.6,0.9,91,13.3,82,C7687,OP0303,12.797447,80.169412,Due Soon,87,Running,S008,Active,Normal,0
EQ03062,Backhoe Loader,S081,9.7,0.2,65,27.1,93,C8158,OP0796,12.915372,80.336979,Overdue,86,Running,S081,Active,Normal,0
EQ03063,Dump Truck,S106,5.2,0.3,79,30.7,81,C8887,OP0558,12.83602,80.283209,Good,91,Running,S106,Active,Normal,0
EQ03064,Excavator,S097,10.1,1.3,75,36.0,86,C3914,OP0114,12.846304,80.18536,Due Soon,95,Running,S097,Active,Normal,0
EQ03065,Bulldozer,S024,6.9,0.6,81,24.2,99,C6075,OP0597,12.774241,80.187742,Good,98,Running,S024,Active,Normal,0
EQ03066,Backhoe Loader,S015,7.6,1.0,73,38.5,80,C8380,OP0770,13.269083,80.398072,Overdue,70,Running,S015,Active,Normal,0
EQ03067,Wheel Loader,S032,8.5,2.7,40,26.1,86,C8905,OP0599,12.788773,80.251561,Good,91,Running,S032,Active,Normal,0
EQ03068,Backhoe Loader,S004,9.3,1.7,70,29.1,99,C1915,OP0842,13.146432,80.382997,Good,92,Running,S004,Active,Normal,0
EQ03069,Bulldozer,S092,6.3,2.0,91,23.0,86,C6548,OP0393,12.873474,80.395674,Good,73,Running,S092,Active,Normal,0
EQ03070,Excavator,S064,8.6,1.7,65,165.0,88,C4791,OP0934,12.829306,80.142952,Due Soon,98,Running,S064,Active,Distance Spike,1
EQ03071,Excavator,S139,6.3,0.4,46,32.9,83,C5273,OP0136,13.252521,80.027303,Due Soon,67,Running,S139,Active,Normal,0
EQ03072,Skid Steer Loader,S016,8.1,0.9,76,28.5,87,C6479,OP1091,12.702592,80.006386,Good,92,Running,S016,Active,Normal,0
EQ03073,Motor Grader,S006,8.1,1.1,57,34.5,82,C5733,OP0465,13.037866,79.977245,Good,85,Running,S006,Active,Normal,0
EQ03074,Skid Steer Loader,S037,5.9,2.0,92,32.0,87,C6204,OP1064,12.774708,80.216284,Good,74,Running,S037,Active,Normal,0
EQ03075,Skid Steer Loader,S039,10.5,0.6,63,16.1,90,C7315,OP0311,13.179877,80.022005,Due Soon,80,Running,S039,Active,Normal,0
EQ03076,Backhoe Loader,S126,7.7,1.5,37,165.0,83,C3650,OP0373,13.294551,80.073241,Good,98,Running,S126,Active,Distance Spike,1
EQ03077,Dump Truck,S142,8.9,1.5,72,27.5,89,C5710,OP0925,13.262771,80.130933,Good,89,Running,S142,Active,Normal,0
EQ03078,Wheel Loader,S028,7.2,1.0,95,15.2,90,C7380,OP0759,12.859447,80.333999,Good,68,Running,S028,Active,Normal,0
EQ03079,Excavator,S149,8.2,1.8,70,37.5,96,C2302,OP0997,13.151584,80.208261,Good,70,Running,S149,Active,Normal,0
EQ03080,Dump Truck,S116,9.4,0.6,57,34.6,87,C4075,OP0287,12.877954,80.227693,Due Soon,67,Running,S116,Active,Normal,0
EQ03081,Bulldozer,S053,8.0,0.5,86,18.6,81,C2935,OP0928,12.846845,80.371885,Good,73,Running,S053,Active,Normal,0
EQ03082,Wheel Loader,S043,9.1,1.1,82,16.9,84,C7801,OP0643,13.214596,80.090338,Good,77,Running,S043,Active,Normal,0
EQ03083,Excavator,S110,7.6,2.7,87,15.1,84,C5593,OP0824,12.792288,79.974069,Overdue,83,Running,S110,Active,Normal,0
EQ03084,Dump Truck,S096,8.0,1.2,49,27.9,80,C4916,OP1126,13.296877,80.18807,Good,89,Running,S096,Active,Normal,0
EQ03085,Excavator,S047,7.5,0.2,49,30.4,92,C3458,OP0590,13.101138,80.027151,Good,95,Running,S047,Active,Normal,0
EQ03086,Skid Steer Loader,S132,6.1,2.2,39,22.6,80,C1282,OP0702,12.995287,79.991613,Good,82,Running,S132,Active,Normal,0
EQ03087,Skid Steer Loader,S095,8.7,2.1,54,24.6,89,C6236,OP0252,13.235938,80.226603,Good,78,Running,S095,Active,Normal,0
EQ03088,Motor Grader,S067,5.5,1.9,87,25.2,88,C3220,OP0955,12.927397,80.109628,Due Soon,78,Running,S067,Active,Normal,0
EQ03089,Motor Grader,S129,6.3,1.1,73,39.4,95,C1606,OP0360,12.948797,80.267065,Due Soon,96,Running,S129,Active,Normal,0
EQ03090,Motor Grader,S123,5.4,2.1,40,36.7,92,C6774,OP0535,12.983773,79.96514,Overdue,68,Running,S123,Active,Normal,0
EQ03091,Excavator,S077,0.5,22.0,55,35.3,82,C2886,OP0480,12.864367,80.302938,Good,5,Idle,S077,Active,High Idle,1
EQ03092,Backhoe Loader,S023,10.9,0.9,94,32.9,92,C3223,OP0212,13.206094,80.24743,Due Soon,67,Running,S023,Active,Normal,0
EQ03093,Wheel Loader,S113,10.6,2.5,65,14.7,89,C5174,OP0231,13.006366,80.308743,Good,76,Running,S113,Active,Normal,0
EQ03094,Backhoe Loader,S004,7.6,1.6,67,39.5,83,C4553,OP0045,13.00189,80.007952,Good,83,Running,S004,Active,Normal,0
EQ03095,Motor Grader,S047,8.6,2.7,81,24.0,95,C6755,OP0169,13.298603,80.189514,Good,86,Running,S047,Active,Normal,0
EQ03096,Excavator,S102,6.5,1.4,91,16.6,83,C9862,OP1135,13.346472,80.388604,Due Soon,78,Running,S102,Active,Normal,0
EQ03097,Skid Steer Loader,S091,10.9,2.6,62,27.8,86,C5230,OP0916,13.300042,80.302841,Good,87,Running,S091,Active,Normal,0
EQ03098,Skid Steer Loader,S119,10.0,2.9,72,32.8,98,C6851,OP0052,12.838857,80.102458,Good,95,Running,S119,Active,Normal,0
EQ03099,Motor Grader,S111,10.4,2.5,48,16.2,100,C3882,OP0169,12.836325,80.39531,Good,87,Running,S111,Active,Normal,0
EQ03100,Wheel Loader,S119,7.1,3.0,89,12.4,86,C8633,OP0913,13.096287,80.313147,Good,71,Running,S119,Active,Normal,0
EQ03101,Wheel Loader,S115,5.9,0.0,55,33.7,96,C7365,OP0517,12.796996,80.396658,Good,96,Running,S115,Active,Normal,0
EQ03102,Bulldozer,S097,7.3,0.8,53,35.7,80,C2409,OP1031,12.864321,80.117721,Good,86,Running,S097,Active,Normal,0
EQ03103,Backhoe Loader,S109,10.4,2.1,36,33.2,80,C3132,OP0324,12.708505,80.027854,Good,67,Running,S138,Active,Wrong Site,1
EQ03104,Excavator,S023,5.5,2.9,88,19.7,95,C7858,OP0974,13.293633,79.993147,Due Soon,98,Running,S023,Active,Normal,0
EQ03105,Skid Steer Loader,S099,6.3,2.2,95,30.4,95,C5225,OP0155,12.991166,80.093695,Good,75,Running,S065,Active,Wrong Site,1
EQ03106,Bulldozer,S018,6.5,0.0,86,38.6,87,C8843,OP0747,13.100876,80.340057,Good,69,Running,S018,Active,Normal,0
EQ03107,Wheel Loader,S119,7.4,0.7,64,25.3,86,C1599,OP0654,13.067629,80.0548,Good,71,Running,S119,Active,Normal,0
EQ03108,Wheel Loader,S130,10.6,1.9,52,21.1,98,C4586,OP0528,12.766467,80.279035,Good,73,Running,S130,Active,Normal,0
EQ03109,Backhoe Loader,S045,10.2,2.7,58,16.3,83,C7647,OP0873,13.293838,80.310889,Good,73,Running,S045,Active,Normal,0
EQ03110,Excavator,S124,8.3,0.3,71,35.3,82,C4847,OP0472,13.016645,80.14566,Good,86,Running,S124,Active,Normal,0
EQ03111,Dump Truck,S037,7.4,1.2,57,31.0,94,C4201,OP1041,13.259515,80.252448,Good,81,Running,S037,Active,Normal,0
EQ03112,Bulldozer,S063,8.2,0.5,81,38.1,91,C5514,OP0522,12.965218,80.072196,Good,72,Running,S063,Active,Normal,0
EQ03113,Bulldozer,S011,9.7,0.8,78,37.2,97,C3505,OP0525,13.34749,80.200719,Due Soon,68,Running,S011,Active,Normal,0
EQ03114,Skid Steer Loader,S044,7.1,1.6,35,25.1,99,C2596,OP0014,13.062529,80.368827,Good,88,Running,S044,Active,Normal,0
EQ03115,Excavator,S013,8.3,2.5,44,165.0,83,C7016,OP1171,13.336469,80.072375,Good,98,Running,S013,Active,Distance Spike,1
EQ03116,Backhoe Loader,S091,11.0,0.8,73,27.7,96,C1325,OP0771,12.987257,80.030825,Due Soon,98,Running,S091,Active,Normal,0
EQ03117,Backhoe Loader,S034,9.6,1.5,71,30.1,90,C6177,OP0621,13.177082,80.011658,Good,91,Running,S034,Active,Normal,0
EQ03118,Backhoe Loader,S005,6.1,2.5,62,33.1,81,C6795,OP0591,13.097129,80.398123,Good,68,Running,S005,Active,Normal,0
EQ03119,Skid Steer Loader,S150,8.8,0.1,59,36.8,85,C5391,OP0827,13.035102,80.383512,Due Soon,76,Running,S150,Active,Normal,0
EQ03120,Motor Grader,S033,6.6,0.3,79,20.7,95,C9645,OP0291,13.265942,80.326063,Good,92,Running,S033,Active,Normal,0
EQ03121,Skid Steer Loader,S141,9.1,1.2,70,23.3,99,C8636,OP0874,12.855341,80.322098,Good,73,Running,S141,Active,Normal,0
EQ03122,Wheel Loader,S076,9.3,1.2,88,19.6,98,C2480,OP1097,13.155028,80.131197,Due Soon,86,Running,S076,Active,Normal,0
EQ03123,Skid Steer Loader,S125,10.5,2.4,50,33.1,91,C2487,OP0537,12.822064,80.269858,Good,70,Running,S125,Active,Normal,0
EQ03124,Motor Grader,S085,9.7,1.6,55,12.5,82,C6175,OP0216,12.945134,80.175379,Due Soon,78,Running,S085,Active,Normal,0
EQ03125,Bulldozer,S050,10.7,2.0,56,16.8,87,C2144,OP0464,13.061926,80.020308,Good,69,Running,S050,Active,Normal,0
EQ03126,Skid Steer Loader,S130,5.0,3.0,65,27.4,92,C1606,OP0043,13.078939,80.212056,Due Soon,93,Running,S130,Active,Normal,0
EQ03127,Excavator,S089,11.0,2.7,66,20.6,85,C7426,OP0353,12.950262,80.276226,Good,75,Running,S089,Active,Normal,0
EQ03128,Wheel Loader,S002,5.6,2.1,86,13.3,83,C9337,OP1021,13.079155,80.287997,Good,97,Running,S002,Active,Normal,0
EQ03129,Backhoe Loader,S099,6.0,2.2,59,31.2,83,C4554,OP0558,12.805752,80.063202,Good,68,Running,S099,Active,Normal,0
EQ03130,Motor Grader,S050,7.7,1.8,38,16.0,99,C1934,OP0082,12.79377,80.289443,Good,70,Running,S050,Active,Normal,0
EQ03131,Motor Grader,S097,7.7,0.3,36,16.1,81,C7302,OP0748,13.250364,80.356466,Good,69,Running,S097,Active,Normal,0
EQ03132,Backhoe Loader,S062,7.5,2.6,95,40.0,99,C4906,OP1168,13.054844,80.178707,Good,95,Running,S062,Active,Normal,0
EQ03133,Dump Truck,S130,10.4,1.9,51,29.2,81,C6250,OP0368,13.196429,80.228745,Overdue,95,Running,S130,Active,Normal,0
EQ03134,Bulldozer,S150,6.9,0.3,58,17.7,88,C7065,OP0543,13.216053,80.376836,Good,94,Running,S150,Active,Normal,0
EQ03135,Dump Truck,S056,7.4,0.4,71,37.6,84,C5016,OP1157,13.086368,80.162214,Good,81,Running,S056,Active,Normal,0
EQ03136,Skid Steer Loader,S119,9.4,2.4,93,38.8,93,C7270,OP0235,13.052817,80.292672,Good,65,Running,S119,Active,Normal,0
EQ03137,Motor Grader,S099,5.8,1.2,79,21.1,92,C3658,OP0917,12.814889,80.020573,Due Soon,75,Running,S099,Active,Normal,0
EQ03138,Excavator,S070,7.8,0.3,58,165.0,80,C7609,OP0781,12.997554,80.221416,Due Soon,98,Running,S070,Active,Distance Spike,1
EQ03139,Backhoe Loader,S021,8.7,2.4,94,37.2,95,C3555,OP0463,13.005415,79.985921,Good,80,Running,S021,Active,Normal,0
EQ03140,Bulldozer,S052,10.7,1.9,93,30.5,85,C4327,OP0877,12.962189,79.953421,Good,90,Running,S052,Active,Normal,0
EQ03141,Wheel Loader,S014,6.3,0.5,77,22.6,90,C8475,OP0230,13.122129,80.231903,Overdue,77,Running,S014,Active,Normal,0
EQ03142,Wheel Loader,S082,8.9,1.9,38,35.5,97,C9102,OP0091,13.211785,80.052097,Good,93,Running,S082,Active,Normal,0
EQ03143,Excavator,S054,7.7,1.4,35,20.2,90,C6620,OP1089,13.093106,80.03261,Good,96,Running,S054,Active,Normal,0
EQ03144,Backhoe Loader,S096,7.2,2.1,46,18.2,88,C6037,OP0061,12.749443,79.963395,Good,80,Running,S096,Active,Normal,0
EQ03145,Wheel Loader,S022,8.5,2.0,82,28.2,84,C2153,OP0064,12.966456,80.253593,Due Soon,94,Running,S022,Active,Normal,0
EQ03146,Wheel Loader,S124,5.0,1.3,78,39.9,98,C7853,OP0254,12.80786,80.154617,Good,95,Running,S124,Active,Normal,0
EQ03147,Backhoe Loader,S004,10.1,2.4,74,29.5,92,C3299,OP0068,13.203502,80.147935,Good,89,Running,S004,Active,Normal,0
EQ03148,Bulldozer,S143,8.9,1.0,81,33.2,96,C7076,OP0616,13.065891,80.168128,Good,96,Running,S143,Active,Normal,0
EQ03149,Motor Grader,S086,6.1,0.5,94,29.1,86,C1556,OP0185,13.185545,80.332607,Good,75,Running,S086,Active,Normal,0
EQ03150,Bulldozer,S090,8.9,2.6,68,27.8,83,C2930,OP0320,13.294063,80.050702,Good,89,Running,S090,Active,Normal,0
EQ03151,Motor Grader,S012,6.4,0.9,75,24.2,93,C7946,OP0648,13.315685,80.17336,Good,76,Running,S012,Active,Normal,0
EQ03152,Dump Truck,S132,5.9,1.8,39,165.0,99,C3388,OP1029,12.99081,80.075934,Good,98,Running,S132,Active,Distance Spike,1
EQ03153,Motor Grader,S121,0.5,22.0,91,19.2,98,C9347,OP1065,13.232861,80.363558,Good,5,Idle,S121,Active,High Idle,1
EQ03154,Motor Grader,S088,6.8,1.1,57,27.4,99,C3251,OP0937,13.255563,80.061317,Due Soon,70,Running,S088,Active,Normal,0
EQ03155,Dump Truck,S056,7.2,2.6,91,35.9,95,C6717,OP1191,12.917053,80.024667,Good,74,Running,S056,Active,Normal,0
EQ03156,Dump Truck,S017,9.5,2.2,39,39.9,91,C8733,OP0215,13.033525,80.03053,Due Soon,65,Running,S017,Active,Normal,0
EQ03157,Wheel Loader,S046,10.0,1.1,93,165.0,83,C2845,OP0437,12.883407,80.342741,Good,98,Running,S046,Active,Distance Spike,1
EQ03158,Dump Truck,S121,6.1,1.5,94,25.0,96,C5751,OP0863,12.798016,80.134279,Good,77,Running,S121,Active,Normal,0
EQ03159,Motor Grader,S051,11.0,2.0,52,38.0,80,C2783,OP0264,13.308957,80.188422,Good,68,Running,S051,Active,Normal,0
EQ03160,Wheel Loader,S119,7.1,1.0,94,13.9,84,C6121,OP0834,13.327882,80.097765,Good,92,Running,S119,Active,Normal,0
EQ03161,Excavator,S082,10.4,2.1,88,30.8,84,C1982,OP0392,13.3214,80.346505,Good,74,Running,S082,Active,Normal,0
EQ03162,Backhoe Loader,S001,6.7,0.9,88,12.6,83,C6503,OP0621,12.905247,80.046262,Overdue,72,Running,S001,Active,Normal,0
EQ03163,Skid Steer Loader,S022,8.7,2.2,77,25.3,95,C5452,OP0425,12.846364,80.048274,Good,70,Running,S022,Active,Normal,0
EQ03164,Wheel Loader,S134,8.9,1.1,50,22.5,80,C2659,OP0678,13.285073,79.966494,Good,74,Running,S134,Active,Normal,0
EQ03165,Bulldozer,S010,5.4,1.0,85,15.7,87,C7821,OP1110,12.920793,80.34185,Good,80,Running,S010,Active,Normal,0
EQ03166,Excavator,S137,8.5,1.1,86,13.5,89,C3622,OP0195,13.020466,80.227324,Overdue,65,Running,S137,Active,Normal,0
EQ03167,Motor Grader,S132,10.5,0.1,44,26.9,94,C1464,OP0448,13.178044,79.952029,Good,92,Running,S132,Active,Normal,0
EQ03168,Backhoe Loader,S106,9.6,0.5,82,27.2,92,C6921,OP1015,13.124986,80.010969,Good,68,Running,S106,Active,Normal,0
EQ03169,Motor Grader,S016,9.4,2.6,42,12.3,96,C6344,OP0523,13.111082,80.303147,Good,72,Running,S016,Active,Normal,0
EQ03170,Wheel Loader,S083,7.0,2.3,44,32.6,83,C5119,OP0496,12.791904,80.352091,Good,78,Running,S083,Active,Normal,0
EQ03171,Backhoe Loader,S049,7.0,1.1,67,12.1,97,C1768,OP0755,12.758982,80.166215,Good,66,Running,S049,Active,Normal,0
EQ03172,Dump Truck,S146,7.3,2.9,44,35.0,92,C3269,OP0554,12.71529,80.280924,Good,70,Running,S146,Active,Normal,0
EQ03173,Motor Grader,S124,10.4,2.8,70,21.4,81,C6542,OP0781,13.021576,80.184741,Good,91,Running,S124,Active,Normal,0
EQ03174,Wheel Loader,S125,10.6,2.8,81,37.6,92,C1463,OP0239,13.025234,80.073461,Good,92,Running,S125,Active,Normal,0
EQ03175,Dump Truck,S035,10.1,1.0,35,12.5,85,C4001,OP1120,13.129723,80.194303,Good,75,Running,S035,Active,Normal,0
EQ03176,Bulldozer,S016,5.6,3.0,54,17.5,84,C3336,OP0522,12.75321,80.151764,Good,78,Running,S016,Active,Normal,0
EQ03177,Skid Steer Loader,S120,7.1,0.4,92,38.5,88,C6060,OP0741,13.020819,80.002043,Good,67,Running,S018,Active,Wrong Site,1
EQ03178,Bulldozer,S149,8.2,1.1,67,19.8,84,C9338,OP0152,12.714571,80.082177,Good,81,Running,S149,Active,Normal,0
EQ03179,Excavator,S086,7.7,0.8,65,30.5,85,C8866,OP1125,13.307306,80.376686,Good,74,Running,S086,Active,Normal,0
EQ03180,Dump Truck,S090,5.3,2.5,84,39.8,80,C5225,OP0583,13.21392,80.101251,Due Soon,71,Running,S090,Active,Normal,0
EQ03181,Skid Steer Loader,S023,7.5,0.6,38,16.6,84,C7130,OP0730,12.752958,80.204772,Good,83,Running,S023,Active,Normal,0
EQ03182,Dump Truck,S023,7.7,0.6,72,38.0,100,C9550,OP0028,12.808517,80.109601,Good,88,Running,S023,Active,Normal,0
EQ03183,Skid Steer Loader,S104,6.8,0.1,43,15.4,94,C2217,OP0165,12.756463,80.159704,Good,96,Running,S104,Active,Normal,0
EQ03184,Skid Steer Loader,S116,7.8,0.9,48,19.9,80,C1695,OP0357,13.167273,80.193941,Good,81,Running,S116,Active,Normal,0
EQ03185,Skid Steer Loader,S042,6.4,2.5,42,15.4,89,C3979,OP0142,12.822424,79.967953,Good,98,Running,S042,Active,Normal,0
EQ03186,Motor Grader,S024,9.9,0.1,59,31.2,90,C3538,OP0880,13.293509,80.167377,Good,70,Running,S024,Active,Normal,0
EQ03187,Bulldozer,S099,6.5,0.1,93,32.8,83,C7881,OP0094,13.129582,80.251589,Good,83,Running,S099,Active,Normal,0
EQ03188,Dump Truck,S082,6.4,0.9,39,31.1,94,C3477,OP0740,13.172238,80.247495,Good,96,Running,S082,Active,Normal,0
EQ03189,Wheel Loader,S137,9.4,1.9,61,37.1,91,C8952,OP0669,13.153041,80.160214,Good,90,Running,S137,Active,Normal,0
EQ03190,Skid Steer Loader,S038,10.7,2.4,51,26.3,94,C1987,OP0850,12.733684,80.19545,Good,85,Running,S038,Active,Normal,0
EQ03191,Dump Truck,S019,6.7,2.4,35,18.2,83,C6456,OP0043,13.262582,80.306995,Good,88,Running,S019,Active,Normal,0
EQ03192,Skid Steer Loader,S130,6.1,1.1,45,19.4,85,C2235,OP0213,13.301097,80.056627,Good,70,Running,S130,Active,Normal,0
EQ03193,Dump Truck,S104,7.6,1.0,88,23.1,81,C2370,OP0183,12.835919,80.324525,Good,96,Running,S104,Active,Normal,0
EQ03194,Excavator,S103,10.3,0.5,73,33.6,83,C8213,OP0203,12.708279,80.156924,Good,81,Running,S103,Active,Normal,0
EQ03195,Excavator,S105,8.7,2.5,46,36.2,91,C9013,OP1071,12.727962,79.999887,Good,80,Running,S105,Active,Normal,0
EQ03196,Bulldozer,S059,9.2,1.7,74,26.1,91,C3775,OP0853,13.194762,80.035703,Overdue,79,Running,S059,Active,Normal,0
EQ03197,Skid Steer Loader,S116,10.6,2.9,35,14.4,98,C7215,OP0274,13.262787,80.254109,Good,83,Running,S116,Active,Normal,0
EQ03198,Backhoe Loader,S107,9.5,2.8,54,31.3,97,C8752,OP0376,12.91621,80.019571,Due Soon,72,Running,S107,Active,Normal,0
EQ03199,Skid Steer Loader,S080,9.4,1.1,88,26.3,86,C8268,OP1097,12.859507,80.200391,Due Soon,76,Running,S080,Active,Normal,0
EQ03200,Dump Truck,S113,6.2,2.6,52,165.0,82,C6493,OP1013,12.748926,80.006554,Good,98,Running,S113,Active,Distance Spike,1
EQ03201,Wheel Loader,S106,7.2,1.5,73,18.6,28,C1260,OP0616,12.774683,80.058294,Overdue,82,Maintenance,S106,Active,Maintenance Overdue,1
EQ03202,Excavator,S004,10.8,2.6,87,21.6,96,C5164,OP1164,13.078698,80.18785,Good,86,Running,S004,Active,Normal,0
EQ03203,Backhoe Loader,S017,6.9,0.4,66,32.3,80,C5480,OP0799,13.262037,80.044057,Good,84,Running,S017,Active,Normal,0
EQ03204,Skid Steer Loader,S122,10.8,3.0,75,36.2,81,C2605,OP1076,13.178163,79.957104,Good,67,Running,S122,Active,Normal,0
EQ03205,Motor Grader,S097,10.2,2.6,93,15.9,93,C3229,OP0572,12.859043,80.119554,Good,76,Running,S097,Active,Normal,0
EQ03206,Wheel Loader,S096,10.4,2.3,64,17.9,84,C5791,OP0698,12.773127,80.246044,Good,97,Running,S096,Active,Normal,0
EQ03207,Wheel Loader,S051,8.7,0.2,58,17.7,85,C6536,OP0709,13.062315,80.191198,Due Soon,79,Running,S051,Active,Normal,0
EQ03208,Motor Grader,S148,8.5,0.3,45,20.2,80,C5580,OP0023,13.141303,80.05528,Good,83,Running,S148,Active,Normal,0
EQ03209,Bulldozer,S109,9.6,1.2,43,24.0,92,C8478,OP0696,13.135816,80.237201,Good,93,Running,S109,Active,Normal,0
EQ03210,Dump Truck,S145,8.0,0.9,37,28.3,87,C3706,OP0614,12.991237,79.966031,Good,95,Running,S145,Active,Normal,0
EQ03211,Wheel Loader,S106,5.5,1.2,93,29.7,93,C7655,OP1177,12.813871,80.08673,Good,88,Running,S106,Active,Normal,0
EQ03212,Skid Steer Loader,S142,7.3,0.8,93,30.4,92,C3787,OP1150,12.775292,80.118362,Good,75,Running,S142,Active,Normal,0
EQ03213,Wheel Loader,S083,10.8,1.2,89,31.9,81,C2276,OP0880,13.106674,80.184182,Due Soon,82,Running,S083,Active,Normal,0
EQ03214,Excavator,S046,7.8,1.8,46,16.6,80,C2599,OP1080,13.136281,80.140623,Good,94,Running,S046,Active,Normal,0
EQ03215,Motor Grader,S083,9.3,1.3,64,16.9,84,C1796,OP0455,12.945054,79.998366,Due Soon,75,Running,S083,Active,Normal,0
EQ03216,Bulldozer,S132,10.5,2.7,85,38.0,88,C6409,OP0514,12.87849,80.156176,Good,86,Running,S132,Active,Normal,0
EQ03217,Dump Truck,S068,6.5,0.2,53,28.8,96,C8883,OP0949,12.96171,80.368127,Good,82,Running,S068,Active,Normal,0
EQ03218,Motor Grader,S123,10.9,1.7,55,25.3,81,C5753,OP0856,13.170289,80.397899,Due Soon,73,Running,S123,Active,Normal,0
EQ03219,Wheel Loader,S108,8.7,1.2,79,24.2,89,C8064,OP0865,12.741556,80.254677,Due Soon,89,Running,S108,Active,Normal,0
EQ03220,Motor Grader,S094,8.6,0.8,56,13.3,99,C2206,OP0510,12.739212,80.060551,Good,94,Running,S094,Active,Normal,0
EQ03221,Skid Steer Loader,S107,6.8,2.4,38,28.6,85,C1277,OP0537,12.700298,80.025255,Good,85,Running,S107,Active,Normal,0
EQ03222,Skid Steer Loader,S111,8.5,2.4,47,20.5,98,C8058,OP1159,13.023701,80.276903,Good,88,Running,S111,Active,Normal,0
EQ03223,Skid Steer Loader,S120,7.4,1.5,86,31.3,80,C4333,OP0539,13.300517,80.030459,Good,86,Running,S120,Active,Normal,0
EQ03224,Skid Steer Loader,S024,5.3,0.6,46,18.9,85,C3971,OP0774,12.7692,80.234495,Good,86,Running,S024,Active,Normal,0
EQ03225,Motor Grader,S149,9.2,1.1,67,15.3,83,C5215,OP0186,13.206893,80.038753,Good,66,Running,S149,Active,Normal,0
EQ03226,Bulldozer,S079,6.4,1.2,45,35.8,80,C6309,OP0073,12.843585,80.038681,Good,71,Running,S079,Active,Normal,0
EQ03227,Motor Grader,S110,8.5,1.5,68,13.6,90,C4072,OP0805,13.321424,80.386498,Good,66,Running,S110,Active,Normal,0
EQ03228,Excavator,S058,9.5,0.4,92,26.8,89,C1638,OP0423,12.927388,79.978979,Good,87,Running,S058,Active,Normal,0
EQ03229,Excavator,S057,9.1,1.3,67,40.0,91,C6124,OP1118,13.319222,80.32694,Good,93,Running,S057,Active,Normal,0
EQ03230,Dump Truck,S019,6.4,2.5,84,16.8,84,C9792,OP0348,12.786829,80.259373,Good,96,Running,S019,Active,Normal,0
EQ03231,Wheel Loader,S085,8.7,2.3,80,21.7,91,C5852,OP1117,13.341275,80.090071,Good,78,Running,S085,Active,Normal,0
EQ03232,Bulldozer,S115,6.9,2.7,94,28.4,98,C6685,OP0007,12.770342,80.398381,Good,66,Running,S115,Active,Normal,0
EQ03233,Skid Steer Loader,S126,5.5,1.2,51,21.8,88,C4321,OP0167,12.874279,80.169246,Good,65,Running,S126,Active,Normal,0
EQ03234,Excavator,S033,7.2,2.1,46,26.7,84,C8003,OP0053,13.122065,80.227341,Due Soon,85,Running,S033,Active,Normal,0
EQ03235,Dump Truck,S008,9.3,1.7,75,24.4,85,C2541,OP0335,12.836205,80.215317,Good,68,Running,S075,Active,Wrong Site,1
EQ03236,Dump Truck,S118,10.3,1.7,55,28.5,85,C6438,OP0081,12.710242,79.973575,Good,76,Running,S118,Active,Normal,0
EQ03237,Excavator,S004,7.8,0.5,88,14.4,86,C3779,OP0566,13.10209,80.190206,Good,72,Running,S004,Active,Normal,0
EQ03238,Backhoe Loader,S027,8.0,0.8,57,21.6,89,C8374,OP0514,13.295209,80.104084,Good,68,Running,S027,Active,Normal,0
EQ03239,Excavator,S052,10.3,0.2,92,14.6,89,C5941,OP0119,12.982029,80.389397,Good,70,Running,S052,Active,Normal,0
EQ03240,Motor Grader,S005,10.8,1.7,45,16.4,88,C9662,OP1137,12.811891,80.008287,Good,80,Running,S005,Active,Normal,0
EQ03241,Wheel Loader,S011,7.1,0.4,89,14.6,85,C5393,OP0591,12.857677,80.212777,Due Soon,68,Running,S011,Active,Normal,0
EQ03242,Bulldozer,S135,5.3,1.0,89,29.8,80,C9841,OP0112,12.927323,80.385622,Good,76,Running,S135,Active,Normal,0
EQ03243,Dump Truck,S035,8.7,16.0,37,39.4,82,C8168,OP1150,13.282849,80.190111,Due Soon,8,Idle,S035,Active,Low Utilization,1
EQ03244,Motor Grader,S091,5.4,2.1,80,39.3,81,C6728,OP0484,12.99925,80.360078,Good,79,Running,S091,Active,Normal,0
EQ03245,Motor Grader,S150,10.7,1.4,67,24.0,88,C2559,OP0724,13.24447,80.266142,Good,74,Running,S150,Active,Normal,0
EQ03246,Dump Truck,S018,6.3,0.6,84,35.1,84,C5901,OP0043,13.109719,79.963996,Due Soon,91,Running,S018,Active,Normal,0
EQ03247,Excavator,S038,10.4,2.0,93,14.7,87,C9169,OP1106,12.910392,80.265696,Good,69,Running,S038,Active,Normal,0
EQ03248,Dump Truck,S134,10.4,2.2,87,32.0,95,C3284,OP0949,12.930609,80.149534,Good,92,Running,S134,Active,Normal,0
EQ03249,Dump Truck,S123,5.2,2.8,68,39.2,89,C4582,OP1080,12.724397,80.260418,Good,97,Running,S123,Active,Normal,0
EQ03250,Excavator,S088,5.4,2.8,82,26.5,84,C2599,OP1079,12.706035,80.038695,Good,79,Running,S088,Active,Normal,0
EQ03251,Excavator,S088,7.9,0.0,77,18.6,82,C4329,OP0443,13.346058,80.301637,Good,76,Running,S088,Active,Normal,0
EQ03252,Skid Steer Loader,S033,9.6,1.7,51,28.0,100,C1228,OP0288,13.235945,80.233571,Good,94,Running,S033,Active,Normal,0
EQ03253,Skid Steer Loader,S130,7.6,0.5,88,12.3,95,C4450,OP1137,13.304162,80.127689,Good,71,Running,S130,Active,Normal,0
EQ03254,Bulldozer,S029,7.0,0.7,81,13.9,96,C6103,OP1105,13.027782,80.272907,Good,66,Running,S029,Active,Normal,0
EQ03255,Excavator,S019,10.5,1.7,65,20.3,96,C2960,OP0214,13.263393,80.188916,Good,79,Running,S019,Active,Normal,0
EQ03256,Wheel Loader,S012,5.9,1.1,82,38.5,86,C8374,OP0900,12.856501,80.040138,Good,72,Running,S012,Active,Normal,0
EQ03257,Skid Steer Loader,S134,6.6,0.2,89,23.9,86,C3778,OP1150,13.305215,80.371073,Good,84,Running,S134,Active,Normal,0
EQ03258,Dump Truck,S124,8.3,0.8,50,38.8,84,C1884,OP0335,13.341826,80.032841,Good,71,Running,S124,Active,Normal,0
EQ03259,Excavator,S049,5.3,1.9,95,25.6,86,C3638,OP0210,12.768858,80.363996,Good,77,Running,S049,Active,Normal,0
EQ03260,Skid Steer Loader,S092,10.8,0.9,85,38.3,98,C3034,OP0142,12.864204,79.996772,Due Soon,96,Running,S132,Active,Wrong Site,1
EQ03261,Dump Truck,S105,9.5,2.7,91,18.6,100,C7180,OP0216,12.714045,80.031345,Due Soon,75,Running,S105,Active,Normal,0
EQ03262,Wheel Loader,S132,9.4,2.4,43,35.0,88,C9500,OP0280,12.890281,80.003564,Good,72,Running,S132,Active,Normal,0
EQ03263,Excavator,S006,8.8,0.2,82,39.1,98,C8233,OP0834,12.969831,80.094298,Good,66,Running,S006,Active,Normal,0
EQ03264,Motor Grader,S001,6.8,2.4,73,15.3,100,C4028,OP1119,12.992702,80.286961,Good,92,Running,S001,Active,Normal,0
EQ03265,Excavator,S046,7.9,0.5,43,38.9,82,C3745,OP0385,13.138208,80.168187,Due Soon,74,Running,S046,Active,Normal,0
EQ03266,Dump Truck,S005,9.1,0.9,87,25.5,93,C1529,OP0878,12.994726,80.026636,Good,87,Running,S005,Active,Normal,0
EQ03267,Motor Grader,S053,7.7,1.8,92,38.5,92,C7698,OP0003,12.927318,80.098766,Good,65,Running,S053,Active,Normal,0
EQ03268,Wheel Loader,S103,5.3,1.1,74,19.4,89,C1832,OP0500,12.895959,80.251303,Due Soon,65,Running,S103,Active,Normal,0
EQ03269,Backhoe Loader,S083,6.2,2.3,93,20.6,83,C8499,OP0133,13.013296,80.198698,Good,82,Running,S083,Active,Normal,0
EQ03270,Motor Grader,S032,5.7,2.1,43,21.0,89,C9654,OP0367,12.799327,80.18924,Overdue,97,Running,S032,Active,Normal,0
EQ03271,Wheel Loader,S124,6.9,1.3,50,39.8,89,C3843,OP1179,13.206184,80.030949,Good,69,Running,S124,Active,Normal,0
EQ03272,Motor Grader,S076,9.6,1.4,80,37.9,100,C9570,OP0191,13.134952,79.990422,Due Soon,89,Running,S076,Active,Normal,0
EQ03273,Excavator,S087,0.5,22.0,41,14.9,99,C1858,OP0193,13.105622,80.388765,Good,5,Idle,S087,Active,High Idle,1
EQ03274,Wheel Loader,S107,7.8,0.5,66,27.5,82,C7695,OP0175,13.087102,80.324546,Good,89,Running,S107,Active,Normal,0
EQ03275,Skid Steer Loader,S137,0.5,22.0,40,37.8,99,C9543,OP0228,12.776459,80.099751,Good,5,Idle,S137,Active,High Idle,1
EQ03276,Backhoe Loader,S011,10.7,1.6,66,33.8,88,C5284,OP0626,12.987459,80.310097,Good,79,Running,S011,Active,Normal,0
EQ03277,Dump Truck,S125,10.4,2.8,88,13.8,93,C4898,OP0252,13.312432,80.063088,Good,89,Running,S125,Active,Normal,0
EQ03278,Bulldozer,S093,8.9,0.1,43,22.4,96,C2003,OP0070,13.287909,80.168865,Good,68,Running,S093,Active,Normal,0
EQ03279,Dump Truck,S102,8.6,3.0,95,24.0,87,C9924,OP0411,13.203286,80.230534,Good,66,Running,S102,Active,Normal,0
EQ03280,Wheel Loader,S007,9.9,2.7,72,28.3,81,C6449,OP0262,13.009709,80.381132,Good,77,Running,S007,Active,Normal,0
EQ03281,Backhoe Loader,S058,8.5,0.1,37,30.0,84,C4246,OP1042,12.809754,80.150985,Good,66,Running,S058,Active,Normal,0
EQ03282,Wheel Loader,S120,5.6,2.4,56,13.8,84,C6193,OP0100,13.073664,80.181067,Due Soon,71,Running,S120,Active,Normal,0
EQ03283,Excavator,S078,7.8,0.7,35,34.4,91,C9422,OP0525,13.032265,79.963927,Due Soon,92,Running,S078,Active,Normal,0
EQ03284,Bulldozer,S005,0.5,22.0,40,29.9,87,C4878,OP1134,13.072279,80.230394,Good,5,Idle,S005,Active,High Idle,1
EQ03285,Bulldozer,S002,5.8,0.1,63,26.3,83,C7671,OP0161,12.893016,80.035419,Good,91,Running,S002,Active,Normal,0
EQ03286,Motor Grader,S116,7.2,0.9,77,13.8,99,C6292,OP0752,12.939001,80.309287,Good,83,Running,S148,Active,Wrong Site,1
EQ03287,Backhoe Loader,S062,9.5,1.7,36,18.0,80,C1196,OP0068,12.777318,80.251527,Good,96,Running,S062,Active,Normal,0
EQ03288,Wheel Loader,S057,8.1,1.1,73,16.2,93,C5350,OP1180,13.302108,80.062438,Good,80,Running,S057,Active,Normal,0
EQ03289,Dump Truck,S017,9.3,0.7,39,24.6,90,C3968,OP0347,13.156898,80.088798,Due Soon,95,Running,S017,Active,Normal,0
EQ03290,Skid Steer Loader,S047,9.2,2.3,90,33.5,80,C8825,OP0147,12.850448,80.071406,Overdue,85,Running,S047,Active,Normal,0
EQ03291,Dump Truck,S061,8.2,2.4,65,22.5,84,C8465,OP0417,13.318079,80.342903,Good,93,Running,S061,Active,Normal,0
EQ03292,Excavator,S042,8.9,2.7,61,16.7,85,C4879,OP0898,12.960026,80.180013,Good,80,Running,S042,Active,Normal,0
EQ03293,Skid Steer Loader,S079,6.1,0.8,46,28.1,96,C2185,OP0361,13.067196,80.320479,Good,78,Running,S079,Active,Normal,0
EQ03294,Dump Truck,S111,8.5,2.2,36,38.5,80,C7300,OP1144,12.822551,80.079533,Due Soon,90,Running,S111,Active,Normal,0
EQ03295,Motor Grader,S102,8.6,2.3,50,18.2,91,C3709,OP0757,12.919141,80.300898,Good,96,Running,S102,Active,Normal,0
EQ03296,Bulldozer,S067,5.9,0.3,44,22.3,97,C9395,OP1020,12.820198,80.197331,Due Soon,74,Running,S067,Active,Normal,0
EQ03297,Excavator,S089,5.7,0.2,85,31.4,82,C7354,OP0545,12.884332,79.975472,Good,95,Running,S089,Active,Normal,0
EQ03298,Skid Steer Loader,S097,7.6,1.6,64,23.8,88,C6155,OP0337,12.918293,80.314657,Overdue,97,Running,S097,Active,Normal,0
EQ03299,Backhoe Loader,S146,5.5,0.0,52,16.0,99,C3922,OP0458,13.229175,80.364003,Due Soon,72,Running,S146,Active,Normal,0
EQ03300,Backhoe Loader,S050,8.7,0.3,83,16.3,88,C3200,OP0396,12.763977,79.996259,Good,80,Running,S050,Active,Normal,0
EQ03301,Motor Grader,S011,5.5,0.3,59,17.7,86,C1730,OP0195,13.262372,80.345797,Good,76,Running,S011,Expired,Contract Expired,1
EQ03302,Backhoe Loader,S112,6.7,0.9,39,12.7,85,C4552,OP1101,12.810966,80.05902,Good,84,Running,S112,Active,Normal,0
EQ03303,Backhoe Loader,S030,8.5,1.6,72,12.0,97,C1267,OP0452,13.05358,80.271282,Good,94,Running,S030,Active,Normal,0
EQ03304,Excavator,S115,6.0,2.7,84,25.9,93,C4919,OP0440,13.188927,80.285779,Good,70,Running,S115,Active,Normal,0
EQ03305,Skid Steer Loader,S079,8.2,2.3,79,24.2,80,C2479,OP0452,12.782529,80.078432,Good,88,Running,S079,Active,Normal,0
EQ03306,Excavator,S063,11.0,2.4,72,21.1,94,C7176,OP0522,13.142995,80.342226,Good,76,Running,S063,Active,Normal,0
EQ03307,Backhoe Loader,S015,10.2,1.4,41,16.3,94,C2706,OP0933,12.702434,79.956211,Due Soon,73,Running,S015,Active,Normal,0
EQ03308,Motor Grader,S041,9.3,1.5,83,18.3,98,C8564,OP0015,13.18474,80.182497,Due Soon,74,Running,S041,Active,Normal,0
EQ03309,Skid Steer Loader,S034,8.2,1.6,87,24.1,91,C7012,OP0358,13.138673,80.196619,Good,90,Running,S034,Active,Normal,0
EQ03310,Backhoe Loader,S056,10.3,2.2,48,31.9,85,C6523,OP0478,13.001747,80.046193,Due Soon,68,Running,S056,Active,Normal,0
EQ03311,Wheel Loader,S064,10.4,0.8,55,13.4,90,C9873,OP0618,12.8465,80.137182,Good,65,Running,S064,Active,Normal,0
EQ03312,Dump Truck,S069,7.7,2.9,64,29.5,92,C1002,OP0125,12.836392,80.281043,Due Soon,70,Running,S069,Active,Normal,0
EQ03313,Excavator,S014,6.0,1.1,82,22.4,84,C7406,OP0129,13.247347,79.98478,Good,73,Running,S014,Active,Normal,0
EQ03314,Wheel Loader,S146,8.9,2.8,45,38.2,86,C9761,OP0371,13.296342,80.249834,Good,98,Running,S146,Active,Normal,0
EQ03315,Excavator,S083,5.3,0.8,85,18.1,97,C1680,OP0921,13.050051,80.125347,Good,87,Running,S083,Active,Normal,0
EQ03316,Backhoe Loader,S057,8.8,1.5,80,33.6,81,C4936,OP0259,12.778697,80.126071,Good,89,Running,S057,Active,Normal,0
EQ03317,Backhoe Loader,S100,5.4,2.0,61,15.1,82,C5031,OP0188,12.775003,80.324677,Good,76,Running,S100,Active,Normal,0
EQ03318,Backhoe Loader,S053,9.0,1.7,47,27.9,82,C5085,OP0502,12.916306,80.018124,Good,68,Running,S053,Active,Normal,0
EQ03319,Motor Grader,S129,10.2,2.6,43,28.3,96,C5008,OP0970,13.229537,80.140252,Good,90,Running,S129,Active,Normal,0
EQ03320,Motor Grader,S023,9.2,1.7,92,37.3,92,C7549,OP1166,13.251057,80.255779,Good,95,Running,S023,Active,Normal,0
EQ03321,Motor Grader,S093,5.1,3.0,66,33.6,80,C9120,OP0200,12.72451,80.188428,Due Soon,88,Running,S093,Active,Normal,0
EQ03322,Skid Steer Loader,S028,5.4,0.6,61,35.4,83,C5265,OP1068,12.898658,79.954749,Good,69,Running,S028,Active,Normal,0
EQ03323,Dump Truck,S035,6.4,2.2,94,30.7,85,C8379,OP0566,13.19399,80.161549,Good,76,Running,S035,Active,Normal,0
EQ03324,Skid Steer Loader,S055,8.1,1.2,60,35.6,100,C2027,OP0744,13.118493,80.368874,Good,65,Running,S055,Active,Normal,0
EQ03325,Bulldozer,S112,10.2,1.2,47,38.4,90,C4029,OP0050,13.225438,80.027725,Good,75,Running,S112,Active,Normal,0
EQ03326,Motor Grader,S148,9.3,2.1,35,19.2,95,C4683,OP0320,12.774459,80.224072,Good,76,Running,S148,Active,Normal,0
EQ03327,Dump Truck,S087,6.4,2.8,70,29.8,84,C4040,OP0126,12.996502,80.044174,Good,86,Running,S087,Active,Normal,0
EQ03328,Excavator,S065,6.1,2.1,5,18.0,94,C2063,OP0827,13.316003,80.2452,Good,96,Running,S065,Active,Fuel Anomaly,1
EQ03329,Skid Steer Loader,S063,7.4,2.5,67,33.5,100,C6135,OP1184,12.796498,80.068046,Good,72,Running,S063,Active,Normal,0
EQ03330,Skid Steer Loader,S029,7.9,2.3,39,19.4,96,C4693,OP0839,13.267464,80.199252,Good,96,Running,S029,Active,Normal,0
EQ03331,Skid Steer Loader,S039,10.8,0.6,75,14.5,91,C9032,,13.203491,80.250167,Good,66,Running,S039,Active,Missing Operator,1
EQ03332,Bulldozer,S089,8.4,1.1,45,39.0,94,C3636,OP0375,12.831454,80.188537,Good,97,Running,S089,Active,Normal,0
EQ03333,Motor Grader,S116,7.5,0.5,68,25.5,90,C1934,OP0862,13.300316,80.277539,Due Soon,67,Running,S116,Active,Normal,0
EQ03334,Motor Grader,S016,8.2,1.2,73,13.1,81,C2239,OP0388,12.790595,80.191127,Good,70,Running,S016,Active,Normal,0
EQ03335,Motor Grader,S004,8.0,2.1,91,18.9,85,C4608,OP0659,12.737165,80.356734,Good,75,Running,S004,Active,Normal,0
EQ03336,Backhoe Loader,S069,7.4,0.7,39,17.3,96,C3920,OP0775,13.217284,80.081849,Good,94,Running,S069,Active,Normal,0
EQ03337,Motor Grader,S106,9.4,0.9,61,39.3,94,C2948,OP1020,13.10179,80.096828,Due Soon,71,Running,S106,Active,Normal,0
EQ03338,Motor Grader,S065,9.9,1.8,56,18.7,85,C9593,OP0884,12.895239,80.196516,Good,85,Running,S065,Active,Normal,0
EQ03339,Backhoe Loader,S136,11.0,2.6,46,37.1,100,C5603,OP0726,12.915997,80.04454,Good,71,Running,S136,Active,Normal,0
EQ03340,Motor Grader,S093,7.3,2.9,58,34.8,83,C8954,OP0384,13.316814,80.105847,Overdue,65,Running,S093,Active,Normal,0
EQ03341,Bulldozer,S015,10.2,1.5,81,37.7,92,C9241,OP0249,12.816651,80.105271,Good,66,Running,S015,Active,Normal,0
EQ03342,Excavator,S101,5.2,1.0,92,27.7,85,C9529,OP0553,12.902368,80.188217,Good,69,Running,S101,Active,Normal,0
EQ03343,Bulldozer,S017,5.9,0.8,94,19.3,95,C2953,OP0840,13.154849,80.366032,Good,93,Running,S017,Active,Normal,0
EQ03344,Wheel Loader,S037,10.6,1.9,93,29.8,96,C7481,OP0543,13.239624,80.178405,Good,79,Running,S037,Active,Normal,0
EQ03345,Skid Steer Loader,S125,7.5,1.8,51,30.5,91,C7916,OP0803,12.806107,79.980704,Good,72,Running,S125,Active,Normal,0
EQ03346,Motor Grader,S125,5.2,0.3,39,25.4,93,C7463,OP0070,13.162073,80.23164,Good,66,Running,S125,Active,Normal,0
EQ03347,Wheel Loader,S102,6.4,1.3,64,34.5,95,C6196,OP0243,12.72815,80.394622,Good,68,Running,S102,Active,Normal,0
EQ03348,Excavator,S147,9.6,2.3,89,14.3,94,C5768,OP0933,12.883484,80.338571,Good,72,Running,S147,Active,Normal,0
EQ03349,Skid Steer Loader,S035,5.3,0.3,65,19.8,86,C9899,OP1009,13.069951,79.972074,Good,80,Running,S035,Active,Normal,0
EQ03350,Excavator,S028,8.5,16.0,76,39.2,89,C2442,OP0117,13.012594,80.129464,Good,8,Idle,S028,Active,Low Utilization,1
EQ03351,Backhoe Loader,S007,5.1,0.3,77,39.6,82,C4257,OP0266,13.08021,79.976934,Good,88,Running,S007,Active,Normal,0
EQ03352,Dump Truck,S032,10.9,2.3,95,34.9,90,C8173,OP0814,13.076924,80.271233,Good,78,Running,S032,Active,Normal,0
EQ03353,Bulldozer,S077,7.4,1.5,93,24.5,99,C1601,OP0751,12.759889,80.089234,Good,77,Running,S077,Active,Normal,0
EQ03354,Bulldozer,S139,9.2,2.6,39,21.5,93,C2633,OP0489,12.744941,80.399147,Good,71,Running,S139,Active,Normal,0
EQ03355,Dump Truck,S102,9.5,1.4,40,26.9,93,C8914,OP0912,13.283082,79.952875,Good,96,Running,S102,Active,Normal,0
EQ03356,Excavator,S144,9.6,2.9,79,34.8,82,C4553,OP0645,12.989875,80.110878,Due Soon,92,Running,S144,Active,Normal,0
EQ03357,Dump Truck,S083,8.9,1.3,88,31.8,97,C4040,OP0751,12.790299,80.07926,Due Soon,78,Running,S090,Active,Wrong Site,1
EQ03358,Excavator,S052,5.4,2.6,66,27.6,89,C4429,OP0866,12.927208,80.347786,Good,85,Running,S052,Active,Normal,0
EQ03359,Motor Grader,S059,9.7,2.9,61,37.8,98,C7790,OP0186,12.982621,80.000887,Good,78,Running,S059,Active,Normal,0
EQ03360,Wheel Loader,S009,8.2,0.5,53,31.3,91,C7297,OP0609,12.714706,80.215413,Good,72,Running,S009,Active,Normal,0
EQ03361,Bulldozer,S096,10.4,0.7,95,32.0,93,C3391,OP0246,12.762117,80.172321,Good,91,Running,S096,Active,Normal,0
EQ03362,Dump Truck,S119,9.6,2.3,45,14.6,93,C7978,OP1186,13.166663,80.149894,Good,78,Running,S119,Active,Normal,0
EQ03363,Skid Steer Loader,S095,8.3,0.9,88,32.3,90,C6167,OP1109,12.851874,80.068667,Good,97,Running,S095,Active,Normal,0
EQ03364,Dump Truck,S120,10.1,2.9,46,30.3,84,C1710,OP0618,12.763548,80.038569,Due Soon,78,Running,S120,Expired,Contract Expired,1
EQ03365,Bulldozer,S010,10.6,2.1,84,27.4,80,C5827,OP0820,13.11982,79.963254,Good,76,Running,S010,Active,Normal,0
EQ03366,Wheel Loader,S071,10.3,1.3,42,25.5,86,C8077,OP0695,13.168755,80.268307,Good,79,Running,S071,Active,Normal,0
EQ03367,Skid Steer Loader,S107,9.4,1.2,44,14.4,97,C2098,OP0965,12.94699,80.248317,Good,68,Running,S107,Active,Normal,0
EQ03368,Motor Grader,S079,6.7,1.4,64,19.5,85,C1366,OP1008,12.840884,80.278232,Due Soon,92,Running,S079,Active,Normal,0
EQ03369,Wheel Loader,S117,10.9,2.3,79,34.4,82,C9454,OP1113,12.838778,80.104408,Good,95,Running,S117,Active,Normal,0
EQ03370,Bulldozer,S051,7.0,2.1,80,25.0,82,C7349,OP1186,13.253185,80.345623,Good,66,Running,S051,Active,Normal,0
EQ03371,Dump Truck,S038,6.8,2.1,85,34.6,88,C5465,OP0811,13.149585,80.344077,Due Soon,66,Running,S038,Active,Normal,0
EQ03372,Backhoe Loader,S001,9.6,0.6,54,17.3,96,C7146,OP0984,12.848046,80.225631,Due Soon,75,Running,S001,Active,Normal,0
EQ03373,Dump Truck,S132,8.4,1.4,42,37.1,92,C1723,OP0214,13.207777,80.335892,Overdue,94,Running,S132,Active,Normal,0
EQ03374,Backhoe Loader,S029,9.7,2.9,59,19.1,87,C5169,OP1170,13.194958,80.130124,Good,69,Running,S029,Active,Normal,0
EQ03375,Skid Steer Loader,S063,9.1,1.4,36,31.0,95,C6116,OP1065,13.0258,80.317155,Good,79,Running,S063,Active,Normal,0
EQ03376,Bulldozer,S123,5.5,1.6,71,24.0,100,C6991,OP0271,13.289686,80.237818,Good,70,Running,S123,Active,Normal,0
EQ03377,Motor Grader,S074,11.0,1.5,59,21.6,88,C3198,OP1001,12.760104,79.961596,Good,74,Running,S074,Active,Normal,0
EQ03378,Bulldozer,S129,5.8,2.9,53,30.9,84,C1071,OP0510,12.872632,80.385599,Good,86,Running,S129,Active,Normal,0
EQ03379,Bulldozer,S023,7.8,1.3,93,39.2,83,C4720,OP0311,13.119402,79.986228,Good,89,Running,S023,Active,Normal,0
EQ03380,Excavator,S007,8.5,0.1,43,30.7,100,C3900,OP0067,13.091283,80.065141,Good,74,Running,S007,Active,Normal,0
EQ03381,Bulldozer,S062,10.6,1.1,59,18.9,81,C2423,OP0170,13.219789,80.022352,Good,98,Running,S062,Active,Normal,0
EQ03382,Dump Truck,S077,10.7,2.6,78,39.5,80,C7955,OP0152,12.747853,80.138529,Good,65,Running,S077,Active,Normal,0
EQ03383,Backhoe Loader,S076,5.6,0.9,36,32.2,84,C6043,OP0655,13.139096,79.997606,Due Soon,92,Running,S076,Active,Normal,0
EQ03384,Backhoe Loader,S046,5.6,0.5,79,19.5,100,C7226,OP0951,13.143695,80.179886,Good,66,Running,S046,Active,Normal,0
EQ03385,Backhoe Loader,S087,5.6,1.8,88,18.4,100,C4161,OP0162,12.822175,79.988594,Good,69,Running,S087,Active,Normal,0
EQ03386,Excavator,S008,5.7,1.5,90,28.5,82,C7180,OP0815,12.732986,80.370035,Good,70,Running,S008,Active,Normal,0
EQ03387,Motor Grader,S031,6.3,1.0,60,25.5,80,C6890,OP0275,13.258085,80.00868,Good,71,Running,S031,Active,Normal,0
EQ03388,Excavator,S001,10.9,0.5,80,36.7,98,C5292,OP0864,13.047943,80.115076,Good,65,Running,S001,Active,Normal,0
EQ03389,Skid Steer Loader,S096,6.6,0.6,57,38.7,98,C4843,OP0676,13.0838,80.177167,Good,74,Running,S096,Active,Normal,0
EQ03390,Skid Steer Loader,S030,8.5,0.6,78,15.7,88,C4347,OP0918,12.715154,79.987146,Good,97,Running,S030,Active,Normal,0
EQ03391,Dump Truck,S046,8.2,2.5,80,33.1,91,C8932,OP0402,13.077157,80.069613,Good,70,Running,S046,Active,Normal,0
EQ03392,Excavator,S115,7.1,0.2,94,29.8,99,C3985,OP0344,12.800304,80.205918,Due Soon,91,Running,S115,Active,Normal,0
EQ03393,Excavator,S083,5.8,2.7,62,165.0,81,C3723,OP0992,13.215003,80.016898,Good,98,Running,S083,Active,Distance Spike,1
EQ03394,Skid Steer Loader,S054,9.1,2.5,52,20.0,98,C7611,OP1040,12.886757,80.011812,Good,66,Running,S054,Active,Normal,0
EQ03395,Dump Truck,S113,6.5,0.6,84,29.9,85,C6873,OP0004,13.016992,80.380591,Due Soon,70,Running,S113,Active,Normal,0
EQ03396,Backhoe Loader,S046,7.5,1.9,90,23.1,86,C9409,OP0767,13.324136,79.998827,Overdue,89,Running,S046,Active,Normal,0
EQ03397,Backhoe Loader,S060,9.0,1.1,75,35.2,81,C8336,OP0809,12.938221,80.331759,Overdue,79,Running,S060,Active,Normal,0
EQ03398,Motor Grader,S108,7.7,2.4,49,20.8,98,C2722,OP0684,12.985233,80.399497,Good,70,Running,S108,Active,Normal,0
EQ03399,Motor Grader,S110,6.8,2.3,89,31.4,94,C4686,OP0068,12.921795,80.332608,Good,84,Running,S110,Active,Normal,0
EQ03400,Dump Truck,S014,10.3,1.5,61,33.2,85,C6097,OP0918,13.214091,80.218434,Good,84,Running,S014,Active,Normal,0
EQ03401,Skid Steer Loader,S077,8.2,1.3,65,17.1,87,C3170,,12.971108,80.22134,Good,65,Running,S077,Active,Missing Operator,1
EQ03402,Backhoe Loader,S006,9.6,1.7,65,36.4,96,C9821,OP1162,13.283866,80.316523,Good,85,Running,S006,Active,Normal,0
EQ03403,Motor Grader,S138,8.9,2.8,89,35.2,95,C8703,OP0963,12.904343,80.159408,Good,97,Running,S138,Active,Normal,0
EQ03404,Bulldozer,S029,10.2,0.2,53,25.6,82,C9550,OP0982,13.284494,80.279529,Good,85,Running,S029,Active,Normal,0
EQ03405,Bulldozer,S028,7.8,0.3,91,18.3,96,C4467,OP0653,12.75655,80.3558,Good,92,Running,S028,Active,Normal,0
EQ03406,Dump Truck,S080,7.5,0.8,76,38.7,86,C1911,OP0787,13.207799,79.989491,Good,85,Running,S080,Active,Normal,0
EQ03407,Backhoe Loader,S100,10.2,16.0,49,12.9,93,C3536,OP1053,13.160067,80.326773,Good,8,Idle,S100,Active,Low Utilization,1
EQ03408,Wheel Loader,S133,5.7,1.3,51,34.0,99,C6403,OP0423,13.045618,80.087979,Good,84,Running,S133,Active,Normal,0
EQ03409,Bulldozer,S116,7.0,0.8,57,31.7,86,C4442,OP0816,12.998783,80.330481,Good,76,Running,S116,Active,Normal,0
EQ03410,Skid Steer Loader,S132,11.0,1.3,90,20.5,94,C6070,OP0179,12.944741,80.394089,Overdue,75,Running,S132,Active,Normal,0
EQ03411,Bulldozer,S074,8.0,1.7,81,32.2,99,C4564,OP0453,13.017957,80.04116,Good,83,Running,S074,Active,Normal,0
EQ03412,Dump Truck,S086,10.7,0.5,54,35.4,86,C8767,OP0975,13.221034,79.950174,Good,94,Running,S086,Active,Normal,0
EQ03413,Skid Steer Loader,S084,5.8,2.1,78,15.4,83,C8602,OP0905,12.846336,80.016412,Good,97,Running,S084,Active,Normal,0
EQ03414,Wheel Loader,S088,5.6,2.5,87,18.5,91,C8216,OP0656,12.756106,80.002578,Good,91,Running,S088,Active,Normal,0
EQ03415,Excavator,S118,7.8,2.7,46,21.7,99,C8507,OP0845,12.968575,80.359386,Due Soon,87,Running,S118,Active,Normal,0
EQ03416,Bulldozer,S060,5.9,1.6,95,24.1,92,C2825,OP0704,13.023973,80.257629,Good,83,Running,S060,Active,Normal,0
EQ03417,Excavator,S062,5.3,1.5,36,16.0,88,C4495,OP0878,13.267126,80.17051,Good,87,Running,S062,Active,Normal,0
EQ03418,Skid Steer Loader,S017,5.5,2.0,49,20.0,91,C5106,OP0110,12.894152,80.262679,Good,73,Running,S017,Active,Normal,0
EQ03419,Excavator,S147,9.8,0.6,50,17.8,80,C6036,OP0359,12.905708,80.200634,Good,85,Running,S147,Active,Normal,0
EQ03420,Wheel Loader,S051,5.3,2.4,91,18.9,96,C3286,OP0231,13.259519,80.044635,Good,81,Running,S051,Active,Normal,0
EQ03421,Skid Steer Loader,S015,9.4,2.8,68,24.6,92,C6861,OP0961,13.232065,80.358574,Good,91,Running,S015,Active,Normal,0
EQ03422,Skid Steer Loader,S005,5.9,0.9,49,32.4,99,C8265,OP1074,12.930953,80.385733,Good,83,Running,S005,Active,Normal,0
EQ03423,Dump Truck,S013,9.9,2.6,49,29.3,90,C1968,OP0882,12.731709,80.272185,Good,72,Running,S013,Active,Normal,0
EQ03424,Dump Truck,S082,6.7,2.4,92,35.1,88,C7022,,13.045451,80.147542,Good,83,Running,S082,Active,Missing Operator,1
EQ03425,Excavator,S068,10.1,2.2,44,19.7,93,C4914,OP0405,13.100141,80.166146,Good,98,Running,S068,Active,Normal,0
EQ03426,Backhoe Loader,S131,10.4,1.8,79,28.2,97,C6184,OP0013,12.766412,79.951413,Good,78,Running,S131,Active,Normal,0
EQ03427,Bulldozer,S030,6.4,2.8,84,34.6,90,C8707,OP1041,12.927398,80.051781,Good,86,Running,S030,Active,Normal,0
EQ03428,Dump Truck,S061,5.7,2.7,79,18.8,99,C9711,OP0395,12.705468,80.053624,Good,97,Running,S061,Active,Normal,0
EQ03429,Excavator,S073,8.8,0.1,58,20.9,92,C9075,OP0062,12.747008,80.089374,Due Soon,65,Running,S073,Active,Normal,0
EQ03430,Dump Truck,S139,7.9,1.1,82,22.7,84,C9961,OP0063,12.770387,79.963911,Good,87,Running,S139,Active,Normal,0
EQ03431,Dump Truck,S039,5.1,0.5,71,23.2,81,C7118,OP0926,13.23051,80.337817,Good,67,Running,S039,Active,Normal,0
EQ03432,Skid Steer Loader,S064,7.3,1.9,54,14.3,90,C6003,OP0685,13.261942,80.258861,Good,73,Running,S064,Active,Normal,0
EQ03433,Excavator,S111,9.6,1.6,70,24.8,81,C3070,OP1042,12.768294,80.281393,Good,69,Running,S111,Active,Normal,0
EQ03434,Backhoe Loader,S067,8.4,1.8,46,30.6,91,C9810,OP0629,13.164928,80.245342,Good,92,Running,S067,Active,Normal,0
EQ03435,Dump Truck,S034,5.3,1.9,89,26.8,81,C6419,OP0394,12.791039,80.379535,Good,68,Running,S034,Active,Normal,0
EQ03436,Motor Grader,S130,10.5,2.1,50,28.1,99,C3136,OP0963,12.942757,80.056466,Due Soon,67,Running,S130,Active,Normal,0
EQ03437,Backhoe Loader,S062,7.7,0.3,94,17.5,92,C5896,OP1159,12.896236,80.106238,Good,92,Running,S062,Active,Normal,0
EQ03438,Motor Grader,S056,8.4,2.4,78,12.7,99,C6529,OP1169,13.177781,80.078953,Overdue,75,Running,S056,Active,Normal,0
EQ03439,Excavator,S081,5.4,2.8,38,18.5,84,C1788,OP1128,13.227995,80.14271,Good,66,Running,S081,Active,Normal,0
EQ03440,Wheel Loader,S107,6.5,1.5,54,165.0,81,C5905,OP0106,13.293331,80.250112,Good,98,Running,S107,Active,Distance Spike,1
EQ03441,Backhoe Loader,S022,6.7,1.2,93,34.5,100,C1911,OP0233,13.304243,80.012341,Good,87,Running,S022,Active,Normal,0
EQ03442,Backhoe Loader,S059,8.7,1.4,59,33.2,85,C8514,OP1122,12.72559,80.398497,Due Soon,65,Running,S059,Active,Normal,0
EQ03443,Dump Truck,S037,8.9,1.8,43,26.2,98,C2474,OP1022,13.25995,80.026353,Due Soon,77,Running,S037,Active,Normal,0
EQ03444,Skid Steer Loader,S017,9.8,2.6,91,34.1,94,C7241,OP0491,13.299226,80.048927,Good,87,Running,S017,Active,Normal,0
EQ03445,Wheel Loader,S040,8.4,0.6,39,34.7,95,C3190,OP0791,13.217328,80.335993,Good,65,Running,S040,Active,Normal,0
EQ03446,Excavator,S142,7.5,2.8,39,14.6,92,C4629,OP0337,12.833799,79.95013,Good,80,Running,S142,Active,Normal,0
EQ03447,Wheel Loader,S005,9.6,1.0,62,15.9,100,C4311,OP0902,13.161537,80.104179,Due Soon,92,Running,S005,Active,Normal,0
EQ03448,Wheel Loader,S127,7.6,2.4,62,19.4,91,C2502,OP0012,12.967391,80.111802,Good,82,Running,S127,Active,Normal,0
EQ03449,Skid Steer Loader,S117,10.4,2.8,57,21.1,99,C3329,OP0965,12.770626,80.375414,Due Soon,85,Running,S117,Active,Normal,0
EQ03450,Excavator,S101,10.8,1.1,88,31.0,86,C5700,OP0394,13.051143,80.339138,Good,88,Running,S101,Active,Normal,0
EQ03451,Motor Grader,S065,6.2,2.6,74,12.9,81,C5385,OP0810,12.748676,80.04444,Good,77,Running,S065,Active,Normal,0
EQ03452,Dump Truck,S135,7.8,1.4,87,14.2,84,C4715,OP0756,12.720063,80.040598,Good,70,Running,S135,Active,Normal,0
EQ03453,Skid Steer Loader,S030,6.4,0.5,66,26.1,87,C2483,OP0125,12.810338,80.314784,Good,86,Running,S030,Active,Normal,0
EQ03454,Backhoe Loader,S042,5.5,2.4,58,27.8,94,C3849,OP0680,13.21786,80.235043,Good,74,Running,S042,Active,Normal,0
EQ03455,Skid Steer Loader,S017,10.3,1.5,61,16.1,94,C9932,OP0721,12.745509,80.066449,Good,67,Running,S017,Active,Normal,0
EQ03456,Bulldozer,S123,9.2,1.9,75,35.9,80,C2926,OP0686,12.850363,79.96535,Good,95,Running,S123,Active,Normal,0
EQ03457,Wheel Loader,S002,9.7,1.3,80,20.5,80,C2338,OP0358,13.129029,80.191113,Good,75,Running,S002,Active,Normal,0
EQ03458,Dump Truck,S019,9.0,1.5,59,165.0,96,C7642,OP1125,13.137298,80.101681,Good,98,Running,S019,Active,Distance Spike,1
EQ03459,Motor Grader,S047,8.9,0.3,82,32.8,95,C8052,,12.89294,80.206782,Due Soon,70,Running,S047,Active,Missing Operator,1
EQ03460,Skid Steer Loader,S077,6.0,1.7,56,39.1,94,C6305,OP0104,13.11274,80.052625,Due Soon,93,Running,S077,Active,Normal,0
EQ03461,Excavator,S022,9.9,2.4,58,29.8,83,C3103,OP1024,13.104246,79.990548,Good,91,Running,S022,Active,Normal,0
EQ03462,Motor Grader,S099,9.0,0.7,89,18.6,82,C2389,OP0806,13.31234,80.081429,Good,65,Running,S099,Active,Normal,0
EQ03463,Bulldozer,S136,8.5,1.5,56,14.7,83,C1343,OP0995,13.337416,80.071331,Good,76,Running,S136,Active,Normal,0
EQ03464,Backhoe Loader,S017,10.5,0.4,58,22.6,89,C7225,OP0726,13.197211,80.097078,Good,95,Running,S017,Active,Normal,0
EQ03465,Dump Truck,S092,7.0,1.9,54,32.1,99,C3776,OP0556,12.811358,79.982904,Good,69,Running,S092,Active,Normal,0
EQ03466,Dump Truck,S073,8.7,1.2,51,18.6,81,C3620,OP0881,13.021658,80.25325,Overdue,86,Running,S073,Active,Normal,0
EQ03467,Motor Grader,S111,5.4,0.4,72,22.6,94,C8799,OP0754,12.82951,80.399708,Good,80,Running,S111,Active,Normal,0
EQ03468,Skid Steer Loader,S022,0.5,22.0,82,23.9,90,C3305,OP0719,13.079668,79.972851,Good,5,Idle,S022,Active,High Idle,1
EQ03469,Bulldozer,S118,5.4,2.4,45,32.1,90,C1236,OP0151,13.036019,80.282073,Good,75,Running,S118,Active,Normal,0
EQ03470,Backhoe Loader,S130,8.4,2.6,42,22.6,100,C9167,OP0195,13.314931,80.327904,Good,95,Running,S130,Active,Normal,0
EQ03471,Backhoe Loader,S150,7.9,2.3,85,32.4,90,C9554,OP0907,12.831905,80.208232,Due Soon,78,Running,S150,Active,Normal,0
EQ03472,Motor Grader,S149,6.0,1.8,69,25.4,97,C9858,OP0193,13.262321,80.114181,Good,76,Running,S149,Active,Normal,0
EQ03473,Wheel Loader,S044,10.8,1.4,40,14.2,90,C9498,OP0640,12.921053,80.125988,Good,88,Running,S044,Active,Normal,0
EQ03474,Bulldozer,S118,10.5,2.9,84,17.5,87,C1550,OP1013,12.859761,80.117118,Good,80,Running,S118,Active,Normal,0
EQ03475,Bulldozer,S027,6.6,0.7,41,15.8,89,C2255,OP0390,13.146143,80.271807,Due Soon,97,Running,S027,Active,Normal,0
EQ03476,Bulldozer,S084,5.2,1.3,67,27.0,88,C7388,OP0297,13.016953,80.128811,Good,77,Running,S084,Active,Normal,0
EQ03477,Backhoe Loader,S080,10.2,1.4,64,26.5,82,C5451,OP1199,13.113469,80.331012,Good,98,Running,S080,Active,Normal,0
EQ03478,Skid Steer Loader,S096,6.2,0.1,58,15.5,83,C4965,,13.192164,80.08194,Good,69,Running,S096,Active,Missing Operator,1
EQ03479,Wheel Loader,S062,9.1,2.5,89,39.2,89,C5990,OP1101,12.74685,80.034248,Good,74,Running,S062,Active,Normal,0
EQ03480,Wheel Loader,S129,9.4,2.2,58,38.9,85,C2754,OP0282,12.917278,80.13065,Good,72,Running,S129,Active,Normal,0
EQ03481,Excavator,S043,5.4,2.7,82,17.0,87,C9319,OP0498,12.882465,80.326735,Good,89,Running,S043,Expired,Contract Expired,1
EQ03482,Excavator,S028,7.2,1.0,48,13.9,90,C9158,OP0928,12.907374,80.046488,Good,93,Running,S028,Active,Normal,0
EQ03483,Skid Steer Loader,S022,5.8,2.1,38,30.1,89,C3456,OP1079,13.009497,80.254939,Good,79,Running,S022,Active,Normal,0
EQ03484,Excavator,S084,7.3,0.8,91,31.1,94,C5901,OP0215,13.11974,80.302743,Good,79,Running,S084,Active,Normal,0
EQ03485,Dump Truck,S038,6.5,2.1,62,35.6,89,C7123,OP0258,12.964411,80.361687,Good,91,Running,S038,Active,Normal,0
EQ03486,Bulldozer,S065,6.2,2.9,62,38.8,90,C7068,OP0072,12.999891,80.311793,Good,83,Running,S065,Active,Normal,0
EQ03487,Excavator,S091,8.3,2.5,52,12.8,83,C7544,OP0307,13.272495,80.154388,Good,91,Running,S091,Active,Normal,0
EQ03488,Skid Steer Loader,S009,7.1,2.1,59,27.4,89,C2789,OP1049,13.349198,80.162339,Good,91,Running,S009,Active,Normal,0
EQ03489,Excavator,S064,8.3,1.2,66,21.0,28,C7721,OP0692,12.869599,80.116067,Overdue,65,Maintenance,S064,Active,Maintenance Overdue,1
EQ03490,Wheel Loader,S057,7.5,2.3,64,25.1,95,C3343,OP0846,12.76577,80.203545,Good,93,Running,S057,Active,Normal,0
EQ03491,Bulldozer,S012,10.5,2.5,87,33.1,94,C9989,OP0046,12.867853,80.255632,Due Soon,95,Running,S012,Active,Normal,0
EQ03492,Dump Truck,S090,6.6,0.1,93,19.1,89,C3639,OP0470,12.814404,80.234482,Due Soon,70,Running,S090,Active,Normal,0
EQ03493,Excavator,S010,6.6,1.1,57,38.8,81,C6771,OP0475,13.342006,80.217045,Good,87,Running,S010,Active,Normal,0
EQ03494,Backhoe Loader,S043,5.2,2.2,61,36.2,99,C5228,OP0448,13.205477,80.14769,Good,84,Running,S043,Active,Normal,0
EQ03495,Dump Truck,S015,8.8,2.9,54,26.6,86,C1880,OP0366,13.262682,80.174754,Good,66,Running,S015,Active,Normal,0
EQ03496,Bulldozer,S131,5.9,0.2,49,24.8,85,C6843,OP0433,12.919842,80.095611,Good,85,Running,S131,Active,Normal,0
EQ03497,Dump Truck,S122,7.5,1.0,88,34.4,93,C1590,OP0520,13.037887,80.177636,Good,85,Running,S122,Active,Normal,0
EQ03498,Wheel Loader,S068,5.8,1.2,74,16.0,82,C8690,OP0125,12.905399,80.063823,Due Soon,68,Running,S068,Active,Normal,0
EQ03499,Wheel Loader,S136,9.1,0.3,5,18.0,92,C9959,OP0509,13.21774,80.220301,Good,84,Running,S136,Active,Fuel Anomaly,1
EQ03500,Bulldozer,S148,5.2,2.6,88,35.4,87,C5744,OP0172,13.245105,80.147936,Good,94,Running,S148,Active,Normal,0
EQ03501,Excavator,S111,10.8,1.3,46,19.2,97,C9261,OP0428,12.728182,80.114533,Good,67,Running,S111,Active,Normal,0
EQ03502,Motor Grader,S067,8.2,2.3,59,21.7,97,C1614,OP0507,12.715679,80.017385,Good,93,Running,S067,Active,Normal,0
EQ03503,Backhoe Loader,S109,9.1,1.2,93,18.7,85,C3917,OP0122,13.111781,80.13288,Good,94,Running,S109,Active,Normal,0
EQ03504,Skid Steer Loader,S064,5.0,0.4,84,20.6,100,C6632,OP0035,13.249863,80.355271,Good,80,Running,S064,Expired,Contract Expired,1
EQ03505,Dump Truck,S013,9.2,2.1,55,15.4,96,C8904,OP0613,12.731355,80.386074,Good,79,Running,S013,Active,Normal,0
EQ03506,Skid Steer Loader,S081,9.0,2.9,85,20.7,90,C6285,,13.226055,80.373675,Good,70,Running,S081,Active,Missing Operator,1
EQ03507,Excavator,S104,10.1,2.3,42,31.9,81,C7631,OP0882,13.035151,80.037076,Good,88,Running,S104,Active,Normal,0
EQ03508,Skid Steer Loader,S038,9.9,2.2,49,25.0,96,C1831,OP0273,12.987447,80.088579,Good,74,Running,S038,Active,Normal,0
EQ03509,Motor Grader,S048,7.2,0.5,53,29.6,89,C8409,OP0143,13.192215,80.087421,Good,75,Running,S048,Active,Normal,0
EQ03510,Motor Grader,S033,7.9,2.0,39,27.0,98,C6768,OP0697,12.872396,80.075159,Good,71,Running,S033,Active,Normal,0
EQ03511,Excavator,S061,5.1,1.3,94,35.0,28,C4026,OP1119,12.780933,80.36399,Overdue,90,Maintenance,S061,Active,Maintenance Overdue,1
EQ03512,Motor Grader,S084,10.5,0.2,88,17.4,96,C7133,OP0426,13.020747,80.02029,Good,75,Running,S084,Active,Normal,0
EQ03513,Wheel Loader,S053,9.0,0.5,42,19.9,95,C9191,OP0352,13.071017,80.096927,Due Soon,84,Running,S053,Active,Normal,0
EQ03514,Dump Truck,S016,5.1,2.5,88,24.6,95,C3713,OP0388,12.949543,80.105848,Good,75,Running,S016,Active,Normal,0
EQ03515,Backhoe Loader,S143,8.9,0.1,90,25.9,87,C6824,OP1017,12.969059,80.038744,Good,93,Running,S143,Active,Normal,0
EQ03516,Bulldozer,S109,8.7,2.1,82,28.3,81,C2456,OP1069,13.103258,80.040951,Due Soon,66,Running,S109,Active,Normal,0
EQ03517,Excavator,S129,8.5,1.4,83,35.2,82,C5813,OP0584,12.702233,80.076299,Good,67,Running,S129,Active,Normal,0
EQ03518,Bulldozer,S016,10.1,2.1,69,39.2,91,C2754,OP0439,13.126115,80.037126,Due Soon,67,Running,S016,Active,Normal,0
EQ03519,Dump Truck,S049,9.3,2.4,78,21.0,96,C8911,OP0621,12.729944,80.170818,Good,82,Running,S049,Active,Normal,0
EQ03520,Backhoe Loader,S103,7.6,1.0,87,36.5,84,C4740,OP0214,12.749872,80.006979,Good,84,Running,S103,Active,Normal,0
EQ03521,Motor Grader,S022,5.5,2.2,71,39.0,89,C1412,OP0834,12.939972,80.176762,Good,83,Running,S022,Active,Normal,0
EQ03522,Skid Steer Loader,S071,10.3,0.6,66,19.1,91,C6690,OP1037,12.900656,80.346329,Good,65,Running,S071,Active,Normal,0
EQ03523,Skid Steer Loader,S113,8.0,0.8,35,25.9,96,C3087,OP0794,12.950585,80.383568,Good,82,Running,S113,Active,Normal,0
EQ03524,Motor Grader,S040,5.8,2.3,56,33.7,84,C3939,OP1027,12.820394,80.14297,Good,94,Running,S040,Active,Normal,0
EQ03525,Dump Truck,S137,10.5,2.2,88,31.4,90,C8922,OP0552,13.032712,80.066079,Good,88,Running,S137,Active,Normal,0
EQ03526,Dump Truck,S004,6.9,0.8,43,27.5,91,C3320,OP0694,12.864726,80.388887,Good,86,Running,S004,Active,Normal,0
EQ03527,Motor Grader,S122,8.5,2.9,71,36.9,88,C2925,OP0573,12.965163,80.137251,Good,84,Running,S122,Active,Normal,0
EQ03528,Skid Steer Loader,S026,10.0,1.4,78,33.2,90,C6547,OP0328,13.201692,80.236156,Good,66,Running,S026,Active,Normal,0
EQ03529,Bulldozer,S018,9.7,0.2,65,26.8,91,C1003,OP0408,13.287213,80.12043,Due Soon,92,Running,S018,Active,Normal,0
EQ03530,Backhoe Loader,S009,10.0,2.6,74,15.6,84,C2316,OP0037,12.993075,80.203752,Good,69,Running,S009,Active,Normal,0
EQ03531,Bulldozer,S114,8.9,1.9,54,28.7,81,C1419,OP0853,13.299254,80.035155,Good,74,Running,S114,Active,Normal,0
EQ03532,Backhoe Loader,S049,7.1,2.6,51,24.3,84,C6946,OP0700,13.176983,79.981818,Good,74,Running,S049,Active,Normal,0
EQ03533,Backhoe Loader,S035,8.9,1.2,51,36.0,84,C1530,OP0753,12.892921,80.189062,Good,73,Running,S035,Active,Normal,0
EQ03534,Skid Steer Loader,S005,7.6,0.1,88,36.4,90,C1857,OP0727,12.847412,79.966628,Good,98,Running,S005,Active,Normal,0
EQ03535,Backhoe Loader,S124,10.1,0.9,5,18.0,89,C2620,OP0976,12.77611,80.098006,Due Soon,88,Running,S124,Active,Fuel Anomaly,1
EQ03536,Dump Truck,S015,6.9,2.7,95,21.0,88,C1622,OP0106,12.70878,80.000317,Good,92,Running,S015,Active,Normal,0
EQ03537,Excavator,S116,7.0,3.0,71,26.7,91,C8751,OP0962,12.793074,79.958668,Due Soon,73,Running,S116,Active,Normal,0
EQ03538,Backhoe Loader,S081,10.0,2.1,91,35.8,92,C8603,OP0664,13.283337,80.297967,Good,93,Running,S081,Active,Normal,0
EQ03539,Dump Truck,S089,8.1,1.2,70,12.7,93,C9859,OP0696,13.011645,80.071503,Overdue,86,Running,S089,Active,Normal,0
EQ03540,Dump Truck,S143,10.0,2.9,89,38.1,80,C9473,OP1191,13.277436,80.174943,Good,76,Running,S143,Active,Normal,0
EQ03541,Backhoe Loader,S107,6.6,0.1,91,35.1,88,C2601,OP0346,12.789849,80.253393,Good,75,Running,S107,Active,Normal,0
EQ03542,Dump Truck,S007,7.8,1.8,84,24.6,95,C2751,,13.234271,80.11951,Good,82,Running,S007,Active,Missing Operator,1
EQ03543,Backhoe Loader,S017,9.1,1.2,67,30.5,91,C6202,OP0892,12.781739,80.077755,Due Soon,84,Running,S017,Active,Normal,0
EQ03544,Excavator,S082,6.0,0.1,69,26.0,87,C2247,OP0142,12.81684,80.124346,Good,67,Running,S076,Active,Wrong Site,1
EQ03545,Backhoe Loader,S081,10.1,0.2,92,36.5,88,C3987,OP0587,12.839713,80.311765,Good,98,Running,S081,Active,Normal,0
EQ03546,Excavator,S102,5.9,2.1,39,33.5,89,C2518,OP0214,12.801079,80.199606,Good,83,Running,S102,Active,Normal,0
EQ03547,Motor Grader,S027,9.7,0.5,5,18.0,86,C4527,OP0107,12.910618,80.213736,Good,80,Running,S027,Active,Fuel Anomaly,1
EQ03548,Dump Truck,S150,7.3,1.4,71,30.8,85,C2758,OP1052,12.931642,80.273565,Good,66,Running,S150,Active,Normal,0
EQ03549,Excavator,S102,10.3,0.1,56,28.7,89,C6776,OP1162,13.282959,80.140208,Good,74,Running,S102,Active,Normal,0
EQ03550,Wheel Loader,S027,7.4,1.1,91,19.9,90,C9471,OP0766,12.881189,80.050351,Good,66,Running,S027,Active,Normal,0
EQ03551,Bulldozer,S076,6.5,2.7,49,17.0,93,C5123,OP1107,12.716257,80.348516,Good,66,Running,S076,Active,Normal,0
EQ03552,Excavator,S026,8.2,0.8,72,26.2,92,C4741,OP0907,12.798957,80.150816,Due Soon,87,Running,S026,Active,Normal,0
EQ03553,Backhoe Loader,S070,8.1,2.2,44,26.0,91,C9607,OP1062,12.707027,80.308887,Good,93,Running,S070,Active,Normal,0
EQ03554,Wheel Loader,S129,0.5,22.0,39,12.7,86,C3465,OP0701,12.717813,80.375514,Good,5,Idle,S129,Active,High Idle,1
EQ03555,Wheel Loader,S089,8.9,0.3,79,32.5,99,C7175,OP1017,13.031644,80.372292,Good,90,Running,S089,Active,Normal,0
EQ03556,Backhoe Loader,S042,7.2,1.7,92,34.7,93,C7732,OP0008,13.15705,80.378546,Good,68,Running,S042,Active,Normal,0
EQ03557,Backhoe Loader,S027,9.2,0.8,95,17.4,80,C2857,OP0660,12.707166,80.366295,Good,88,Running,S027,Active,Normal,0
EQ03558,Motor Grader,S088,8.2,0.6,35,27.1,91,C7416,OP1057,13.119703,80.375822,Good,98,Running,S088,Active,Normal,0
EQ03559,Excavator,S048,9.4,1.0,95,23.3,81,C3704,OP0463,12.7378,80.065946,Due Soon,81,Running,S048,Active,Normal,0
EQ03560,Excavator,S059,8.5,2.5,82,30.5,81,C1638,OP0562,12.890823,80.087443,Due Soon,71,Running,S059,Active,Normal,0
EQ03561,Backhoe Loader,S023,8.1,0.4,95,27.5,100,C8984,OP0600,13.28098,80.280329,Due Soon,87,Running,S023,Active,Normal,0
EQ03562,Skid Steer Loader,S109,6.1,2.5,69,24.0,99,C1044,OP0307,13.132796,80.038984,Good,97,Running,S109,Active,Normal,0
EQ03563,Skid Steer Loader,S142,9.9,2.3,82,39.0,95,C4581,OP0600,12.8395,80.349728,Good,87,Running,S142,Active,Normal,0
EQ03564,Motor Grader,S135,6.0,0.5,57,21.4,95,C3598,OP0837,12.717854,80.21599,Due Soon,71,Running,S135,Active,Normal,0
EQ03565,Bulldozer,S114,6.4,0.9,66,13.1,93,C9401,OP0297,12.826613,80.081649,Good,85,Running,S114,Active,Normal,0
EQ03566,Excavator,S032,7.3,1.6,36,26.7,89,C8966,OP0151,12.701616,80.158279,Due Soon,90,Running,S032,Active,Normal,0
EQ03567,Skid Steer Loader,S074,5.1,1.3,78,29.1,95,C3391,OP0358,12.790254,80.269568,Due Soon,66,Running,S074,Active,Normal,0
EQ03568,Motor Grader,S115,8.8,0.3,54,22.7,81,C1102,OP0987,13.087548,80.220612,Due Soon,79,Running,S115,Active,Normal,0
EQ03569,Backhoe Loader,S025,6.6,0.4,65,27.6,88,C6802,OP0164,12.929172,80.125871,Good,77,Running,S025,Active,Normal,0
EQ03570,Dump Truck,S098,8.6,2.2,53,23.5,84,C1581,OP0856,12.792433,80.19048,Good,90,Running,S098,Active,Normal,0
EQ03571,Skid Steer Loader,S023,9.8,2.4,40,39.1,28,C2758,OP0856,13.077072,80.200202,Overdue,91,Maintenance,S023,Active,Maintenance Overdue,1
EQ03572,Backhoe Loader,S094,8.0,2.5,70,36.0,81,C4914,OP1124,12.964427,80.205648,Due Soon,88,Running,S094,Active,Normal,0
EQ03573,Wheel Loader,S132,8.6,2.9,35,19.8,83,C2675,OP0457,12.788505,80.350059,Good,71,Running,S132,Active,Normal,0
EQ03574,Skid Steer Loader,S042,9.9,0.9,87,32.9,100,C7208,OP0944,13.06385,79.985711,Good,88,Running,S042,Active,Normal,0
EQ03575,Backhoe Loader,S042,8.7,2.2,40,17.8,93,C8041,OP0679,13.044432,80.279176,Good,81,Running,S042,Active,Normal,0
EQ03576,Wheel Loader,S091,11.0,1.5,43,39.0,94,C5223,OP0273,12.706704,80.020147,Good,75,Running,S091,Active,Normal,0
EQ03577,Dump Truck,S008,10.4,2.1,53,26.5,96,C4830,OP0101,13.058911,80.353026,Due Soon,87,Running,S008,Active,Normal,0
EQ03578,Bulldozer,S042,5.8,1.3,45,38.8,98,C6853,OP1117,12.84718,80.12577,Due Soon,95,Running,S042,Active,Normal,0
EQ03579,Skid Steer Loader,S032,8.5,2.8,93,27.3,81,C3383,OP0320,12.76498,80.305946,Due Soon,75,Running,S032,Active,Normal,0
EQ03580,Wheel Loader,S016,7.3,0.2,95,34.8,94,C1222,OP1169,13.213586,80.303979,Good,98,Running,S016,Active,Normal,0
EQ03581,Excavator,S122,8.2,2.8,54,23.6,80,C9593,OP0930,13.306459,80.171396,Good,93,Running,S122,Active,Normal,0
EQ03582,Excavator,S114,5.7,0.8,78,26.6,82,C9175,OP1089,12.810886,80.281161,Good,79,Running,S114,Active,Normal,0
EQ03583,Motor Grader,S149,5.8,2.2,70,15.3,83,C2638,OP0675,13.04049,80.373852,Good,73,Running,S149,Active,Normal,0
EQ03584,Excavator,S033,6.8,1.9,44,20.8,91,C1671,OP0858,12.81913,80.081016,Good,66,Running,S033,Active,Normal,0
EQ03585,Motor Grader,S098,8.5,1.2,82,36.5,82,C7371,OP1039,12.865278,80.324517,Due Soon,74,Running,S098,Active,Normal,0
EQ03586,Motor Grader,S141,5.6,2.1,77,165.0,82,C2375,OP1180,12.735982,79.981886,Due Soon,98,Running,S141,Active,Distance Spike,1
EQ03587,Bulldozer,S061,6.2,2.2,5,18.0,82,C6307,OP0846,13.175745,80.03837,Good,91,Running,S061,Active,Fuel Anomaly,1
EQ03588,Dump Truck,S134,5.2,2.9,38,39.5,84,C2448,OP0323,12.990611,80.012561,Due Soon,80,Running,S134,Active,Normal,0
EQ03589,Backhoe Loader,S014,6.1,2.5,62,34.4,99,C6059,OP0323,13.002322,80.235131,Good,86,Running,S014,Active,Normal,0
EQ03590,Bulldozer,S005,7.3,2.2,68,31.6,95,C9445,OP0445,13.254189,80.340818,Good,74,Running,S005,Active,Normal,0
EQ03591,Motor Grader,S035,10.2,2.1,80,19.0,81,C5189,OP0114,12.853111,80.178232,Good,83,Running,S035,Active,Normal,0
EQ03592,Motor Grader,S038,7.7,1.6,80,23.4,95,C5980,,12.730634,80.112207,Due Soon,80,Running,S038,Active,Missing Operator,1
EQ03593,Skid Steer Loader,S070,9.9,2.3,84,13.1,96,C5070,OP0954,12.784042,80.379721,Good,92,Running,S070,Active,Normal,0
EQ03594,Skid Steer Loader,S027,8.3,1.7,46,21.6,97,C9040,OP0657,13.123798,80.347786,Good,98,Running,S027,Active,Normal,0
EQ03595,Skid Steer Loader,S082,0.5,22.0,59,24.3,99,C9597,OP0061,13.294079,80.274637,Due Soon,5,Idle,S082,Active,High Idle,1
EQ03596,Skid Steer Loader,S035,8.2,3.0,87,30.9,87,C7614,OP0416,13.02437,80.234971,Good,97,Running,S035,Active,Normal,0
EQ03597,Excavator,S002,6.5,0.1,51,20.0,97,C8138,OP0050,12.824407,80.168968,Good,74,Running,S002,Active,Normal,0
EQ03598,Wheel Loader,S014,10.7,0.8,92,32.9,84,C1207,OP0458,12.754108,80.310092,Good,73,Running,S014,Active,Normal,0
EQ03599,Excavator,S034,5.0,0.8,43,32.2,99,C7213,OP0798,12.819966,80.315205,Good,90,Running,S034,Expired,Contract Expired,1
EQ03600,Skid Steer Loader,S083,7.0,2.9,91,36.8,97,C3401,OP0421,12.869123,79.97623,Good,83,Running,S083,Active,Normal,0
EQ03601,Excavator,S129,7.7,1.5,58,24.3,90,C8136,OP0749,12.776137,80.132202,Good,81,Running,S129,Active,Normal,0
EQ03602,Wheel Loader,S023,10.1,2.2,57,25.3,81,C4997,OP0158,12.814581,80.272868,Due Soon,69,Running,S023,Active,Normal,0
EQ03603,Wheel Loader,S061,10.6,1.9,39,23.5,99,C6412,OP0038,13.019603,79.956416,Good,94,Running,S061,Active,Normal,0
EQ03604,Skid Steer Loader,S028,6.8,2.5,94,30.1,98,C8858,OP0913,13.056908,80.314343,Due Soon,68,Running,S028,Active,Normal,0
EQ03605,Skid Steer Loader,S019,7.2,2.9,62,24.1,90,C7906,OP0615,13.29969,80.320012,Good,85,Running,S019,Active,Normal,0
EQ03606,Backhoe Loader,S100,10.3,2.0,82,15.3,80,C1710,OP0422,13.306386,80.264107,Good,83,Running,S100,Active,Normal,0
EQ03607,Motor Grader,S059,9.4,1.4,40,27.1,85,C9009,OP0995,12.834508,80.296112,Good,87,Running,S059,Active,Normal,0
EQ03608,Dump Truck,S112,6.1,0.4,58,22.8,100,C2699,OP0807,13.231689,80.287286,Good,81,Running,S112,Active,Normal,0
EQ03609,Wheel Loader,S081,8.0,2.9,68,22.0,99,C3637,OP0048,13.222076,79.989295,Good,78,Running,S081,Active,Normal,0
EQ03610,Skid Steer Loader,S046,9.7,0.7,82,37.3,98,C7790,OP0866,12.791378,80.102447,Good,67,Running,S046,Active,Normal,0
EQ03611,Skid Steer Loader,S120,7.4,1.5,56,36.8,96,C3938,OP0382,13.0901,79.984207,Overdue,93,Running,S120,Active,Normal,0
EQ03612,Backhoe Loader,S123,7.1,2.1,66,14.4,99,C6463,,12.980899,79.992257,Good,72,Running,S123,Active,Missing Operator,1
EQ03613,Motor Grader,S069,9.2,2.9,94,25.6,82,C2306,OP0928,12.758538,80.350213,Good,77,Running,S069,Active,Normal,0
EQ03614,Skid Steer Loader,S095,10.1,1.1,52,12.1,94,C2819,OP1086,12.804727,80.054319,Good,80,Running,S095,Active,Normal,0
EQ03615,Dump Truck,S039,6.0,2.1,37,19.6,97,C1461,OP1188,13.12973,80.286795,Good,90,Running,S039,Active,Normal,0
EQ03616,Wheel Loader,S119,10.8,2.8,64,16.8,85,C6406,OP0533,12.910482,80.340549,Good,75,Running,S119,Active,Normal,0
EQ03617,Backhoe Loader,S063,8.8,2.0,37,28.4,95,C8812,OP0258,12.999571,80.183237,Good,74,Running,S063,Active,Normal,0
EQ03618,Excavator,S014,6.6,0.6,46,12.6,88,C5425,OP0009,13.291792,80.023382,Good,90,Running,S014,Active,Normal,0
EQ03619,Bulldozer,S099,9.8,0.8,54,35.0,81,C5933,OP0042,13.024439,80.377834,Good,77,Running,S099,Active,Normal,0
EQ03620,Motor Grader,S003,9.2,2.8,66,17.1,91,C1472,OP0297,12.76354,80.246355,Good,82,Running,S003,Active,Normal,0
EQ03621,Excavator,S072,9.6,0.4,47,36.0,85,C9258,OP0570,13.242004,79.958425,Good,81,Running,S072,Active,Normal,0
EQ03622,Backhoe Loader,S127,6.4,0.8,57,15.8,80,C8397,OP0852,12.808947,80.159559,Good,80,Running,S127,Active,Normal,0
EQ03623,Wheel Loader,S031,7.3,2.6,68,27.4,99,C3635,OP0797,12.742115,80.017089,Good,72,Running,S031,Active,Normal,0
EQ03624,Skid Steer Loader,S058,10.4,0.5,42,21.7,87,C7007,OP0569,13.056162,80.326403,Good,91,Running,S058,Active,Normal,0
EQ03625,Backhoe Loader,S114,8.8,1.9,45,24.0,98,C5245,OP1164,12.933793,80.181945,Good,89,Running,S114,Active,Normal,0
EQ03626,Bulldozer,S089,8.0,1.6,63,25.0,99,C4493,OP0898,12.868955,80.132253,Good,86,Running,S089,Active,Normal,0
EQ03627,Backhoe Loader,S078,8.3,0.7,68,31.8,93,C9111,OP0237,12.86226,80.300267,Good,81,Running,S078,Active,Normal,0
EQ03628,Wheel Loader,S127,9.2,16.0,64,30.5,85,C2298,OP0091,13.193284,80.002144,Good,8,Idle,S127,Active,Low Utilization,1
EQ03629,Excavator,S124,5.2,0.4,70,17.3,87,C7078,OP0286,13.332784,80.03595,Due Soon,82,Running,S124,Active,Normal,0
EQ03630,Dump Truck,S111,6.7,2.5,37,17.8,96,C7066,OP0163,12.720869,80.135166,Good,97,Running,S111,Active,Normal,0
EQ03631,Excavator,S073,8.9,2.3,75,22.9,87,C6322,OP0135,13.040044,80.266609,Good,79,Running,S073,Active,Normal,0
EQ03632,Backhoe Loader,S058,7.7,0.2,76,12.0,81,C1038,OP0820,12.881038,80.19335,Good,75,Running,S058,Active,Normal,0
EQ03633,Skid Steer Loader,S128,8.1,2.3,89,31.8,98,C1875,OP0090,13.088527,80.331349,Good,69,Running,S128,Active,Normal,0
EQ03634,Dump Truck,S116,7.3,1.2,87,25.4,82,C1220,OP0406,13.107353,80.399049,Good,84,Running,S116,Expired,Contract Expired,1
EQ03635,Motor Grader,S121,0.5,22.0,62,20.4,80,C8635,OP0983,12.840652,80.212868,Good,5,Idle,S121,Active,High Idle,1
EQ03636,Motor Grader,S110,8.1,1.9,38,26.9,91,C1959,OP0509,12.728426,80.010102,Good,80,Running,S110,Active,Normal,0
EQ03637,Excavator,S099,7.3,0.4,73,17.3,85,C5224,OP0875,13.116232,79.986983,Good,96,Running,S099,Active,Normal,0
EQ03638,Excavator,S145,10.6,2.8,46,37.4,96,C9579,OP1109,13.13235,79.977016,Good,90,Running,S145,Active,Normal,0
EQ03639,Dump Truck,S092,7.4,1.4,76,32.6,91,C5924,OP1052,12.780479,80.262976,Good,74,Running,S092,Active,Normal,0
EQ03640,Wheel Loader,S057,7.7,2.3,91,24.2,84,C4253,OP1139,12.860876,80.022819,Good,85,Running,S057,Active,Normal,0
EQ03641,Excavator,S076,8.4,3.0,67,14.8,83,C2451,OP0107,12.749924,80.148092,Good,96,Running,S076,Active,Normal,0
EQ03642,Dump Truck,S012,5.8,0.5,44,21.6,94,C2660,OP0521,12.983841,80.218912,Good,65,Running,S012,Active,Normal,0
EQ03643,Excavator,S001,6.6,2.7,75,14.3,88,C6534,OP0492,12.902559,80.238002,Good,75,Running,S001,Active,Normal,0
EQ03644,Dump Truck,S067,7.2,0.2,43,14.3,87,C9238,OP0009,12.991977,80.134896,Due Soon,88,Running,S067,Active,Normal,0
EQ03645,Backhoe Loader,S050,5.3,2.7,58,165.0,97,C7783,OP0307,13.033656,80.179297,Good,98,Running,S050,Active,Distance Spike,1
EQ03646,Backhoe Loader,S104,10.2,2.0,85,31.4,94,C6480,OP0190,13.267169,79.950975,Good,83,Running,S104,Active,Normal,0
EQ03647,Skid Steer Loader,S126,9.8,0.4,95,24.3,92,C6369,OP1195,12.898687,80.262182,Good,87,Running,S126,Active,Normal,0
EQ03648,Excavator,S051,8.5,1.0,60,26.9,84,C3942,OP0679,13.151776,79.962015,Good,68,Running,S051,Active,Normal,0
EQ03649,Backhoe Loader,S127,9.5,0.3,36,17.2,86,C2011,OP0906,12.832791,80.276073,Good,68,Running,S127,Active,Normal,0
EQ03650,Skid Steer Loader,S137,9.3,0.2,73,31.0,81,C3943,OP0925,12.918943,80.246778,Due Soon,84,Running,S137,Active,Normal,0
EQ03651,Skid Steer Loader,S104,8.3,2.5,64,37.9,86,C6986,OP0689,12.855198,80.371793,Good,72,Running,S104,Active,Normal,0
EQ03652,Backhoe Loader,S038,5.7,1.1,50,24.1,95,C7927,OP0037,13.302826,80.266055,Good,78,Running,S038,Active,Normal,0
EQ03653,Backhoe Loader,S105,7.2,1.3,43,36.1,86,C8463,OP0131,12.828071,79.97074,Good,76,Running,S105,Active,Normal,0
EQ03654,Motor Grader,S085,6.1,1.5,87,23.9,88,C5782,OP0378,13.301662,80.284118,Good,92,Running,S085,Active,Normal,0
EQ03655,Backhoe Loader,S069,9.7,0.0,80,26.6,98,C2065,OP0684,13.112128,80.092989,Good,79,Running,S069,Active,Normal,0
EQ03656,Excavator,S070,8.6,2.0,86,32.5,81,C7632,OP0898,12.892362,79.988616,Good,65,Running,S070,Active,Normal,0
EQ03657,Bulldozer,S033,5.6,1.5,81,18.7,99,C7509,OP0204,12.85333,80.382716,Good,79,Running,S033,Active,Normal,0
EQ03658,Wheel Loader,S024,9.9,1.5,42,25.4,88,C5138,OP0984,12.850421,80.261675,Good,94,Running,S024,Active,Normal,0
EQ03659,Excavator,S047,11.0,2.2,41,32.7,90,C2166,OP0182,12.877834,80.077824,Good,97,Running,S047,Active,Normal,0
EQ03660,Backhoe Loader,S113,6.9,2.5,62,31.6,87,C3275,OP0220,12.899089,79.970157,Good,96,Running,S113,Active,Normal,0
EQ03661,Backhoe Loader,S077,9.5,1.4,82,33.2,89,C7416,OP0186,13.345101,80.245114,Good,75,Running,S077,Active,Normal,0
EQ03662,Motor Grader,S049,5.4,1.1,89,19.7,80,C3417,OP0442,12.840132,80.336948,Overdue,74,Running,S049,Active,Normal,0
EQ03663,Backhoe Loader,S080,7.7,16.0,46,22.9,97,C2991,OP0961,12.92297,80.010217,Good,8,Idle,S080,Active,Low Utilization,1
EQ03664,Excavator,S147,9.6,1.1,65,18.4,94,C8956,OP1051,12.701808,80.124762,Overdue,77,Running,S147,Active,Normal,0
EQ03665,Bulldozer,S134,7.3,0.5,71,38.0,95,C3357,OP0806,13.183318,80.046564,Good,69,Running,S134,Active,Normal,0
EQ03666,Backhoe Loader,S034,10.5,1.4,56,15.0,92,C3402,,13.301247,80.192438,Good,76,Running,S034,Active,Missing Operator,1
EQ03667,Backhoe Loader,S075,6.2,1.1,67,25.2,84,C6690,OP0764,13.050052,80.121933,Good,83,Running,S075,Active,Normal,0
EQ03668,Motor Grader,S123,8.5,1.7,45,27.2,91,C3987,OP0378,13.248099,79.992645,Good,69,Running,S123,Active,Normal,0
EQ03669,Excavator,S085,6.2,2.4,67,12.2,90,C3565,OP0133,13.224007,80.2919,Good,82,Running,S085,Active,Normal,0
EQ03670,Skid Steer Loader,S079,5.1,0.6,77,36.8,99,C7474,OP0253,12.974484,80.219605,Good,84,Running,S079,Expired,Contract Expired,1
EQ03671,Excavator,S138,7.3,1.6,93,32.7,98,C1320,OP0644,13.151527,80.328052,Due Soon,85,Running,S138,Active,Normal,0
EQ03672,Motor Grader,S052,8.8,2.3,45,20.4,82,C5460,OP0840,12.721098,80.135211,Good,74,Running,S052,Active,Normal,0
EQ03673,Skid Steer Loader,S005,10.5,0.9,63,36.9,92,C1316,OP0181,12.739434,79.957959,Good,89,Running,S005,Active,Normal,0
EQ03674,Excavator,S120,7.0,0.2,40,26.7,80,C6568,OP0535,13.153495,80.106718,Due Soon,84,Running,S120,Active,Normal,0
EQ03675,Dump Truck,S107,7.4,1.6,64,36.1,97,C5055,OP0066,12.9062,80.320732,Good,81,Running,S107,Active,Normal,0
EQ03676,Motor Grader,S136,7.6,0.8,89,27.7,90,C5540,OP0666,13.125235,80.271886,Due Soon,84,Running,S136,Active,Normal,0
EQ03677,Bulldozer,S078,11.0,2.3,43,31.3,89,C1697,OP1068,13.245043,80.190797,Good,66,Running,S078,Active,Normal,0
EQ03678,Backhoe Loader,S008,8.6,0.9,89,25.7,97,C3385,OP1081,12.982835,80.113554,Due Soon,65,Running,S008,Active,Normal,0
EQ03679,Excavator,S006,7.3,2.2,60,30.4,88,C7352,OP0174,13.170082,80.123748,Good,94,Running,S006,Active,Normal,0
EQ03680,Motor Grader,S032,10.5,2.9,87,17.4,98,C2272,OP0785,13.236002,79.993288,Good,67,Running,S032,Active,Normal,0
EQ03681,Wheel Loader,S069,8.9,1.8,38,19.7,83,C2847,OP0609,13.27864,80.264381,Good,84,Running,S069,Active,Normal,0
EQ03682,Bulldozer,S101,7.1,0.3,71,30.7,94,C9188,OP0197,12.858209,80.342976,Overdue,80,Running,S101,Active,Normal,0
EQ03683,Dump Truck,S071,7.2,2.7,48,38.8,89,C4346,OP0730,13.215711,80.249558,Good,77,Running,S071,Active,Normal,0
EQ03684,Skid Steer Loader,S030,9.7,0.1,35,29.4,96,C8970,OP0646,13.162278,80.302572,Overdue,87,Running,S030,Active,Normal,0
EQ03685,Motor Grader,S092,6.9,0.5,88,18.1,91,C3926,OP0440,12.908529,80.369568,Good,78,Running,S092,Active,Normal,0
EQ03686,Bulldozer,S053,10.4,2.2,52,37.4,86,C1131,OP0281,12.983212,80.341544,Good,97,Running,S053,Active,Normal,0
EQ03687,Dump Truck,S028,5.1,2.5,62,14.2,80,C2958,OP0417,13.279998,80.234106,Good,97,Running,S028,Active,Normal,0
EQ03688,Bulldozer,S081,11.0,0.6,82,18.6,86,C7972,OP1150,13.124878,80.149695,Good,88,Running,S081,Active,Normal,0
EQ03689,Excavator,S066,9.6,0.0,77,14.8,89,C8201,OP0666,12.984704,80.002555,Good,65,Running,S066,Active,Normal,0
EQ03690,Backhoe Loader,S074,8.2,2.2,48,34.5,98,C5033,OP0450,13.159848,80.0689,Due Soon,93,Running,S074,Active,Normal,0
EQ03691,Excavator,S018,9.8,2.4,80,27.9,92,C9138,OP0396,13.00504,80.087477,Due Soon,82,Running,S018,Active,Normal,0
EQ03692,Dump Truck,S150,10.9,1.9,90,31.0,89,C6248,OP0640,12.864433,80.379284,Good,94,Running,S150,Active,Normal,0
EQ03693,Bulldozer,S056,7.7,2.6,90,33.1,81,C5870,OP0969,13.171761,80.196476,Good,82,Running,S056,Active,Normal,0
EQ03694,Dump Truck,S041,6.2,2.1,87,20.6,89,C2368,OP1185,13.141824,80.096984,Good,80,Running,S041,Active,Normal,0
EQ03695,Wheel Loader,S130,5.2,0.3,39,16.7,87,C8963,OP0644,12.71888,80.329115,Good,78,Running,S130,Active,Normal,0
EQ03696,Dump Truck,S149,8.3,1.0,53,35.4,83,C3527,OP1126,13.22652,80.093072,Good,87,Running,S149,Active,Normal,0
EQ03697,Skid Steer Loader,S048,10.0,2.8,95,13.3,94,C9644,OP0824,13.069084,80.233083,Good,88,Running,S048,Active,Normal,0
EQ03698,Skid Steer Loader,S068,7.3,2.3,89,26.7,92,C5088,OP0727,13.324689,80.339316,Good,81,Running,S068,Active,Normal,0
EQ03699,Excavator,S078,6.4,1.8,63,21.3,92,C9572,OP0491,12.747565,80.296262,Good,83,Running,S078,Active,Normal,0
EQ03700,Wheel Loader,S054,5.0,0.6,71,23.6,100,C9261,OP0040,12.993727,80.136306,Good,87,Running,S054,Active,Normal,0
EQ03701,Motor Grader,S112,5.7,1.8,80,23.6,80,C4539,OP0006,13.27234,80.255842,Good,79,Running,S112,Active,Normal,0
EQ03702,Backhoe Loader,S016,6.6,2.3,61,15.6,94,C2410,OP0587,13.064905,80.116272,Good,89,Running,S016,Active,Normal,0
EQ03703,Backhoe Loader,S028,9.6,0.9,37,28.5,97,C5423,OP0370,13.08598,80.106952,Overdue,70,Running,S028,Active,Normal,0
EQ03704,Backhoe Loader,S032,7.5,0.6,54,15.7,84,C1855,OP0683,12.900822,80.139455,Good,91,Running,S032,Active,Normal,0
EQ03705,Bulldozer,S146,10.2,0.5,91,19.8,100,C1091,OP1176,12.908966,80.21026,Good,92,Running,S146,Active,Normal,0
EQ03706,Motor Grader,S011,5.9,0.8,39,27.6,82,C6970,OP1182,13.076589,80.003096,Good,69,Running,S011,Active,Normal,0
EQ03707,Wheel Loader,S073,5.3,0.4,41,35.0,86,C5146,OP0621,12.713717,80.241544,Good,93,Running,S073,Active,Normal,0
EQ03708,Wheel Loader,S049,5.3,0.3,78,12.4,89,C6275,OP0172,12.776356,80.323637,Good,96,Running,S049,Active,Normal,0
EQ03709,Backhoe Loader,S094,10.2,0.2,86,25.4,85,C6227,OP0818,12.746285,80.260031,Good,97,Running,S094,Active,Normal,0
EQ03710,Wheel Loader,S054,6.8,2.7,91,24.3,80,C6392,OP0532,13.000994,80.354082,Good,95,Running,S054,Active,Normal,0
EQ03711,Bulldozer,S035,5.8,0.7,42,27.7,84,C8804,OP0081,12.993883,80.01302,Good,69,Running,S035,Active,Normal,0
EQ03712,Excavator,S054,6.2,0.4,73,34.3,95,C6141,OP1038,13.277919,80.291995,Good,88,Running,S054,Active,Normal,0
EQ03713,Backhoe Loader,S092,7.3,2.9,46,16.0,80,C3518,OP0348,13.293687,80.085767,Good,79,Running,S092,Active,Normal,0
EQ03714,Motor Grader,S078,10.3,1.9,83,14.0,93,C8195,OP0178,13.149519,80.22364,Overdue,70,Running,S078,Active,Normal,0
EQ03715,Bulldozer,S146,6.0,2.9,5,18.0,97,C2337,OP0564,13.240185,80.054911,Due Soon,75,Running,S146,Active,Fuel Anomaly,1
EQ03716,Motor Grader,S001,11.0,2.0,93,35.9,87,C7743,OP0877,13.286557,80.073458,Good,97,Running,S001,Active,Normal,0
EQ03717,Dump Truck,S024,7.0,2.9,81,37.8,89,C6599,OP0689,13.133193,80.276639,Good,69,Running,S024,Active,Normal,0
EQ03718,Motor Grader,S073,7.1,1.4,82,29.1,97,C5972,OP0412,12.932128,80.208672,Good,87,Running,S073,Active,Normal,0
EQ03719,Wheel Loader,S139,7.4,2.7,42,35.5,86,C2838,OP1104,12.916031,80.021281,Good,69,Running,S139,Active,Normal,0
EQ03720,Excavator,S025,10.1,0.0,57,16.6,80,C6828,OP0725,12.858776,79.969777,Good,85,Running,S025,Active,Normal,0
EQ03721,Motor Grader,S071,8.4,1.3,5,18.0,89,C4193,OP0704,12.927644,80.254605,Due Soon,65,Running,S071,Active,Fuel Anomaly,1
EQ03722,Motor Grader,S005,6.6,0.7,49,20.1,93,C6010,OP0441,13.26513,80.022202,Due Soon,69,Running,S005,Active,Normal,0
EQ03723,Wheel Loader,S059,6.9,1.4,61,32.0,90,C7959,OP0281,12.796851,80.37249,Good,83,Running,S059,Active,Normal,0
EQ03724,Excavator,S022,10.5,0.2,58,24.6,86,C1843,OP1119,12.815201,80.284865,Due Soon,91,Running,S022,Active,Normal,0
EQ03725,Excavator,S035,5.7,2.7,89,24.4,96,C3114,OP0887,13.343302,80.192215,Due Soon,68,Running,S035,Active,Normal,0
EQ03726,Motor Grader,S030,5.1,2.7,93,12.6,96,C5898,OP0110,12.786768,80.112272,Good,68,Running,S030,Active,Normal,0
EQ03727,Backhoe Loader,S060,5.3,2.4,44,18.3,93,C1342,OP0737,12.950717,80.134472,Good,65,Running,S060,Active,Normal,0
EQ03728,Backhoe Loader,S014,6.6,1.7,49,33.1,82,C4423,OP0483,13.340134,80.240463,Good,95,Running,S014,Active,Normal,0
EQ03729,Bulldozer,S098,6.1,2.9,90,12.5,80,C4208,OP0572,13.190532,80.281468,Good,97,Running,S098,Active,Normal,0
EQ03730,Skid Steer Loader,S007,7.9,1.3,39,12.6,81,C3821,OP0257,13.08093,80.247358,Good,92,Running,S007,Active,Normal,0
EQ03731,Skid Steer Loader,S050,8.3,0.6,81,37.6,82,C4556,OP0887,13.18597,80.047003,Good,91,Running,S050,Active,Normal,0
EQ03732,Excavator,S014,8.8,1.6,63,22.4,89,C3492,OP0615,12.974744,80.031412,Good,89,Running,S014,Active,Normal,0
EQ03733,Bulldozer,S041,9.0,1.6,64,25.9,86,C1882,OP0718,13.20593,80.141988,Good,75,Running,S041,Active,Normal,0
EQ03734,Wheel Loader,S072,9.8,1.6,60,14.8,84,C8044,OP0953,13.27354,80.224221,Due Soon,72,Running,S072,Active,Normal,0
EQ03735,Wheel Loader,S103,11.0,2.4,72,19.7,81,C6965,OP0223,13.273232,79.970998,Due Soon,90,Running,S103,Active,Normal,0
EQ03736,Dump Truck,S076,0.5,22.0,53,32.0,95,C4779,OP0209,12.727758,80.136949,Good,5,Idle,S076,Active,High Idle,1
EQ03737,Excavator,S022,10.4,2.5,66,36.6,80,C6768,OP0034,13.046167,80.374619,Overdue,67,Running,S022,Active,Normal,0
EQ03738,Skid Steer Loader,S025,9.1,2.0,93,39.5,81,C2354,OP1163,13.017233,80.032795,Good,89,Running,S025,Active,Normal,0
EQ03739,Dump Truck,S049,5.9,0.7,58,36.4,99,C7569,OP0917,13.255888,80.194515,Due Soon,79,Running,S049,Active,Normal,0
EQ03740,Bulldozer,S134,9.5,1.3,47,13.7,85,C1621,OP1146,13.228693,80.171759,Good,85,Running,S134,Active,Normal,0
EQ03741,Motor Grader,S028,6.2,2.5,45,23.8,99,C5193,OP0831,12.73238,79.953988,Due Soon,71,Running,S028,Active,Normal,0
EQ03742,Excavator,S075,6.1,0.3,58,30.2,85,C2295,OP1181,13.279464,80.199899,Good,80,Running,S075,Active,Normal,0
EQ03743,Bulldozer,S075,8.0,0.2,88,31.7,94,C8996,OP0722,12.79401,80.049898,Due Soon,73,Running,S075,Active,Normal,0
EQ03744,Backhoe Loader,S085,6.5,1.9,74,18.6,84,C5777,OP0296,13.052158,80.265578,Good,78,Running,S085,Active,Normal,0
EQ03745,Wheel Loader,S060,6.6,2.6,53,28.2,89,C8176,OP0578,13.032822,80.065647,Good,81,Running,S060,Active,Normal,0
EQ03746,Backhoe Loader,S062,8.1,0.8,90,20.1,93,C3928,OP0838,12.874153,80.172598,Good,96,Running,S062,Active,Normal,0
EQ03747,Dump Truck,S094,5.1,1.5,41,27.6,97,C4410,OP0413,13.095077,80.259971,Due Soon,69,Running,S094,Active,Normal,0
EQ03748,Backhoe Loader,S131,6.5,2.6,86,36.4,87,C9574,OP0200,12.744787,80.315969,Good,79,Running,S131,Active,Normal,0
EQ03749,Dump Truck,S089,9.4,1.1,69,16.7,80,C1690,OP0102,12.9624,80.327663,Good,85,Running,S089,Active,Normal,0
EQ03750,Dump Truck,S008,9.0,0.7,66,24.6,91,C1468,OP0430,13.067596,79.955681,Good,79,Running,S008,Expired,Contract Expired,1
EQ03751,Wheel Loader,S113,6.5,2.6,41,26.1,100,C8353,OP0814,13.314517,80.141836,Good,93,Running,S113,Active,Normal,0
EQ03752,Wheel Loader,S012,9.7,1.1,78,24.0,91,C4199,OP1059,13.305289,80.250357,Good,76,Running,S012,Active,Normal,0
EQ03753,Motor Grader,S084,7.6,2.1,76,12.2,83,C2789,OP0201,12.747009,80.273023,Good,82,Running,S084,Active,Normal,0
EQ03754,Skid Steer Loader,S015,9.9,1.8,88,15.9,85,C4853,OP0633,12.789553,79.953185,Good,71,Running,S015,Active,Normal,0
EQ03755,Bulldozer,S029,10.8,0.6,35,38.7,80,C1603,OP0797,12.800395,80.366858,Good,79,Running,S029,Active,Normal,0
EQ03756,Skid Steer Loader,S092,5.3,1.7,42,30.3,96,C3976,OP0466,13.008371,80.388983,Good,69,Running,S092,Active,Normal,0
EQ03757,Wheel Loader,S026,5.7,0.2,74,32.6,83,C2033,OP0706,13.088727,79.98325,Good,67,Running,S026,Active,Normal,0
EQ03758,Bulldozer,S113,8.4,2.4,49,20.1,81,C2281,OP0491,13.02492,79.959129,Good,97,Running,S113,Active,Normal,0
EQ03759,Wheel Loader,S059,6.8,0.9,88,14.5,87,C9256,OP0550,12.974919,80.228482,Overdue,79,Running,S059,Active,Normal,0
EQ03760,Excavator,S068,10.0,1.5,77,31.0,97,C8111,OP0367,13.308129,79.987507,Overdue,65,Running,S068,Active,Normal,0
EQ03761,Dump Truck,S129,6.9,0.6,62,39.8,83,C7561,OP1015,13.012093,80.11315,Good,80,Running,S129,Active,Normal,0
EQ03762,Skid Steer Loader,S101,5.5,2.1,72,25.7,85,C9218,OP0193,12.78368,80.258807,Due Soon,78,Running,S101,Active,Normal,0
EQ03763,Backhoe Loader,S017,10.1,2.8,5,18.0,90,C3127,OP0453,12.799427,80.022811,Overdue,89,Running,S017,Active,Fuel Anomaly,1
EQ03764,Bulldozer,S023,9.8,0.4,59,26.9,28,C8192,OP0580,13.032781,80.020843,Overdue,71,Maintenance,S023,Active,Maintenance Overdue,1
EQ03765,Backhoe Loader,S060,6.1,1.5,81,38.2,81,C1078,OP0703,12.758972,80.31722,Good,92,Running,S060,Active,Normal,0
EQ03766,Wheel Loader,S008,8.0,1.9,43,34.8,28,C7330,OP0260,13.293261,80.041959,Overdue,84,Maintenance,S008,Active,Maintenance Overdue,1
EQ03767,Excavator,S085,9.8,2.1,90,37.6,97,C5351,OP0876,12.960868,80.012931,Good,68,Running,S085,Active,Normal,0
EQ03768,Motor Grader,S018,9.4,2.1,38,29.2,100,C6513,OP0052,12.718573,80.312487,Good,75,Running,S018,Active,Normal,0
EQ03769,Motor Grader,S087,8.7,1.2,87,38.0,96,C3277,OP0502,13.313202,80.006729,Overdue,96,Running,S087,Active,Normal,0
EQ03770,Dump Truck,S035,10.1,1.6,78,34.7,89,C1027,OP0769,13.320128,80.014643,Good,86,Running,S035,Active,Normal,0
EQ03771,Motor Grader,S147,6.6,2.6,55,23.3,90,C6422,OP1116,12.802963,80.080953,Good,87,Running,S147,Active,Normal,0
EQ03772,Backhoe Loader,S126,6.3,1.4,67,35.1,85,C5248,OP0043,13.084148,80.26558,Good,72,Running,S126,Active,Normal,0
EQ03773,Excavator,S015,9.5,16.0,90,18.6,89,C5781,OP0942,13.146166,80.232496,Good,8,Idle,S015,Active,Low Utilization,1
EQ03774,Skid Steer Loader,S135,8.0,0.1,94,16.6,86,C6158,OP0969,12.804222,80.372936,Good,74,Running,S135,Active,Normal,0
EQ03775,Backhoe Loader,S071,7.0,2.8,39,28.0,88,C8238,OP0504,12.804143,79.994967,Good,80,Running,S071,Expired,Contract Expired,1
EQ03776,Backhoe Loader,S049,8.0,1.0,84,16.8,89,C2268,OP0490,13.335272,80.134789,Due Soon,79,Running,S049,Active,Normal,0
EQ03777,Wheel Loader,S034,7.2,3.0,57,38.2,84,C8163,OP0005,12.906367,80.061028,Due Soon,88,Running,S034,Active,Normal,0
EQ03778,Bulldozer,S066,5.1,1.7,69,37.5,85,C4829,OP1030,12.765606,80.07905,Good,82,Running,S066,Active,Normal,0
EQ03779,Bulldozer,S115,7.6,0.4,70,23.8,89,C4483,OP0349,13.317534,80.359332,Overdue,73,Running,S115,Active,Normal,0
EQ03780,Excavator,S064,6.7,2.2,70,24.8,97,C6667,OP0075,13.050379,80.212993,Good,75,Running,S064,Active,Normal,0
EQ03781,Motor Grader,S016,7.7,1.1,38,26.3,81,C7332,OP0764,12.829177,79.961263,Good,68,Running,S016,Active,Normal,0
EQ03782,Wheel Loader,S005,10.7,2.5,42,26.1,88,C1440,OP0538,13.144928,80.225014,Good,94,Running,S005,Active,Normal,0
EQ03783,Bulldozer,S042,6.0,0.9,86,28.3,88,C6544,OP0217,13.261311,80.201906,Good,65,Running,S042,Active,Normal,0
EQ03784,Excavator,S077,7.1,0.5,84,15.9,95,C7713,OP0696,13.039449,80.398818,Good,76,Running,S077,Active,Normal,0
EQ03785,Dump Truck,S133,5.6,2.7,52,26.5,88,C4204,OP0633,13.20666,80.370106,Good,82,Running,S133,Active,Normal,0
EQ03786,Wheel Loader,S102,10.1,2.6,88,165.0,98,C5519,OP1021,13.192508,80.15719,Good,98,Running,S102,Active,Distance Spike,1
EQ03787,Dump Truck,S136,6.6,0.5,87,23.4,87,C3509,OP0957,13.221839,80.022661,Due Soon,81,Running,S136,Active,Normal,0
EQ03788,Skid Steer Loader,S080,0.5,22.0,42,13.6,90,C2008,OP1008,13.173214,80.218168,Good,5,Idle,S080,Active,High Idle,1
EQ03789,Bulldozer,S002,8.5,1.7,87,16.1,92,C4349,OP1126,12.793424,79.998521,Due Soon,98,Running,S002,Active,Normal,0
EQ03790,Motor Grader,S111,6.7,0.9,44,15.1,81,C7885,OP0997,12.987127,80.095411,Good,78,Running,S111,Active,Normal,0
EQ03791,Backhoe Loader,S146,6.0,2.1,79,20.3,98,C9825,OP0847,12.748639,80.31318,Good,90,Running,S146,Expired,Contract Expired,1
EQ03792,Excavator,S035,7.2,2.9,86,22.9,86,C8346,OP0600,12.876927,80.206791,Good,68,Running,S035,Active,Normal,0
EQ03793,Motor Grader,S079,7.7,0.3,49,21.5,82,C6828,OP0227,12.832782,80.295884,Overdue,90,Running,S079,Active,Normal,0
EQ03794,Skid Steer Loader,S074,10.7,0.3,50,29.6,92,C4180,OP0726,12.774966,80.056814,Good,70,Running,S074,Active,Normal,0
EQ03795,Wheel Loader,S027,9.5,1.7,37,32.6,100,C4118,OP1161,13.206609,80.382123,Good,86,Running,S027,Active,Normal,0
EQ03796,Motor Grader,S131,7.9,1.6,67,24.6,100,C7426,OP0343,12.869767,80.190814,Due Soon,68,Running,S131,Active,Normal,0
EQ03797,Excavator,S018,9.1,0.2,39,29.3,90,C1490,OP0150,13.080837,80.397693,Good,96,Running,S018,Active,Normal,0
EQ03798,Excavator,S073,9.4,0.5,83,33.5,86,C6492,OP0871,13.211632,79.952263,Good,92,Running,S073,Active,Normal,0
EQ03799,Wheel Loader,S033,5.4,0.9,62,30.3,99,C7541,OP0447,13.049098,80.051361,Due Soon,86,Running,S033,Active,Normal,0
EQ03800,Excavator,S041,7.9,1.4,78,165.0,97,C7972,OP0409,13.144054,79.993082,Good,98,Running,S041,Active,Distance Spike,1
EQ03801,Motor Grader,S071,9.0,2.2,36,25.0,87,C6871,OP0236,13.247274,80.315485,Due Soon,69,Running,S071,Active,Normal,0
EQ03802,Backhoe Loader,S073,7.4,1.0,42,12.4,81,C1133,OP0917,12.783491,80.016317,Good,72,Running,S073,Active,Normal,0
EQ03803,Bulldozer,S073,10.1,0.8,56,165.0,85,C6154,OP0809,12.924123,80.043845,Good,98,Running,S073,Active,Distance Spike,1
EQ03804,Wheel Loader,S057,8.3,3.0,57,32.1,87,C2189,OP0756,12.710493,80.030478,Due Soon,68,Running,S057,Active,Normal,0
EQ03805,Bulldozer,S135,5.5,2.8,59,35.5,81,C3470,OP0286,13.138209,80.14569,Good,85,Running,S135,Active,Normal,0
EQ03806,Bulldozer,S112,5.1,0.3,51,17.2,91,C6383,OP1071,13.181737,80.11301,Good,74,Running,S112,Active,Normal,0
EQ03807,Backhoe Loader,S043,9.1,2.6,60,14.6,80,C7266,OP0720,12.76892,80.170923,Due Soon,87,Running,S043,Active,Normal,0
EQ03808,Excavator,S064,9.5,0.2,5,18.0,87,C3832,OP0019,13.075114,80.045718,Good,82,Running,S064,Active,Fuel Anomaly,1
EQ03809,Backhoe Loader,S010,6.0,0.5,52,14.2,86,C8931,OP0778,12.831357,80.151973,Good,94,Running,S010,Active,Normal,0
EQ03810,Motor Grader,S083,7.9,2.8,77,16.8,85,C1284,OP1051,12.702517,80.047831,Good,87,Running,S083,Active,Normal,0
EQ03811,Motor Grader,S039,6.1,0.3,80,26.5,98,C1763,OP0893,13.322517,80.353869,Good,87,Running,S039,Active,Normal,0
EQ03812,Wheel Loader,S027,6.2,16.0,72,16.7,100,C6027,OP0238,12.783206,80.252231,Good,8,Idle,S027,Active,Low Utilization,1
EQ03813,Motor Grader,S022,8.6,1.1,53,29.4,88,C5952,OP0804,13.313478,80.368674,Due Soon,86,Running,S022,Active,Normal,0
EQ03814,Motor Grader,S041,5.5,0.6,86,26.9,87,C9699,OP0598,12.76499,80.026979,Good,92,Running,S041,Active,Normal,0
EQ03815,Wheel Loader,S060,9.5,2.8,56,13.6,99,C7075,OP0527,13.025589,80.338971,Good,70,Running,S060,Active,Normal,0
EQ03816,Bulldozer,S045,8.1,2.9,84,39.5,82,C3719,OP0344,12.778632,80.285875,Due Soon,91,Running,S045,Active,Normal,0
EQ03817,Dump Truck,S063,7.7,0.5,76,38.8,100,C7378,OP0830,12.780598,79.999123,Good,79,Running,S063,Active,Normal,0
EQ03818,Skid Steer Loader,S011,10.5,1.8,66,18.2,80,C5629,OP1142,13.348506,80.369508,Good,67,Running,S011,Active,Normal,0
EQ03819,Backhoe Loader,S027,7.8,1.9,47,18.2,85,C9753,OP0563,13.341541,80.14083,Good,78,Running,S027,Active,Normal,0
EQ03820,Excavator,S021,8.7,1.6,42,32.4,93,C3533,OP0791,12.933122,80.391977,Good,94,Running,S021,Active,Normal,0
EQ03821,Skid Steer Loader,S122,10.0,1.5,88,16.4,91,C2935,OP0455,12.770698,80.251851,Good,74,Running,S122,Active,Normal,0
EQ03822,Backhoe Loader,S060,8.0,0.4,42,39.6,83,C1639,OP1091,13.193954,80.099167,Good,91,Running,S060,Active,Normal,0
EQ03823,Dump Truck,S004,8.9,1.6,50,35.8,94,C5363,OP0383,13.263238,80.215395,Due Soon,74,Running,S004,Active,Normal,0
EQ03824,Bulldozer,S117,9.9,0.4,95,15.6,82,C8397,OP0730,13.116442,80.385961,Good,97,Running,S117,Active,Normal,0
EQ03825,Wheel Loader,S063,7.0,2.0,74,33.5,98,C3890,OP0831,13.095238,80.164659,Good,74,Running,S063,Active,Normal,0
EQ03826,Skid Steer Loader,S078,9.6,2.0,50,21.6,88,C3344,OP0721,12.916286,80.294616,Good,79,Running,S078,Active,Normal,0
EQ03827,Skid Steer Loader,S103,10.0,1.1,40,25.9,83,C8438,OP1050,13.327722,80.117616,Overdue,89,Running,S103,Active,Normal,0
EQ03828,Motor Grader,S006,5.4,16.0,80,26.4,83,C9621,OP0963,12.809159,80.125367,Good,8,Idle,S006,Active,Low Utilization,1
EQ03829,Bulldozer,S106,10.5,0.4,49,22.4,93,C3442,OP0981,13.043383,80.231675,Good,98,Running,S106,Active,Normal,0
EQ03830,Skid Steer Loader,S055,9.1,0.3,76,12.8,90,C8955,OP0596,13.099301,80.153171,Good,66,Running,S055,Active,Normal,0
EQ03831,Bulldozer,S024,5.7,1.6,80,30.2,88,C5739,OP0009,12.719933,80.17767,Good,75,Running,S024,Active,Normal,0
EQ03832,Backhoe Loader,S046,5.7,1.9,88,36.7,99,C1394,OP0961,13.225326,80.312821,Good,74,Running,S046,Active,Normal,0
EQ03833,Bulldozer,S082,6.5,1.7,47,38.3,86,C8022,OP0446,13.01309,80.34772,Good,81,Running,S082,Active,Normal,0
EQ03834,Dump Truck,S060,6.5,1.0,67,23.4,91,C4498,OP0009,12.752755,80.103144,Good,83,Running,S060,Active,Normal,0
EQ03835,Wheel Loader,S007,9.1,1.8,88,25.1,81,C7592,OP0477,13.131621,80.242586,Good,67,Running,S007,Active,Normal,0
EQ03836,Backhoe Loader,S070,10.5,1.5,37,25.5,95,C4732,OP0766,13.003685,79.998508,Good,83,Running,S070,Active,Normal,0
EQ03837,Excavator,S111,9.6,1.3,58,27.6,98,C2445,OP0613,13.177118,80.304745,Good,90,Running,S111,Active,Normal,0
EQ03838,Dump Truck,S143,6.0,1.1,85,19.9,96,C8111,OP1114,13.141546,80.126968,Due Soon,84,Running,S143,Active,Normal,0
EQ03839,Bulldozer,S012,8.2,1.2,41,34.8,86,C2678,OP0446,13.088259,80.248414,Due Soon,84,Running,S012,Active,Normal,0
EQ03840,Skid Steer Loader,S137,9.2,0.7,44,20.8,81,C8553,OP1023,13.117151,80.360418,Good,84,Running,S137,Active,Normal,0
EQ03841,Wheel Loader,S104,6.7,1.4,57,28.0,88,C6533,OP0352,13.307819,79.967415,Due Soon,74,Running,S104,Active,Normal,0
EQ03842,Bulldozer,S048,10.4,2.0,41,35.5,89,C2786,OP1094,13.169287,80.305381,Good,93,Running,S048,Active,Normal,0
EQ03843,Wheel Loader,S050,7.3,1.0,53,35.0,88,C4243,OP0454,13.258797,80.332165,Due Soon,89,Running,S050,Active,Normal,0
EQ03844,Dump Truck,S003,6.4,0.4,72,21.4,100,C6904,OP1195,13.340826,79.982218,Good,93,Running,S003,Active,Normal,0
EQ03845,Excavator,S023,10.0,2.6,51,28.2,89,C8135,OP0183,13.164336,79.95647,Good,93,Running,S023,Active,Normal,0
EQ03846,Dump Truck,S023,10.0,1.0,60,29.5,89,C1385,OP1170,12.955488,80.303756,Overdue,80,Running,S023,Active,Normal,0
EQ03847,Skid Steer Loader,S064,10.6,2.8,36,28.0,89,C3110,OP0977,13.134014,80.383626,Good,97,Running,S064,Active,Normal,0
EQ03848,Wheel Loader,S056,9.0,2.8,87,21.7,88,C7768,OP0240,13.069041,80.217617,Due Soon,97,Running,S056,Active,Normal,0
EQ03849,Skid Steer Loader,S098,9.5,2.7,85,13.6,83,C2713,OP1135,13.157978,80.376354,Due Soon,88,Running,S098,Active,Normal,0
EQ03850,Skid Steer Loader,S008,7.3,0.8,92,20.3,92,C9146,OP1177,12.86478,80.072938,Good,94,Running,S008,Active,Normal,0
EQ03851,Dump Truck,S068,7.9,0.5,57,14.3,96,C7316,OP0668,13.088541,80.212385,Good,91,Running,S068,Active,Normal,0
EQ03852,Skid Steer Loader,S023,10.4,0.5,80,21.6,96,C4028,OP1164,13.20712,80.294117,Good,97,Running,S038,Active,Wrong Site,1
EQ03853,Backhoe Loader,S112,10.5,1.0,57,34.9,96,C5903,OP0896,12.840334,80.105082,Good,83,Running,S112,Active,Normal,0
EQ03854,Skid Steer Loader,S094,8.9,2.3,72,16.2,80,C3146,OP0623,12.728264,80.371405,Good,81,Running,S094,Active,Normal,0
EQ03855,Backhoe Loader,S133,8.5,1.2,76,23.9,80,C7196,OP0752,12.895832,80.253433,Good,86,Running,S133,Active,Normal,0
EQ03856,Skid Steer Loader,S104,8.3,1.4,89,21.8,97,C6753,OP0289,12.961836,80.132359,Due Soon,71,Running,S104,Active,Normal,0
EQ03857,Motor Grader,S102,10.4,2.2,68,33.7,100,C4768,OP0064,13.249052,80.136992,Good,71,Running,S102,Active,Normal,0
EQ03858,Wheel Loader,S100,9.2,2.0,55,28.2,82,C1510,OP1058,13.027382,80.329231,Good,87,Running,S100,Active,Normal,0
EQ03859,Bulldozer,S098,10.9,2.5,87,13.5,87,C4376,OP1178,12.937043,80.23102,Due Soon,98,Running,S098,Active,Normal,0
EQ03860,Excavator,S036,11.0,0.3,74,13.7,85,C1273,,13.290372,80.168795,Good,90,Running,S036,Active,Missing Operator,1
EQ03861,Dump Truck,S075,11.0,0.7,55,37.9,92,C4166,OP0690,12.947573,80.149568,Good,86,Running,S075,Active,Normal,0
EQ03862,Bulldozer,S016,5.6,1.9,62,33.2,87,C6294,OP1016,13.348888,80.175039,Good,70,Running,S016,Active,Normal,0
EQ03863,Backhoe Loader,S065,9.6,0.6,73,35.8,98,C7723,OP0223,13.160961,80.317181,Good,80,Running,S065,Active,Normal,0
EQ03864,Excavator,S092,6.6,1.6,64,29.3,100,C3587,OP0024,12.865789,79.995935,Good,85,Running,S092,Active,Normal,0
EQ03865,Dump Truck,S070,6.6,0.9,51,39.1,80,C2675,OP0499,12.732021,80.061976,Good,73,Running,S070,Active,Normal,0
EQ03866,Excavator,S098,10.8,0.8,41,19.3,82,C1919,OP0670,13.012245,80.329799,Due Soon,65,Running,S098,Active,Normal,0
EQ03867,Excavator,S012,6.4,1.3,87,25.0,87,C8985,OP0837,13.058722,80.188935,Due Soon,71,Running,S012,Active,Normal,0
EQ03868,Motor Grader,S117,7.6,0.7,65,15.9,90,C2640,OP0384,13.061458,80.235646,Good,81,Running,S117,Active,Normal,0
EQ03869,Dump Truck,S122,8.1,2.9,70,39.4,86,C4860,OP1079,13.069639,80.116986,Good,72,Running,S122,Active,Normal,0
EQ03870,Skid Steer Loader,S060,9.4,1.9,56,36.0,85,C8650,OP0308,12.917646,80.392664,Good,82,Running,S060,Active,Normal,0
EQ03871,Excavator,S103,5.2,3.0,43,28.6,85,C7397,OP0621,12.97137,80.140626,Good,74,Running,S103,Active,Normal,0
EQ03872,Backhoe Loader,S025,7.5,0.2,67,31.3,83,C9735,OP0513,13.130192,80.023478,Good,75,Running,S025,Active,Normal,0
EQ03873,Dump Truck,S065,8.2,1.1,54,31.6,89,C5770,OP0203,13.114649,80.387569,Good,96,Running,S023,Active,Wrong Site,1
EQ03874,Wheel Loader,S075,5.7,2.5,52,17.7,93,C2711,OP0319,12.876178,80.133534,Good,97,Running,S075,Active,Normal,0
EQ03875,Excavator,S111,8.9,0.4,94,17.1,91,C8932,OP0635,13.097232,80.016017,Good,92,Running,S111,Active,Normal,0
EQ03876,Backhoe Loader,S130,10.8,0.6,54,19.9,83,C1028,OP0309,13.143557,80.137344,Good,79,Running,S130,Active,Normal,0
EQ03877,Dump Truck,S138,10.0,0.5,66,23.9,95,C8996,OP1197,13.124118,80.088115,Good,78,Running,S138,Active,Normal,0
EQ03878,Motor Grader,S003,5.1,1.3,65,34.4,28,C8180,OP0456,12.890984,80.136139,Overdue,71,Maintenance,S003,Active,Maintenance Overdue,1
EQ03879,Bulldozer,S075,7.4,1.4,73,40.0,87,C4874,,13.249037,80.323273,Good,84,Running,S075,Active,Missing Operator,1
EQ03880,Backhoe Loader,S027,5.5,2.0,35,31.1,82,C6886,OP0445,13.031703,80.196119,Good,65,Running,S027,Active,Normal,0
EQ03881,Backhoe Loader,S031,5.9,2.5,69,21.4,87,C2334,OP1174,12.896572,80.220509,Good,95,Running,S031,Active,Normal,0
EQ03882,Bulldozer,S012,7.7,0.3,63,14.6,94,C8434,OP0794,12.767823,80.202686,Good,90,Running,S012,Active,Normal,0
EQ03883,Skid Steer Loader,S060,9.5,2.1,61,24.7,91,C6530,OP0941,13.159034,80.291171,Good,76,Running,S060,Active,Normal,0
EQ03884,Excavator,S082,5.8,1.0,91,17.4,81,C2442,OP0117,12.987148,80.193576,Due Soon,76,Running,S082,Active,Normal,0
EQ03885,Wheel Loader,S097,9.0,0.4,43,37.2,89,C2678,OP0424,13.082755,80.386673,Good,75,Running,S097,Active,Normal,0
EQ03886,Bulldozer,S009,10.2,2.2,93,12.9,90,C9328,OP0354,13.348547,80.209532,Good,71,Running,S004,Active,Wrong Site,1
EQ03887,Bulldozer,S067,8.6,2.5,83,20.0,89,C9701,OP0914,12.868581,80.090314,Due Soon,85,Running,S067,Active,Normal,0
EQ03888,Bulldozer,S055,5.7,1.5,37,31.4,28,C8327,OP0895,12.805231,80.033408,Overdue,93,Maintenance,S055,Active,Maintenance Overdue,1
EQ03889,Backhoe Loader,S065,6.9,1.3,55,17.3,97,C2801,OP1069,13.156655,80.350937,Due Soon,66,Running,S065,Active,Normal,0
EQ03890,Excavator,S140,7.5,0.1,66,16.8,100,C4177,OP0219,12.860734,80.277597,Good,65,Running,S140,Active,Normal,0
EQ03891,Wheel Loader,S016,5.9,0.3,51,37.6,80,C8693,OP0306,12.97635,80.060772,Due Soon,86,Running,S016,Active,Normal,0
EQ03892,Motor Grader,S139,6.1,1.3,42,23.1,83,C8573,OP0840,12.890982,79.98634,Good,95,Running,S139,Active,Normal,0
EQ03893,Wheel Loader,S015,10.3,0.5,61,12.6,97,C3407,OP0820,13.235416,80.394025,Good,76,Running,S015,Active,Normal,0
EQ03894,Skid Steer Loader,S089,8.3,1.7,72,15.2,91,C8412,OP0508,12.755289,80.369903,Overdue,74,Running,S089,Active,Normal,0
EQ03895,Wheel Loader,S081,8.0,0.2,89,27.1,81,C6474,OP0835,12.804312,80.234148,Good,90,Running,S081,Active,Normal,0
EQ03896,Backhoe Loader,S017,7.5,0.6,41,38.0,85,C8399,OP1136,13.242518,80.063964,Good,95,Running,S017,Active,Normal,0
EQ03897,Motor Grader,S120,5.9,0.7,78,30.5,94,C1542,OP0697,13.100898,80.372574,Good,81,Running,S120,Active,Normal,0
EQ03898,Excavator,S051,8.8,1.8,81,23.1,92,C5850,OP0205,13.114752,80.198838,Good,67,Running,S051,Active,Normal,0
EQ03899,Backhoe Loader,S007,5.4,0.9,61,28.9,82,C9558,OP0028,13.208495,80.342023,Good,73,Running,S007,Active,Normal,0
EQ03900,Excavator,S096,7.7,0.5,72,23.0,92,C4066,OP0435,13.01004,80.344477,Good,92,Running,S096,Active,Normal,0
EQ03901,Motor Grader,S009,0.5,22.0,95,26.3,94,C2010,OP0314,13.099718,80.223648,Good,5,Idle,S009,Active,High Idle,1
EQ03902,Skid Steer Loader,S040,9.2,2.6,39,29.9,82,C3757,OP0801,12.987721,80.009687,Good,80,Running,S040,Expired,Contract Expired,1
EQ03903,Dump Truck,S106,5.2,0.0,74,37.3,88,C4453,OP1100,13.127529,80.189503,Good,65,Running,S106,Active,Normal,0
EQ03904,Wheel Loader,S144,9.1,0.3,43,14.3,100,C8289,OP0144,12.846519,80.048595,Good,88,Running,S144,Active,Normal,0
EQ03905,Skid Steer Loader,S003,5.6,2.5,85,22.8,85,C9041,OP0274,12.900176,79.987221,Good,96,Running,S003,Active,Normal,0
EQ03906,Dump Truck,S108,9.9,0.2,56,38.8,96,C4535,OP1116,13.346222,80.289698,Good,70,Running,S108,Active,Normal,0
EQ03907,Motor Grader,S089,6.2,1.2,67,15.0,88,C3912,OP0620,12.874319,80.342061,Good,70,Running,S089,Active,Normal,0
EQ03908,Dump Truck,S011,7.6,2.0,43,26.2,98,C8419,,12.87827,80.091198,Good,78,Running,S011,Active,Missing Operator,1
EQ03909,Skid Steer Loader,S121,5.5,1.7,74,14.1,84,C7515,OP0305,12.972247,80.065201,Due Soon,84,Running,S121,Active,Normal,0
EQ03910,Dump Truck,S099,8.5,2.0,80,38.6,82,C5018,OP0895,12.741915,79.984817,Good,73,Running,S099,Active,Normal,0
EQ03911,Dump Truck,S127,9.5,1.9,58,12.1,28,C1007,OP0559,13.107634,80.234228,Overdue,80,Maintenance,S127,Active,Maintenance Overdue,1
EQ03912,Excavator,S006,6.9,0.4,92,14.7,97,C9053,OP0573,13.162681,79.9577,Good,98,Running,S006,Active,Normal,0
EQ03913,Excavator,S119,7.9,1.7,84,32.5,89,C7927,OP0016,13.071152,80.132046,Good,70,Running,S119,Active,Normal,0
EQ03914,Skid Steer Loader,S049,0.5,22.0,47,14.5,83,C8587,OP0650,12.709634,80.372505,Good,5,Idle,S049,Active,High Idle,1
EQ03915,Bulldozer,S093,7.7,1.9,54,18.1,83,C5939,OP0911,12.884842,80.054762,Good,90,Running,S093,Active,Normal,0
EQ03916,Bulldozer,S120,6.3,0.5,59,14.6,28,C6277,OP0280,13.282702,80.267048,Overdue,97,Maintenance,S120,Active,Maintenance Overdue,1
EQ03917,Dump Truck,S083,10.6,1.7,77,15.9,96,C4895,OP0694,13.203689,79.966902,Good,86,Running,S083,Active,Normal,0
EQ03918,Wheel Loader,S040,8.6,1.4,54,24.7,96,C8595,OP0811,13.325767,80.252429,Overdue,75,Running,S040,Active,Normal,0
EQ03919,Bulldozer,S024,10.0,1.5,75,20.7,94,C8895,OP0043,12.795349,80.083643,Good,78,Running,S024,Expired,Contract Expired,1
EQ03920,Wheel Loader,S074,8.2,0.4,36,23.8,91,C1009,,12.738024,80.024085,Good,94,Running,S074,Active,Missing Operator,1
EQ03921,Dump Truck,S132,7.2,2.9,92,38.2,100,C9065,OP0190,12.822016,80.019068,Good,87,Running,S132,Active,Normal,0
EQ03922,Wheel Loader,S091,9.2,1.4,82,24.9,89,C7529,OP0595,12.999077,80.140785,Good,75,Running,S091,Active,Normal,0
EQ03923,Dump Truck,S094,9.7,1.9,57,37.1,90,C9286,OP0503,13.009039,79.950739,Good,84,Running,S094,Active,Normal,0
EQ03924,Motor Grader,S060,6.3,0.6,58,13.5,84,C6071,OP0247,13.105753,80.044901,Good,85,Running,S060,Active,Normal,0
EQ03925,Wheel Loader,S111,7.0,0.9,50,29.5,98,C8638,OP0994,12.859952,80.260497,Good,75,Running,S111,Active,Normal,0
EQ03926,Dump Truck,S019,9.4,0.5,70,27.9,90,C2400,OP0892,13.062913,80.223654,Good,96,Running,S019,Expired,Contract Expired,1
EQ03927,Backhoe Loader,S015,6.7,1.8,58,25.2,85,C3653,OP0146,12.742971,80.102626,Good,78,Running,S015,Active,Normal,0
EQ03928,Bulldozer,S047,6.6,1.6,42,16.7,90,C1747,OP0965,12.768367,79.9708,Good,75,Running,S047,Active,Normal,0
EQ03929,Wheel Loader,S071,8.5,1.8,67,27.9,92,C9963,OP0807,12.72846,80.361107,Good,78,Running,S071,Active,Normal,0
EQ03930,Wheel Loader,S049,6.6,1.9,40,24.4,89,C5351,OP0881,12.868496,80.363568,Good,89,Running,S049,Active,Normal,0
EQ03931,Motor Grader,S110,10.2,2.2,58,13.4,82,C5513,OP0346,12.888716,80.352715,Good,79,Running,S110,Active,Normal,0
EQ03932,Wheel Loader,S029,7.5,1.2,73,23.9,85,C4262,,13.261456,80.101312,Good,76,Running,S029,Active,Missing Operator,1
EQ03933,Skid Steer Loader,S038,6.9,1.3,65,16.6,95,C8443,OP0616,12.970704,80.30789,Good,75,Running,S038,Active,Normal,0
EQ03934,Excavator,S103,9.3,0.9,74,19.9,99,C1532,OP0059,12.997306,80.396818,Good,76,Running,S103,Active,Normal,0
EQ03935,Skid Steer Loader,S134,6.9,1.6,86,33.5,82,C3545,OP0426,12.999905,80.177619,Good,67,Running,S134,Active,Normal,0
EQ03936,Bulldozer,S036,5.5,1.6,94,17.2,93,C9681,OP0467,13.239006,80.36305,Good,68,Running,S036,Active,Normal,0
EQ03937,Dump Truck,S093,8.3,2.4,35,18.0,87,C2285,OP0643,12.812823,80.044854,Good,72,Running,S093,Active,Normal,0
EQ03938,Excavator,S122,8.1,0.7,39,20.4,91,C7347,OP1169,13.179816,80.37523,Good,66,Running,S122,Active,Normal,0
EQ03939,Backhoe Loader,S106,5.3,0.5,86,33.6,83,C2997,OP0371,13.079155,80.277461,Good,97,Running,S106,Active,Normal,0
EQ03940,Backhoe Loader,S011,7.9,1.7,45,29.0,98,C4165,OP0655,13.288546,80.214735,Good,96,Running,S011,Active,Normal,0
EQ03941,Motor Grader,S101,7.0,2.6,51,21.0,98,C3426,OP0405,13.091044,80.271962,Due Soon,76,Running,S101,Active,Normal,0
EQ03942,Wheel Loader,S041,8.8,1.6,48,29.8,100,C8370,OP0189,13.291559,80.136499,Due Soon,85,Running,S041,Active,Normal,0
EQ03943,Excavator,S066,5.3,1.7,73,28.8,100,C6397,OP0496,12.909374,80.088957,Due Soon,86,Running,S066,Active,Normal,0
EQ03944,Motor Grader,S026,6.7,2.1,63,22.4,84,C7870,OP0861,12.748301,80.318972,Good,75,Running,S026,Active,Normal,0
EQ03945,Motor Grader,S018,6.2,1.6,67,28.3,87,C6644,OP0079,13.034095,80.023701,Due Soon,69,Running,S018,Active,Normal,0
EQ03946,Wheel Loader,S059,6.9,0.7,92,25.4,92,C5425,OP0695,12.730522,80.201747,Good,67,Running,S059,Active,Normal,0
EQ03947,Dump Truck,S126,8.0,1.9,68,13.4,80,C6711,OP0189,13.133018,80.393727,Good,94,Running,S126,Active,Normal,0
EQ03948,Bulldozer,S051,8.8,0.6,82,21.0,95,C3963,OP1068,12.997002,80.175287,Good,76,Running,S051,Active,Normal,0
EQ03949,Motor Grader,S069,5.8,0.9,45,17.2,98,C8566,OP0183,12.781449,80.194537,Good,90,Running,S069,Active,Normal,0
EQ03950,Excavator,S033,5.2,2.9,87,22.2,100,C6411,OP0135,12.805749,80.359644,Good,67,Running,S033,Active,Normal,0
EQ03951,Bulldozer,S102,7.0,0.7,40,13.3,92,C8507,OP1136,12.880226,80.361063,Overdue,67,Running,S102,Active,Normal,0
EQ03952,Skid Steer Loader,S123,6.9,1.4,35,29.2,100,C9423,OP0684,13.155041,80.209597,Good,98,Running,S123,Active,Normal,0
EQ03953,Dump Truck,S073,0.5,22.0,44,32.3,87,C9630,OP0479,13.128578,80.033001,Good,5,Idle,S073,Active,High Idle,1
EQ03954,Excavator,S075,7.3,0.4,67,33.3,92,C6688,OP0728,12.857797,80.072155,Good,71,Running,S075,Active,Normal,0
EQ03955,Excavator,S079,9.4,1.2,62,39.0,86,C4495,OP1015,12.89104,80.382786,Due Soon,78,Running,S079,Active,Normal,0
EQ03956,Motor Grader,S003,7.3,1.9,54,26.5,93,C4459,OP0838,12.959164,80.211112,Due Soon,76,Running,S003,Active,Normal,0
EQ03957,Excavator,S097,7.1,0.5,66,13.3,83,C2515,OP0603,13.000456,79.950401,Good,89,Running,S097,Active,Normal,0
EQ03958,Backhoe Loader,S072,10.3,0.7,72,30.3,90,C8057,OP1174,13.018213,80.399098,Good,71,Running,S072,Active,Normal,0
EQ03959,Excavator,S094,9.5,2.3,49,24.0,100,C3704,OP0958,12.965988,80.379495,Good,69,Running,S094,Active,Normal,0
EQ03960,Skid Steer Loader,S016,7.5,2.5,88,17.9,82,C3251,OP0845,13.089088,80.141131,Good,86,Running,S016,Active,Normal,0
EQ03961,Bulldozer,S128,6.4,2.9,47,18.5,82,C5324,OP1015,13.036219,80.27419,Good,89,Running,S128,Active,Normal,0
EQ03962,Backhoe Loader,S070,7.3,1.3,59,24.3,94,C6672,OP0247,12.71144,80.306718,Good,74,Running,S070,Active,Normal,0
EQ03963,Wheel Loader,S125,6.9,2.6,78,39.3,86,C4413,OP0323,13.332932,80.172373,Good,77,Running,S125,Active,Normal,0
EQ03964,Bulldozer,S094,9.6,2.2,95,37.3,95,C9721,OP0714,12.994114,80.075727,Due Soon,69,Running,S094,Active,Normal,0
EQ03965,Skid Steer Loader,S102,10.9,0.3,46,31.2,98,C1282,OP1076,13.197139,80.387401,Good,70,Running,S102,Active,Normal,0
EQ03966,Motor Grader,S123,5.3,2.0,5,18.0,87,C8356,OP0221,13.207398,80.14905,Good,67,Running,S123,Active,Fuel Anomaly,1
EQ03967,Motor Grader,S017,5.9,2.8,70,22.7,93,C3972,OP0407,13.064864,80.105989,Good,80,Running,S017,Active,Normal,0
EQ03968,Backhoe Loader,S099,10.8,1.1,69,31.2,92,C9611,OP0192,12.765874,80.06452,Good,87,Running,S099,Active,Normal,0
EQ03969,Bulldozer,S136,10.3,1.9,49,13.2,94,C1740,OP0301,12.735351,80.333877,Good,92,Running,S136,Active,Normal,0
EQ03970,Skid Steer Loader,S105,8.8,0.4,86,28.3,93,C8416,OP0374,13.076116,80.201373,Due Soon,92,Running,S105,Active,Normal,0
EQ03971,Bulldozer,S012,10.5,1.2,36,24.1,90,C8282,OP0860,13.167532,80.11999,Good,90,Running,S012,Active,Normal,0
EQ03972,Motor Grader,S058,6.7,2.0,53,12.6,92,C6101,OP0395,12.769648,80.279394,Good,87,Running,S058,Active,Normal,0
EQ03973,Dump Truck,S113,5.8,0.2,37,32.6,99,C8872,OP0852,13.207013,80.371932,Good,95,Running,S113,Active,Normal,0
EQ03974,Motor Grader,S003,7.3,2.2,48,21.8,83,C4112,OP0977,12.733523,80.158916,Good,85,Running,S003,Active,Normal,0
EQ03975,Backhoe Loader,S116,7.0,0.1,85,14.3,85,C3012,OP0938,13.341764,80.009807,Good,71,Running,S116,Active,Normal,0
EQ03976,Wheel Loader,S119,0.5,22.0,38,24.9,88,C3258,OP1002,12.884192,80.230767,Good,5,Idle,S119,Active,High Idle,1
EQ03977,Skid Steer Loader,S127,5.8,2.3,35,38.4,81,C8276,OP0933,13.326943,80.150571,Good,96,Running,S127,Active,Normal,0
EQ03978,Skid Steer Loader,S066,7.0,0.2,42,17.4,89,C1430,OP0788,13.107954,79.980988,Good,71,Running,S066,Active,Normal,0
EQ03979,Motor Grader,S069,8.8,0.3,63,24.4,95,C1742,OP0299,13.24337,79.97427,Good,96,Running,S069,Active,Normal,0
EQ03980,Excavator,S099,10.6,0.8,58,39.6,97,C7019,OP1086,13.079602,80.322258,Good,69,Running,S099,Active,Normal,0
EQ03981,Motor Grader,S051,5.3,1.9,82,15.9,90,C1115,OP0742,12.979166,80.212164,Due Soon,95,Running,S051,Active,Normal,0
EQ03982,Skid Steer Loader,S150,7.9,1.7,91,29.0,91,C8324,OP0362,12.907325,80.064725,Good,88,Running,S150,Active,Normal,0
EQ03983,Bulldozer,S110,10.0,1.2,81,37.2,83,C5810,OP0050,13.179899,79.979247,Good,96,Running,S110,Active,Normal,0
EQ03984,Backhoe Loader,S135,7.5,16.0,90,25.3,94,C5074,OP0308,12.906919,80.187713,Overdue,8,Idle,S135,Active,Low Utilization,1
EQ03985,Dump Truck,S022,7.0,2.1,90,29.7,87,C6289,OP0427,13.221069,80.310841,Good,84,Running,S022,Active,Normal,0
EQ03986,Backhoe Loader,S068,5.9,1.0,80,12.8,90,C1913,OP0901,13.075305,80.093892,Good,93,Running,S068,Active,Normal,0
EQ03987,Dump Truck,S022,7.5,2.0,38,38.3,88,C6783,OP0067,13.177357,80.294705,Good,95,Running,S022,Active,Normal,0
EQ03988,Dump Truck,S086,10.3,1.2,56,25.8,98,C3731,OP0524,13.094184,80.14203,Due Soon,95,Running,S086,Active,Normal,0
EQ03989,Motor Grader,S019,9.3,2.1,91,21.1,84,C9858,OP0526,13.013217,80.266977,Good,74,Running,S019,Active,Normal,0
EQ03990,Dump Truck,S007,8.8,2.7,73,37.2,80,C6914,OP0630,12.825623,80.060814,Due Soon,68,Running,S007,Active,Normal,0
EQ03991,Bulldozer,S143,8.2,1.2,73,34.3,87,C8516,OP0895,12.788128,80.281578,Good,86,Running,S143,Active,Normal,0
EQ03992,Motor Grader,S148,6.5,2.2,44,12.9,100,C9598,OP0924,12.941109,80.237215,Good,67,Running,S148,Active,Normal,0
EQ03993,Dump Truck,S098,6.8,1.8,69,27.0,97,C4165,OP0610,12.837746,80.016973,Due Soon,74,Running,S098,Active,Normal,0
EQ03994,Skid Steer Loader,S123,7.0,0.3,50,37.1,89,C8458,OP1170,13.142644,80.200523,Good,77,Running,S123,Active,Normal,0
EQ03995,Dump Truck,S120,10.9,1.6,93,14.4,97,C5722,OP0364,12.879021,80.196165,Good,93,Running,S120,Active,Normal,0
EQ03996,Motor Grader,S133,7.7,1.4,51,36.5,84,C5534,OP0194,13.021534,80.083094,Good,73,Running,S133,Active,Normal,0
EQ03997,Skid Steer Loader,S147,9.9,2.9,79,38.7,98,C3858,OP0906,13.280659,79.979569,Due Soon,97,Running,S147,Active,Normal,0
EQ03998,Dump Truck,S041,9.3,2.7,93,38.4,84,C2316,OP1127,13.079934,80.283371,Overdue,87,Running,S041,Active,Normal,0
EQ03999,Bulldozer,S139,7.7,0.2,57,16.3,94,C1715,OP0849,12.860816,80.05653,Due Soon,72,Running,S139,Active,Normal,0
EQ04000,Skid Steer Loader,S099,5.2,2.0,87,19.7,97,C3257,OP0456,12.981808,80.108579,Due Soon,67,Running,S099,Active,Normal,0
EQ04001,Motor Grader,S115,6.1,0.6,78,19.1,83,C2389,OP1041,13.142519,80.248788,Good,86,Running,S115,Active,Normal,0
EQ04002,Backhoe Loader,S087,8.0,1.6,84,24.7,81,C6931,OP0549,12.981464,80.342337,Good,95,Running,S087,Active,Normal,0
EQ04003,Motor Grader,S114,5.4,0.9,77,23.1,28,C8572,OP0549,13.02121,80.018094,Overdue,66,Maintenance,S114,Active,Maintenance Overdue,1
EQ04004,Motor Grader,S120,8.4,1.0,45,26.0,85,C2806,OP0677,12.838222,80.023285,Good,70,Running,S120,Active,Normal,0
EQ04005,Backhoe Loader,S143,10.2,0.6,44,23.6,93,C1230,OP0955,12.908415,80.021733,Good,68,Running,S143,Active,Normal,0
EQ04006,Wheel Loader,S010,10.0,1.7,80,15.6,81,C9236,OP0822,13.290765,80.106127,Good,85,Running,S010,Active,Normal,0
EQ04007,Skid Steer Loader,S095,6.6,0.5,61,31.1,97,C8843,OP1072,13.264143,80.338805,Good,77,Running,S095,Active,Normal,0
EQ04008,Skid Steer Loader,S022,11.0,16.0,79,35.2,92,C1483,OP1193,13.238586,80.209881,Good,8,Idle,S022,Active,Low Utilization,1
EQ04009,Dump Truck,S043,7.3,1.3,67,16.4,92,C5138,OP0552,12.893082,80.167933,Good,94,Running,S043,Active,Normal,0
EQ04010,Skid Steer Loader,S036,6.7,1.7,51,32.6,94,C3022,OP0951,13.23615,80.23997,Due Soon,84,Running,S036,Active,Normal,0
EQ04011,Backhoe Loader,S004,6.6,0.5,79,18.4,86,C7636,OP0335,12.743621,80.129103,Good,91,Running,S004,Active,Normal,0
EQ04012,Bulldozer,S077,6.3,0.8,38,22.3,99,C3097,OP0872,12.889354,80.216566,Good,67,Running,S077,Active,Normal,0
EQ04013,Skid Steer Loader,S030,9.3,2.2,93,38.5,81,C5694,OP0181,12.831896,80.172376,Good,92,Running,S030,Active,Normal,0
EQ04014,Wheel Loader,S083,6.8,2.1,37,36.7,90,C5845,OP0364,12.808845,80.088728,Good,74,Running,S083,Expired,Contract Expired,1
EQ04015,Bulldozer,S099,9.8,2.2,63,32.5,81,C8385,OP0822,12.722855,80.15953,Good,94,Running,S099,Active,Normal,0
EQ04016,Excavator,S006,6.9,1.8,77,36.2,82,C5750,OP0877,13.085368,80.137359,Good,79,Running,S006,Active,Normal,0
EQ04017,Wheel Loader,S040,7.4,1.7,43,165.0,86,C5436,OP0604,13.215191,80.055362,Due Soon,98,Running,S040,Active,Distance Spike,1
EQ04018,Excavator,S008,9.0,0.9,93,29.0,100,C6741,OP0557,13.264773,80.299895,Good,91,Running,S008,Active,Normal,0
EQ04019,Excavator,S144,8.4,2.7,66,24.2,91,C8419,OP0907,12.921573,80.231871,Good,69,Running,S144,Active,Normal,0
EQ04020,Bulldozer,S111,6.9,1.8,39,26.9,80,C5032,OP0408,13.239466,80.067946,Due Soon,92,Running,S111,Active,Normal,0
EQ04021,Excavator,S050,7.9,1.8,54,24.3,100,C3092,OP0007,12.987582,80.347766,Good,88,Running,S050,Active,Normal,0
EQ04022,Excavator,S050,5.7,2.3,83,12.7,97,C8093,OP0040,12.899408,80.041303,Good,70,Running,S050,Active,Normal,0
EQ04023,Dump Truck,S003,8.9,1.3,40,23.5,84,C8791,OP0941,12.909974,80.223577,Due Soon,98,Running,S003,Active,Normal,0
EQ04024,Wheel Loader,S035,5.8,2.8,50,31.6,90,C5635,OP0399,13.190319,79.967072,Good,66,Running,S035,Active,Normal,0
EQ04025,Excavator,S011,5.0,1.6,60,21.8,95,C2026,OP0178,12.716034,80.063665,Good,96,Running,S011,Active,Normal,0
EQ04026,Dump Truck,S071,6.3,1.5,88,14.5,95,C5270,OP0854,13.027948,80.307535,Good,97,Running,S030,Active,Wrong Site,1
EQ04027,Excavator,S044,8.8,0.6,94,24.7,88,C3880,OP0963,13.327876,79.963419,Good,93,Running,S044,Active,Normal,0
EQ04028,Wheel Loader,S097,10.4,0.0,63,31.5,98,C5456,OP0407,13.113489,80.045837,Good,78,Running,S097,Active,Normal,0
EQ04029,Bulldozer,S136,7.6,16.0,81,35.3,84,C8096,OP0559,13.259502,80.324696,Good,8,Idle,S136,Active,Low Utilization,1
EQ04030,Bulldozer,S093,7.6,2.0,91,30.8,83,C5883,OP0295,12.87283,80.228337,Good,96,Running,S093,Active,Normal,0
EQ04031,Skid Steer Loader,S085,5.5,2.4,88,13.6,90,C8161,OP0725,13.163978,80.290897,Good,73,Running,S085,Active,Normal,0
EQ04032,Skid Steer Loader,S120,10.4,2.9,75,26.2,89,C4400,OP1124,12.892255,80.055772,Good,68,Running,S120,Active,Normal,0
EQ04033,Wheel Loader,S014,10.9,2.4,81,36.4,89,C1886,OP0174,13.072715,80.022189,Good,74,Running,S014,Active,Normal,0
EQ04034,Bulldozer,S018,9.3,1.4,57,35.7,93,C8925,OP0179,12.761321,80.170203,Good,78,Running,S018,Active,Normal,0
EQ04035,Excavator,S113,10.7,2.7,42,35.3,87,C4363,OP0519,13.148483,80.041634,Good,65,Running,S113,Active,Normal,0
EQ04036,Backhoe Loader,S069,7.4,2.1,49,35.5,96,C3208,OP1003,12.843586,80.209937,Due Soon,92,Running,S069,Active,Normal,0
EQ04037,Backhoe Loader,S129,6.8,2.0,60,19.6,100,C9691,OP0899,13.207687,80.152645,Good,98,Running,S129,Active,Normal,0
EQ04038,Wheel Loader,S026,5.1,2.9,92,27.0,89,C9748,OP0808,13.248807,80.133417,Due Soon,89,Running,S026,Active,Normal,0
EQ04039,Wheel Loader,S037,7.4,1.9,58,34.7,81,C9675,OP0558,13.092866,80.28771,Good,83,Running,S037,Active,Normal,0
EQ04040,Motor Grader,S028,7.8,1.1,44,23.9,85,C5308,OP0730,13.196733,80.335702,Good,72,Running,S028,Active,Normal,0
EQ04041,Motor Grader,S085,9.0,1.6,95,14.6,98,C8601,OP0718,12.827138,80.04019,Good,80,Running,S085,Active,Normal,0
EQ04042,Skid Steer Loader,S009,7.8,0.5,37,28.7,86,C6943,OP0783,12.847822,80.236591,Good,79,Running,S009,Active,Normal,0
EQ04043,Backhoe Loader,S143,8.3,1.4,51,28.7,98,C3313,OP0453,12.759893,80.200692,Good,87,Running,S143,Active,Normal,0
EQ04044,Wheel Loader,S097,5.9,0.1,51,15.0,96,C8910,OP0793,13.300455,80.152901,Good,82,Running,S097,Active,Normal,0
EQ04045,Bulldozer,S136,5.1,1.2,60,12.5,96,C1407,OP0081,13.07807,80.117059,Good,65,Running,S136,Active,Normal,0
EQ04046,Wheel Loader,S121,8.4,2.5,39,15.8,89,C7637,OP0553,12.79652,80.186847,Good,69,Running,S121,Active,Normal,0
EQ04047,Backhoe Loader,S118,8.2,0.9,78,15.9,96,C1284,OP0115,13.084216,80.356445,Good,79,Running,S118,Expired,Contract Expired,1
EQ04048,Backhoe Loader,S075,7.0,0.2,81,24.2,95,C8156,OP1174,13.346357,80.008216,Good,85,Running,S075,Active,Normal,0
EQ04049,Skid Steer Loader,S038,5.2,1.9,55,16.7,92,C5133,OP1122,13.048064,80.381179,Good,90,Running,S038,Active,Normal,0
EQ04050,Excavator,S126,5.3,2.7,78,36.5,97,C2830,OP1053,13.347152,80.344196,Good,84,Running,S126,Active,Normal,0
EQ04051,Dump Truck,S078,5.6,1.4,39,28.7,83,C7263,OP0655,12.994963,79.955772,Due Soon,84,Running,S078,Active,Normal,0
EQ04052,Wheel Loader,S052,10.0,0.7,36,39.7,99,C2172,OP0175,12.913267,79.969825,Good,95,Running,S052,Active,Normal,0
EQ04053,Excavator,S141,10.1,1.0,63,39.1,91,C4023,OP0693,12.891841,80.282657,Good,67,Running,S141,Active,Normal,0
EQ04054,Bulldozer,S031,6.7,1.6,39,20.4,98,C5665,OP0406,13.222745,80.149541,Good,91,Running,S031,Active,Normal,0
EQ04055,Motor Grader,S047,9.6,1.0,71,24.2,86,C2147,OP0115,13.189532,80.22619,Good,77,Running,S047,Active,Normal,0
EQ04056,Wheel Loader,S066,7.4,2.6,63,37.3,82,C5982,OP0348,13.117187,79.982443,Due Soon,90,Running,S066,Active,Normal,0
EQ04057,Wheel Loader,S052,10.0,2.5,38,26.0,87,C5489,OP0637,12.781697,80.389505,Overdue,86,Running,S052,Active,Normal,0
EQ04058,Wheel Loader,S006,9.6,2.4,36,21.8,83,C2027,OP1130,12.919446,80.188878,Good,79,Running,S006,Active,Normal,0
EQ04059,Dump Truck,S042,6.5,2.9,55,24.4,97,C4377,,13.05031,80.219043,Good,85,Running,S042,Active,Missing Operator,1
EQ04060,Motor Grader,S008,11.0,2.7,39,24.9,89,C7752,OP0344,12.902862,80.315933,Good,88,Running,S008,Active,Normal,0
EQ04061,Skid Steer Loader,S046,5.9,1.8,72,33.1,89,C4252,OP1009,13.065027,80.32138,Good,77,Running,S046,Active,Normal,0
EQ04062,Skid Steer Loader,S066,10.5,1.2,77,30.8,98,C2300,OP0653,13.11311,80.361204,Good,75,Running,S066,Active,Normal,0
EQ04063,Backhoe Loader,S012,5.8,0.5,84,38.9,89,C4810,OP0624,12.896827,80.379427,Good,86,Running,S012,Active,Normal,0
EQ04064,Wheel Loader,S013,8.2,0.4,85,13.1,80,C3880,OP0327,13.200005,80.35542,Good,66,Running,S013,Active,Normal,0
EQ04065,Wheel Loader,S046,5.8,1.3,65,19.3,93,C8813,OP0560,12.724493,80.347013,Good,65,Running,S046,Active,Normal,0
EQ04066,Bulldozer,S015,7.8,1.2,5,18.0,83,C6053,OP1125,12.89312,80.1042,Due Soon,88,Running,S015,Active,Fuel Anomaly,1
EQ04067,Motor Grader,S055,5.7,1.6,76,14.6,83,C9902,OP1198,12.822723,80.338601,Good,68,Running,S055,Active,Normal,0
EQ04068,Wheel Loader,S027,7.2,2.8,43,33.6,85,C1371,OP1098,13.205024,79.963295,Good,95,Running,S027,Active,Normal,0
EQ04069,Motor Grader,S065,8.2,0.9,65,19.2,80,C9399,OP0386,12.888941,80.108951,Due Soon,66,Running,S065,Active,Normal,0
EQ04070,Backhoe Loader,S042,7.9,16.0,36,36.8,85,C9587,OP0353,12.985233,80.296152,Good,8,Idle,S042,Active,Low Utilization,1
EQ04071,Wheel Loader,S094,5.9,0.3,87,19.4,94,C6238,OP0831,13.203301,80.379788,Good,79,Running,S094,Active,Normal,0
EQ04072,Wheel Loader,S029,8.1,3.0,39,29.8,86,C9017,OP1143,13.158449,80.184369,Good,67,Running,S029,Active,Normal,0
EQ04073,Motor Grader,S150,7.9,0.9,52,12.9,80,C1714,OP0717,12.78271,80.371988,Good,86,Running,S150,Active,Normal,0
EQ04074,Dump Truck,S004,10.9,1.5,85,20.2,97,C6389,OP1181,13.011076,80.374058,Good,98,Running,S004,Active,Normal,0
EQ04075,Dump Truck,S003,9.6,1.8,82,37.4,84,C5129,OP0559,12.738243,80.060672,Good,93,Running,S003,Active,Normal,0
EQ04076,Dump Truck,S071,6.1,0.6,92,29.3,82,C1904,OP1042,13.135082,80.208993,Good,74,Running,S071,Active,Normal,0
EQ04077,Bulldozer,S092,6.5,1.1,48,13.7,91,C4717,OP0295,12.888367,80.288969,Good,75,Running,S092,Active,Normal,0
EQ04078,Skid Steer Loader,S087,6.0,0.2,40,17.6,90,C1523,OP0162,13.343439,80.337989,Good,91,Running,S087,Active,Normal,0
EQ04079,Backhoe Loader,S135,8.4,2.1,78,33.2,100,C5086,OP0950,13.32091,80.062024,Good,66,Running,S135,Active,Normal,0
EQ04080,Motor Grader,S086,6.4,1.0,80,12.2,98,C3251,OP1047,13.048938,80.161911,Good,91,Running,S086,Active,Normal,0
EQ04081,Excavator,S088,5.3,1.0,60,16.4,89,C5472,OP1099,13.219403,80.235108,Good,95,Running,S088,Active,Normal,0
EQ04082,Bulldozer,S139,6.5,0.9,92,21.5,82,C9879,OP0178,13.057106,80.206967,Due Soon,81,Running,S139,Active,Normal,0
EQ04083,Skid Steer Loader,S130,5.5,0.5,36,32.2,99,C3998,OP0969,13.075099,80.284719,Good,87,Running,S130,Active,Normal,0
EQ04084,Dump Truck,S113,9.7,0.7,35,21.3,98,C1031,OP0127,12.893995,80.004151,Good,78,Running,S113,Active,Normal,0
EQ04085,Backhoe Loader,S135,10.0,2.9,53,28.8,98,C2727,OP0691,13.038652,80.267018,Good,70,Running,S135,Active,Normal,0
EQ04086,Motor Grader,S061,5.6,0.2,65,27.5,87,C3223,OP0777,13.111433,80.079008,Good,91,Running,S061,Active,Normal,0
EQ04087,Excavator,S001,7.3,0.9,46,34.9,83,C5187,OP0186,12.96381,80.145085,Good,94,Running,S001,Active,Normal,0
EQ04088,Motor Grader,S148,8.0,0.6,81,37.6,81,C8041,OP0228,12.958868,80.046311,Due Soon,72,Running,S148,Active,Normal,0
EQ04089,Motor Grader,S041,5.2,1.8,95,24.2,99,C9705,OP0316,13.302274,79.963706,Good,90,Running,S041,Active,Normal,0
EQ04090,Backhoe Loader,S098,5.7,0.6,59,39.4,99,C2006,OP0576,13.049367,80.149513,Good,84,Running,S098,Active,Normal,0
EQ04091,Motor Grader,S074,7.6,2.9,69,16.1,86,C6007,OP0155,12.982337,79.987542,Due Soon,83,Running,S074,Active,Normal,0
EQ04092,Wheel Loader,S120,10.1,1.1,85,20.6,94,C2414,OP0449,13.09131,80.370259,Good,86,Running,S120,Active,Normal,0
EQ04093,Wheel Loader,S037,5.4,1.1,61,14.2,86,C4007,OP0111,12.893256,80.321679,Due Soon,82,Running,S037,Active,Normal,0
EQ04094,Backhoe Loader,S058,8.7,2.3,65,19.3,95,C2392,OP0024,12.998444,80.307889,Good,67,Running,S058,Active,Normal,0
EQ04095,Backhoe Loader,S087,9.8,2.0,40,36.4,84,C2479,OP0046,12.83602,80.231724,Good,67,Running,S087,Active,Normal,0
EQ04096,Backhoe Loader,S128,6.7,1.8,83,28.8,98,C8074,OP1146,12.756883,80.029378,Good,82,Running,S128,Active,Normal,0
EQ04097,Backhoe Loader,S133,9.6,2.0,53,39.8,96,C6282,OP0731,13.139012,80.310925,Good,84,Running,S133,Active,Normal,0
EQ04098,Skid Steer Loader,S031,5.5,1.8,55,29.4,94,C5216,OP1168,12.89563,80.130217,Good,65,Running,S031,Active,Normal,0
EQ04099,Dump Truck,S003,6.1,2.1,78,24.2,89,C5570,OP0577,13.075858,80.144397,Good,98,Running,S003,Active,Normal,0
EQ04100,Skid Steer Loader,S096,9.0,16.0,70,36.5,86,C7498,OP0499,12.924215,80.188591,Good,8,Idle,S096,Active,Low Utilization,1
EQ04101,Motor Grader,S057,6.5,0.0,89,23.3,92,C1532,OP0041,13.070741,80.084767,Good,68,Running,S057,Active,Normal,0
EQ04102,Dump Truck,S021,7.7,0.6,78,14.6,82,C8613,OP1192,13.017936,80.339921,Good,68,Running,S021,Active,Normal,0
EQ04103,Excavator,S128,9.1,0.4,39,35.7,87,C2986,OP1136,13.272767,80.033971,Good,75,Running,S128,Active,Normal,0
EQ04104,Backhoe Loader,S021,6.6,2.5,83,39.4,89,C8082,OP0480,12.868536,80.152408,Good,68,Running,S021,Active,Normal,0
EQ04105,Excavator,S036,5.1,2.0,39,13.8,91,C1776,OP0690,13.055396,80.077051,Good,75,Running,S036,Active,Normal,0
EQ04106,Motor Grader,S089,5.3,2.4,5,18.0,81,C8580,OP0175,13.184948,80.342119,Good,71,Running,S089,Active,Fuel Anomaly,1
EQ04107,Excavator,S095,6.4,1.0,67,36.6,99,C5730,OP0946,12.808014,79.969128,Good,89,Running,S095,Active,Normal,0
EQ04108,Motor Grader,S081,6.4,2.1,88,25.3,93,C7974,OP1076,12.829328,80.318686,Good,79,Running,S081,Active,Normal,0
EQ04109,Bulldozer,S018,6.6,1.2,70,16.7,91,C3899,OP0693,12.8453,80.194811,Good,80,Running,S018,Active,Normal,0
EQ04110,Skid Steer Loader,S071,7.5,1.4,92,36.3,100,C9893,OP0747,13.16078,80.201763,Good,86,Running,S071,Active,Normal,0
EQ04111,Backhoe Loader,S113,10.0,2.1,68,31.4,84,C1141,OP1008,12.898764,80.105839,Good,86,Running,S113,Active,Normal,0
EQ04112,Skid Steer Loader,S055,7.8,2.8,52,35.3,91,C5906,OP1161,12.91123,80.073019,Good,86,Running,S055,Active,Normal,0
EQ04113,Skid Steer Loader,S027,6.1,1.6,83,28.7,90,C2300,OP0188,12.9444,80.389934,Due Soon,82,Running,S027,Active,Normal,0
EQ04114,Backhoe Loader,S092,5.7,0.1,56,16.7,85,C5652,OP0583,13.02818,80.294259,Due Soon,92,Running,S092,Active,Normal,0
EQ04115,Excavator,S125,10.4,2.6,91,34.9,84,C2637,OP1141,13.034545,80.373188,Good,82,Running,S125,Active,Normal,0
EQ04116,Skid Steer Loader,S070,10.6,1.0,54,26.8,96,C5542,OP0656,12.997299,80.279885,Good,68,Running,S070,Active,Normal,0
EQ04117,Wheel Loader,S143,10.3,0.1,79,27.9,94,C6111,OP0785,13.092727,80.17763,Due Soon,79,Running,S143,Active,Normal,0
EQ04118,Dump Truck,S132,10.3,0.3,65,30.8,98,C9915,OP1025,13.327587,80.098335,Good,91,Running,S132,Active,Normal,0
EQ04119,Motor Grader,S020,8.7,0.4,93,26.9,99,C9202,OP0330,12.792957,80.382099,Due Soon,67,Running,S020,Active,Normal,0
EQ04120,Backhoe Loader,S133,10.1,2.5,88,13.6,89,C8972,OP1056,13.270607,80.204446,Due Soon,70,Running,S133,Active,Normal,0
EQ04121,Motor Grader,S045,9.0,2.1,69,21.4,87,C4886,OP0276,13.164103,80.24915,Good,71,Running,S045,Active,Normal,0
EQ04122,Wheel Loader,S003,6.0,0.1,41,14.1,28,C5351,OP0311,13.173454,80.366353,Overdue,65,Maintenance,S003,Active,Maintenance Overdue,1
EQ04123,Excavator,S046,10.6,0.0,85,18.4,95,C9349,OP0515,12.737216,80.375077,Due Soon,66,Running,S046,Active,Normal,0
EQ04124,Motor Grader,S098,9.8,2.4,85,26.2,83,C3165,OP0472,12.796265,80.381941,Good,65,Running,S098,Active,Normal,0
EQ04125,Wheel Loader,S041,10.7,0.7,59,17.9,89,C1320,OP1134,13.141006,80.008074,Good,73,Running,S041,Active,Normal,0
EQ04126,Bulldozer,S068,6.4,1.4,69,34.1,83,C4349,OP0122,13.14959,79.97348,Due Soon,91,Running,S068,Active,Normal,0
EQ04127,Dump Truck,S136,9.8,1.4,82,14.2,92,C7959,OP0706,13.127662,80.014197,Good,96,Running,S136,Active,Normal,0
EQ04128,Dump Truck,S093,10.0,2.3,73,21.8,94,C7717,OP0280,13.150804,80.284482,Due Soon,89,Running,S093,Active,Normal,0
EQ04129,Backhoe Loader,S005,7.2,1.6,45,20.1,99,C8687,OP1117,12.91943,80.068137,Due Soon,93,Running,S005,Active,Normal,0
EQ04130,Backhoe Loader,S148,7.6,2.3,41,38.8,87,C4446,OP0228,12.707103,79.99817,Good,82,Running,S148,Active,Normal,0
EQ04131,Dump Truck,S061,9.2,16.0,42,39.1,90,C8015,OP0049,12.8026,80.242267,Good,8,Idle,S061,Active,Low Utilization,1
EQ04132,Skid Steer Loader,S134,5.7,2.4,95,18.4,93,C2617,OP0090,13.224643,80.309686,Good,90,Running,S134,Active,Normal,0
EQ04133,Backhoe Loader,S150,9.3,16.0,85,39.9,85,C7392,OP0320,13.064659,80.369134,Good,8,Idle,S150,Active,Low Utilization,1
EQ04134,Wheel Loader,S052,9.8,2.6,47,28.0,88,C4457,OP0242,12.880731,80.298903,Good,97,Running,S052,Expired,Contract Expired,1
EQ04135,Skid Steer Loader,S022,6.2,1.8,39,13.6,83,C9227,OP0275,13.216175,80.02375,Good,68,Running,S022,Active,Normal,0
EQ04136,Dump Truck,S029,9.2,2.1,76,14.3,86,C5555,OP0083,13.258144,80.078377,Good,89,Running,S029,Active,Normal,0
EQ04137,Wheel Loader,S083,5.2,0.3,38,29.5,97,C2642,OP0322,12.831314,80.142861,Due Soon,76,Running,S083,Active,Normal,0
EQ04138,Skid Steer Loader,S143,10.6,0.6,51,26.9,97,C5854,OP0672,13.112986,80.068307,Good,82,Running,S143,Active,Normal,0
EQ04139,Skid Steer Loader,S074,9.8,2.4,53,14.9,82,C5295,OP0727,13.271263,80.283825,Due Soon,75,Running,S074,Active,Normal,0
EQ04140,Skid Steer Loader,S066,9.1,1.0,63,33.3,95,C9270,OP0163,12.980213,80.028559,Good,82,Running,S066,Active,Normal,0
EQ04141,Dump Truck,S119,6.4,1.7,44,15.1,91,C7785,OP1171,13.297223,80.089444,Good,83,Running,S119,Active,Normal,0
EQ04142,Motor Grader,S121,8.6,0.6,61,21.3,93,C6389,OP0080,13.074937,80.020341,Good,88,Running,S121,Active,Normal,0
EQ04143,Bulldozer,S080,9.0,1.8,76,27.7,86,C9004,OP0094,13.274626,80.373804,Good,78,Running,S080,Active,Normal,0
EQ04144,Dump Truck,S068,9.4,1.3,62,14.9,86,C9308,OP0297,12.985047,80.276264,Due Soon,83,Running,S068,Active,Normal,0
EQ04145,Bulldozer,S147,5.3,0.5,39,25.8,99,C2760,OP1161,12.946234,80.085253,Good,71,Running,S147,Active,Normal,0
EQ04146,Skid Steer Loader,S031,10.4,0.3,59,33.2,87,C6862,OP0615,13.338549,79.983247,Due Soon,70,Running,S031,Active,Normal,0
EQ04147,Wheel Loader,S142,9.7,1.7,72,35.5,95,C7384,OP0061,12.986873,80.086551,Good,70,Running,S054,Active,Wrong Site,1
EQ04148,Wheel Loader,S107,10.1,2.0,85,36.0,88,C1316,OP0722,12.701936,80.377401,Good,73,Running,S107,Active,Normal,0
EQ04149,Dump Truck,S037,11.0,2.1,91,12.9,88,C2836,OP0255,12.747461,80.193168,Good,93,Running,S037,Active,Normal,0
EQ04150,Bulldozer,S120,7.6,2.6,89,21.2,85,C3095,OP0724,13.022613,80.285631,Good,70,Running,S120,Active,Normal,0
EQ04151,Backhoe Loader,S121,10.3,1.0,61,24.3,86,C2697,OP1082,12.86262,80.373467,Good,79,Running,S121,Active,Normal,0
EQ04152,Excavator,S124,8.1,0.5,86,23.5,86,C1379,OP0007,12.845421,80.156017,Good,70,Running,S124,Active,Normal,0
EQ04153,Wheel Loader,S118,9.3,0.0,58,37.3,97,C5436,OP0328,12.828736,80.214034,Due Soon,73,Running,S118,Active,Normal,0
EQ04154,Excavator,S020,7.4,1.0,52,28.0,95,C7895,OP0256,12.848157,80.290486,Good,87,Running,S020,Active,Normal,0
EQ04155,Motor Grader,S038,7.2,2.0,43,26.7,90,C6929,OP0480,12.968836,80.033633,Good,86,Running,S038,Active,Normal,0
EQ04156,Wheel Loader,S109,7.0,1.0,60,30.1,97,C2758,OP1014,13.006733,80.369097,Good,94,Running,S109,Active,Normal,0
EQ04157,Wheel Loader,S131,9.8,1.7,40,25.5,89,C8444,OP0233,13.137801,80.398557,Good,95,Running,S131,Active,Normal,0
EQ04158,Excavator,S077,7.2,0.8,61,37.9,99,C6473,OP0644,13.190562,80.264234,Due Soon,74,Running,S024,Active,Wrong Site,1
EQ04159,Motor Grader,S055,10.2,0.9,93,15.8,100,C6650,OP1007,12.844728,80.255168,Good,97,Running,S055,Active,Normal,0
EQ04160,Skid Steer Loader,S114,6.3,1.0,94,22.8,89,C1727,OP0960,13.308355,80.343577,Overdue,94,Running,S062,Active,Wrong Site,1
EQ04161,Wheel Loader,S063,6.1,0.7,95,34.9,90,C1202,OP0065,13.063483,80.324698,Good,96,Running,S063,Active,Normal,0
EQ04162,Dump Truck,S133,7.3,0.3,63,30.6,28,C5012,OP0286,12.725953,80.33944,Overdue,93,Maintenance,S133,Active,Maintenance Overdue,1
EQ04163,Dump Truck,S104,6.7,2.5,77,36.2,95,C2933,OP0773,13.008286,80.134949,Good,73,Running,S104,Active,Normal,0
EQ04164,Motor Grader,S053,10.2,0.2,79,31.6,86,C3346,OP0292,12.869121,80.323853,Good,90,Running,S053,Active,Normal,0
EQ04165,Bulldozer,S008,5.8,0.9,71,22.4,94,C4097,OP0551,12.790437,79.975555,Good,66,Running,S008,Active,Normal,0
EQ04166,Motor Grader,S124,7.6,16.0,60,38.7,97,C8583,OP0418,12.726421,80.084914,Good,8,Idle,S124,Active,Low Utilization,1
EQ04167,Excavator,S135,9.4,0.5,79,24.3,99,C2840,OP0264,13.038568,79.968868,Good,71,Running,S135,Active,Normal,0
EQ04168,Excavator,S039,6.9,2.5,90,22.4,93,C5593,OP0989,12.753786,79.971974,Due Soon,83,Running,S039,Active,Normal,0
EQ04169,Skid Steer Loader,S087,5.9,0.5,92,13.3,87,C7058,OP0672,13.233157,80.011242,Due Soon,73,Running,S087,Active,Normal,0
EQ04170,Excavator,S150,10.1,1.0,60,32.6,86,C7081,OP1034,13.188437,80.324066,Good,91,Running,S150,Active,Normal,0
EQ04171,Backhoe Loader,S056,8.6,1.3,81,34.8,91,C6040,OP0061,12.954028,80.271419,Good,77,Running,S056,Active,Normal,0
EQ04172,Excavator,S101,8.5,2.5,62,36.5,98,C5906,OP0165,12.845025,79.996687,Good,90,Running,S101,Active,Normal,0
EQ04173,Backhoe Loader,S059,9.9,1.0,62,37.3,100,C9994,OP0132,12.987157,80.216854,Good,86,Running,S059,Active,Normal,0
EQ04174,Backhoe Loader,S047,5.8,0.5,38,32.1,95,C2963,OP0935,13.283212,80.354335,Good,78,Running,S047,Active,Normal,0
EQ04175,Excavator,S075,7.5,2.7,44,15.3,85,C3619,OP0800,12.802166,80.18643,Good,89,Running,S075,Active,Normal,0
EQ04176,Backhoe Loader,S149,5.5,1.2,53,18.0,89,C7081,OP0359,13.027077,80.102053,Good,72,Running,S149,Active,Normal,0
EQ04177,Bulldozer,S113,6.2,1.2,67,17.1,99,C8978,OP0315,13.255373,79.971916,Good,65,Running,S113,Active,Normal,0
EQ04178,Wheel Loader,S036,6.1,1.0,95,39.4,98,C4536,OP0396,12.749613,80.251869,Good,77,Running,S036,Active,Normal,0
EQ04179,Wheel Loader,S037,6.3,2.5,77,39.1,88,C4944,OP0983,12.932441,80.00183,Good,85,Running,S037,Active,Normal,0
EQ04180,Wheel Loader,S127,9.9,1.3,94,38.6,97,C5898,,13.275012,79.971947,Due Soon,85,Running,S127,Active,Missing Operator,1
EQ04181,Backhoe Loader,S015,10.6,2.9,77,28.0,28,C4070,OP0685,12.988918,80.316416,Overdue,92,Maintenance,S015,Active,Maintenance Overdue,1
EQ04182,Motor Grader,S087,10.0,1.4,53,12.4,96,C2981,OP0842,12.911108,80.059473,Good,79,Running,S087,Active,Normal,0
EQ04183,Wheel Loader,S084,9.3,1.0,45,35.5,91,C7336,OP1111,12.730673,80.099159,Good,80,Running,S084,Active,Normal,0
EQ04184,Bulldozer,S018,5.5,1.0,80,31.0,80,C7062,OP0046,13.152882,80.390071,Good,87,Running,S018,Active,Normal,0
EQ04185,Motor Grader,S064,5.4,0.7,80,26.7,87,C1191,OP0744,12.75131,79.950432,Due Soon,83,Running,S064,Active,Normal,0
EQ04186,Motor Grader,S081,8.8,2.8,63,20.9,84,C9287,OP0205,12.880829,80.383713,Good,84,Running,S081,Active,Normal,0
EQ04187,Backhoe Loader,S113,8.6,16.0,53,29.4,89,C5313,OP0350,12.965308,80.176413,Good,8,Idle,S113,Active,Low Utilization,1
EQ04188,Motor Grader,S052,8.9,2.4,46,39.3,84,C1342,OP0035,13.057762,80.212687,Good,65,Running,S052,Active,Normal,0
EQ04189,Skid Steer Loader,S126,0.5,22.0,92,39.3,91,C6423,OP0331,13.060223,80.246613,Good,5,Idle,S126,Active,High Idle,1
EQ04190,Motor Grader,S131,8.5,2.9,69,39.1,84,C3668,OP0435,12.968621,80.163452,Good,69,Running,S131,Active,Normal,0
EQ04191,Excavator,S074,7.5,0.9,54,23.7,85,C9777,OP0679,13.262839,80.037176,Good,79,Running,S074,Active,Normal,0
EQ04192,Skid Steer Loader,S081,8.9,0.5,91,29.7,81,C5592,OP1162,12.745777,80.121632,Due Soon,68,Running,S081,Active,Normal,0
EQ04193,Wheel Loader,S028,10.0,1.4,37,35.5,95,C9900,OP0450,13.338113,80.140144,Good,79,Running,S028,Active,Normal,0
EQ04194,Skid Steer Loader,S139,5.1,1.5,69,12.1,100,C7945,OP0258,13.249901,80.283162,Good,97,Running,S139,Active,Normal,0
EQ04195,Dump Truck,S134,6.8,0.4,95,30.1,86,C7871,OP0738,13.173825,80.08074,Due Soon,98,Running,S134,Active,Normal,0
EQ04196,Skid Steer Loader,S036,5.6,1.7,62,26.4,88,C7236,OP1128,12.8925,80.128905,Good,96,Running,S036,Active,Normal,0
EQ04197,Motor Grader,S029,5.1,2.2,36,17.9,98,C8452,OP0410,13.07469,80.171132,Good,87,Running,S029,Active,Normal,0
EQ04198,Backhoe Loader,S018,9.2,2.6,66,37.4,93,C6979,OP0302,12.745823,80.039136,Due Soon,94,Running,S018,Active,Normal,0
EQ04199,Dump Truck,S106,10.9,1.8,61,32.3,86,C1102,OP0603,12.961568,80.237749,Good,94,Running,S106,Active,Normal,0
EQ04200,Wheel Loader,S108,9.5,2.3,81,12.4,83,C2749,OP0578,12.774632,79.98039,Overdue,93,Running,S108,Active,Normal,0
EQ04201,Wheel Loader,S102,6.2,2.3,61,31.2,97,C8692,OP0149,13.004087,79.997592,Good,77,Running,S102,Active,Normal,0
EQ04202,Excavator,S136,9.1,1.9,83,32.0,91,C6473,,12.753852,80.336264,Overdue,70,Running,S136,Active,Missing Operator,1
EQ04203,Dump Truck,S150,8.7,0.1,92,27.3,80,C5206,OP0397,13.085967,80.310077,Good,65,Running,S150,Active,Normal,0
EQ04204,Backhoe Loader,S107,10.4,2.3,82,29.7,96,C3089,OP0234,13.140424,80.077653,Good,68,Running,S107,Active,Normal,0
EQ04205,Motor Grader,S106,8.7,2.7,41,12.4,99,C8225,OP1173,12.786993,80.267281,Good,90,Running,S106,Active,Normal,0
EQ04206,Wheel Loader,S127,6.8,1.5,78,38.9,99,C7322,OP1151,13.341766,80.321357,Good,80,Running,S127,Active,Normal,0
EQ04207,Dump Truck,S013,5.5,0.7,73,23.9,91,C8523,OP0883,12.724093,80.092069,Good,65,Running,S013,Active,Normal,0
EQ04208,Excavator,S004,8.0,0.2,36,17.4,86,C1252,OP0433,13.2865,80.199012,Good,65,Running,S004,Active,Normal,0
EQ04209,Motor Grader,S130,8.2,1.9,73,27.8,99,C7947,OP0586,13.071627,80.358442,Overdue,83,Running,S130,Active,Normal,0
EQ04210,Bulldozer,S064,9.5,2.5,56,12.3,95,C6840,OP0460,12.774514,80.262705,Good,66,Running,S064,Active,Normal,0
EQ04211,Motor Grader,S011,8.3,16.0,78,27.5,95,C7028,OP0504,13.255257,80.186914,Due Soon,8,Idle,S011,Active,Low Utilization,1
EQ04212,Bulldozer,S020,5.5,1.6,45,20.3,92,C4340,OP0852,13.210255,80.151218,Due Soon,67,Running,S020,Active,Normal,0
EQ04213,Dump Truck,S130,6.7,2.6,51,19.6,81,C4912,OP0151,13.21025,80.099731,Good,93,Running,S130,Active,Normal,0
EQ04214,Skid Steer Loader,S006,8.1,2.4,69,39.5,92,C5775,OP0382,12.951539,80.038666,Overdue,72,Running,S006,Active,Normal,0
EQ04215,Excavator,S026,7.3,0.9,36,22.7,82,C7812,,13.255379,80.164383,Due Soon,70,Running,S026,Active,Missing Operator,1
EQ04216,Motor Grader,S090,6.6,0.1,44,12.3,94,C6521,OP1046,13.030464,80.256091,Due Soon,65,Running,S137,Active,Wrong Site,1
EQ04217,Wheel Loader,S126,10.4,1.4,37,33.7,92,C5212,OP0290,12.99308,80.330298,Good,75,Running,S126,Active,Normal,0
EQ04218,Excavator,S069,5.8,2.5,90,28.0,81,C6359,OP0523,13.092519,80.081517,Good,98,Running,S069,Active,Normal,0
EQ04219,Skid Steer Loader,S139,10.1,0.6,62,34.5,93,C1535,OP0367,13.31141,80.155335,Overdue,65,Running,S139,Active,Normal,0
EQ04220,Backhoe Loader,S022,9.3,2.3,59,15.7,87,C4979,OP0754,13.222141,80.268225,Good,94,Running,S022,Active,Normal,0
EQ04221,Excavator,S010,7.5,1.3,45,39.9,98,C8759,OP1152,13.191856,80.160159,Good,79,Running,S010,Active,Normal,0
EQ04222,Backhoe Loader,S106,8.4,2.1,91,23.0,92,C6991,OP0763,12.816661,80.038612,Good,67,Running,S106,Active,Normal,0
EQ04223,Wheel Loader,S111,9.9,1.5,63,33.9,81,C9643,OP0195,12.99965,80.354402,Good,86,Running,S111,Active,Normal,0
EQ04224,Skid Steer Loader,S123,6.8,0.0,74,34.3,99,C4579,OP0420,13.142891,80.236035,Good,96,Running,S123,Active,Normal,0
EQ04225,Motor Grader,S149,8.6,0.7,60,33.7,92,C2062,OP0382,13.034828,80.049851,Good,69,Running,S149,Active,Normal,0
EQ04226,Motor Grader,S121,8.5,1.0,40,14.7,87,C5939,OP0107,12.762734,80.305244,Due Soon,71,Running,S121,Active,Normal,0
EQ04227,Skid Steer Loader,S016,9.2,1.4,64,19.3,82,C7908,OP0837,13.023933,80.002699,Overdue,87,Running,S016,Active,Normal,0
EQ04228,Motor Grader,S004,7.1,2.1,93,12.3,97,C3490,OP0779,12.921289,80.085034,Good,70,Running,S004,Active,Normal,0
EQ04229,Excavator,S099,5.0,0.6,63,14.8,82,C3891,OP0712,13.11136,80.26734,Good,82,Running,S099,Active,Normal,0
EQ04230,Bulldozer,S063,10.9,2.3,36,15.8,99,C8615,OP0047,13.20085,80.23553,Good,95,Running,S063,Active,Normal,0
EQ04231,Wheel Loader,S027,6.3,1.5,49,31.9,92,C1110,OP0417,13.308018,79.963287,Good,74,Running,S027,Active,Normal,0
EQ04232,Motor Grader,S028,6.3,0.9,5,18.0,91,C7302,OP0297,12.746452,80.252369,Good,81,Running,S028,Active,Fuel Anomaly,1
EQ04233,Skid Steer Loader,S078,10.8,1.0,45,19.6,93,C3953,OP0168,12.85165,80.177651,Good,71,Running,S078,Active,Normal,0
EQ04234,Skid Steer Loader,S068,7.0,2.3,93,22.3,88,C8694,OP1026,12.926959,80.191034,Due Soon,77,Running,S068,Active,Normal,0
EQ04235,Bulldozer,S093,9.6,2.5,36,36.2,97,C1266,OP0287,12.743043,80.050715,Good,94,Running,S093,Active,Normal,0
EQ04236,Excavator,S021,7.2,3.0,84,28.3,83,C2605,OP0087,13.349589,80.210378,Good,70,Running,S021,Active,Normal,0
EQ04237,Excavator,S066,9.1,1.6,86,17.9,90,C2216,OP0321,12.891942,80.058409,Good,75,Running,S066,Active,Normal,0
EQ04238,Excavator,S004,8.7,2.9,41,22.2,97,C3241,OP0727,13.081946,80.353968,Due Soon,86,Running,S004,Active,Normal,0
EQ04239,Excavator,S017,10.9,1.5,43,32.1,87,C5199,OP0413,13.066733,80.254492,Good,85,Running,S017,Active,Normal,0
EQ04240,Motor Grader,S056,8.6,1.9,57,26.7,85,C5760,OP1182,13.126019,80.369196,Good,94,Running,S056,Active,Normal,0
EQ04241,Wheel Loader,S120,5.9,2.3,63,37.1,87,C6614,OP0899,13.218929,80.13029,Due Soon,72,Running,S120,Active,Normal,0
EQ04242,Dump Truck,S067,7.8,1.4,41,32.7,87,C2252,OP0762,12.800792,80.139809,Good,80,Running,S067,Active,Normal,0
EQ04243,Skid Steer Loader,S111,8.3,2.5,95,21.6,81,C3768,OP1177,13.053397,79.957449,Good,70,Running,S111,Active,Normal,0
EQ04244,Skid Steer Loader,S048,6.5,1.0,38,13.0,97,C2029,OP0330,13.112807,80.246251,Good,69,Running,S048,Active,Normal,0
EQ04245,Wheel Loader,S128,5.3,16.0,35,18.1,95,C8192,OP0778,12.887906,80.326613,Good,8,Idle,S128,Active,Low Utilization,1
EQ04246,Dump Truck,S020,8.7,0.0,44,33.2,93,C4722,OP1025,13.342589,80.214735,Good,88,Running,S020,Active,Normal,0
EQ04247,Bulldozer,S050,7.7,1.2,36,19.5,83,C2310,OP0161,13.172496,80.269212,Good,96,Running,S050,Active,Normal,0
EQ04248,Dump Truck,S016,7.3,2.1,77,14.8,94,C4729,OP0945,12.839929,80.112142,Good,94,Running,S016,Active,Normal,0
EQ04249,Wheel Loader,S146,7.1,1.6,38,32.1,81,C8063,OP1101,13.273793,80.317002,Good,75,Running,S146,Active,Normal,0
EQ04250,Dump Truck,S013,8.2,0.5,51,35.9,87,C6191,OP0829,13.199045,80.326832,Good,96,Running,S013,Active,Normal,0
EQ04251,Skid Steer Loader,S074,10.9,1.1,43,165.0,89,C6081,OP0276,12.765787,80.283325,Good,98,Running,S074,Active,Distance Spike,1
EQ04252,Motor Grader,S104,10.4,2.5,63,15.4,86,C3922,OP0297,13.139322,80.042601,Good,72,Running,S104,Active,Normal,0
EQ04253,Motor Grader,S144,9.6,1.8,38,15.2,95,C4864,OP0931,13.015958,80.237611,Good,68,Running,S144,Active,Normal,0
EQ04254,Excavator,S011,9.8,1.7,48,28.6,83,C7443,OP0488,12.793523,80.323572,Good,77,Running,S011,Active,Normal,0
EQ04255,Skid Steer Loader,S010,10.7,0.3,92,17.5,93,C8625,OP0455,12.948457,80.14449,Good,81,Running,S010,Active,Normal,0
EQ04256,Wheel Loader,S050,5.0,0.5,74,36.8,97,C8716,OP0544,13.273269,80.180412,Due Soon,78,Running,S050,Active,Normal,0
EQ04257,Dump Truck,S041,6.3,1.4,51,26.3,85,C1349,OP0208,13.039053,80.120597,Good,78,Running,S041,Active,Normal,0
EQ04258,Excavator,S054,7.6,0.5,51,23.2,99,C6708,OP0316,13.136252,80.015009,Good,78,Running,S054,Active,Normal,0
EQ04259,Bulldozer,S114,9.3,1.2,36,19.9,81,C4638,OP1021,12.850885,80.292813,Good,70,Running,S114,Active,Normal,0
EQ04260,Skid Steer Loader,S011,5.3,2.8,76,20.7,86,C8989,OP0001,12.934872,80.372046,Good,94,Running,S011,Active,Normal,0
EQ04261,Backhoe Loader,S018,9.2,0.3,81,19.0,97,C4006,OP0852,13.234083,80.347545,Good,88,Running,S018,Active,Normal,0
EQ04262,Skid Steer Loader,S038,8.5,1.3,87,21.6,87,C8735,OP0106,13.228313,80.300089,Good,89,Running,S038,Active,Normal,0
EQ04263,Dump Truck,S079,7.9,1.0,54,165.0,87,C7506,OP0818,13.278769,80.12449,Good,98,Running,S079,Active,Distance Spike,1
EQ04264,Dump Truck,S083,7.5,1.3,82,35.1,85,C3587,OP0393,13.118854,80.377491,Good,97,Running,S083,Active,Normal,0
EQ04265,Dump Truck,S079,8.2,1.6,56,30.1,100,C7657,OP0300,12.83706,80.283471,Overdue,75,Running,S079,Active,Normal,0
EQ04266,Dump Truck,S010,6.9,0.3,41,30.6,82,C1007,OP0224,12.737107,80.087585,Due Soon,76,Running,S010,Active,Normal,0
EQ04267,Dump Truck,S077,5.1,1.7,73,20.1,82,C3365,OP0462,13.307945,80.269216,Good,93,Running,S077,Active,Normal,0
EQ04268,Excavator,S098,8.2,0.4,42,37.1,80,C2198,OP1092,13.130735,80.399771,Good,88,Running,S098,Active,Normal,0
EQ04269,Wheel Loader,S120,8.6,2.1,41,17.3,87,C5874,OP0695,13.001905,80.095162,Overdue,83,Running,S120,Active,Normal,0
EQ04270,Bulldozer,S022,10.0,2.5,91,22.1,89,C6880,OP1078,12.876842,80.006163,Good,74,Running,S022,Active,Normal,0
EQ04271,Excavator,S058,8.9,2.7,45,33.3,94,C9547,OP0178,12.833603,80.296468,Good,69,Running,S058,Active,Normal,0
EQ04272,Wheel Loader,S050,10.3,0.6,40,32.8,92,C7262,OP0677,12.709352,80.273928,Good,85,Running,S050,Active,Normal,0
EQ04273,Backhoe Loader,S077,6.0,1.9,55,13.1,95,C5721,OP0149,13.273231,80.065527,Due Soon,78,Running,S077,Active,Normal,0
EQ04274,Backhoe Loader,S060,9.3,2.1,87,15.3,90,C9952,OP0311,12.765295,80.205888,Good,73,Running,S060,Active,Normal,0
EQ04275,Motor Grader,S063,10.6,2.1,42,33.0,80,C1956,OP0223,13.295012,80.067906,Good,85,Running,S063,Active,Normal,0
EQ04276,Dump Truck,S014,6.7,2.9,42,21.8,90,C6142,OP0753,12.917239,80.028503,Good,72,Running,S014,Active,Normal,0
EQ04277,Bulldozer,S081,8.5,2.7,87,33.9,85,C4837,OP0467,13.292464,80.136769,Due Soon,97,Running,S081,Active,Normal,0
EQ04278,Motor Grader,S139,6.5,2.2,51,12.9,83,C9732,,13.287767,80.183638,Due Soon,83,Running,S139,Active,Missing Operator,1
EQ04279,Motor Grader,S046,10.7,1.7,51,16.1,89,C7088,OP0631,13.082533,80.356705,Good,95,Running,S046,Active,Normal,0
EQ04280,Dump Truck,S007,7.9,1.0,72,36.3,91,C9943,OP0008,13.086772,80.289373,Good,85,Running,S007,Active,Normal,0
EQ04281,Backhoe Loader,S050,5.5,1.4,61,22.2,83,C4114,OP0539,13.249212,80.260254,Good,66,Running,S050,Active,Normal,0
EQ04282,Bulldozer,S093,7.7,1.7,83,21.4,89,C5627,OP0058,13.281863,80.317809,Good,94,Running,S093,Active,Normal,0
EQ04283,Wheel Loader,S148,6.0,0.0,49,30.2,96,C8548,OP0953,13.176896,79.991773,Good,95,Running,S148,Active,Normal,0
EQ04284,Wheel Loader,S044,9.5,0.4,67,23.8,89,C3002,OP0055,12.714303,80.33009,Good,66,Running,S044,Active,Normal,0
EQ04285,Dump Truck,S044,10.4,2.8,35,22.4,84,C9450,OP0777,13.301508,80.016561,Good,82,Running,S044,Active,Normal,0
EQ04286,Wheel Loader,S105,5.4,1.2,52,16.1,86,C1397,OP0448,13.084389,80.184879,Good,77,Running,S105,Active,Normal,0
EQ04287,Motor Grader,S046,8.0,1.0,42,19.1,88,C5756,OP0770,13.162952,80.335694,Good,92,Running,S046,Active,Normal,0
EQ04288,Excavator,S082,10.1,1.0,69,30.2,85,C6732,OP0426,12.94067,79.99756,Due Soon,93,Running,S082,Active,Normal,0
EQ04289,Skid Steer Loader,S017,10.8,2.3,39,34.0,87,C2550,OP0319,13.274256,80.202825,Good,70,Running,S017,Active,Normal,0
EQ04290,Wheel Loader,S129,7.5,0.2,46,33.5,81,C1566,OP0912,12.957725,80.397063,Good,96,Running,S129,Active,Normal,0
EQ04291,Dump Truck,S052,7.5,0.4,46,19.4,87,C8875,OP0372,13.093424,80.175838,Good,78,Running,S052,Active,Normal,0
EQ04292,Wheel Loader,S123,10.2,1.2,80,29.4,81,C1615,OP0192,13.0019,80.024978,Good,98,Running,S129,Active,Wrong Site,1
EQ04293,Motor Grader,S140,10.7,1.5,38,18.2,100,C9235,OP0909,12.765656,79.961178,Good,80,Running,S140,Active,Normal,0
EQ04294,Bulldozer,S080,5.8,0.6,46,21.3,81,C7873,OP0614,13.174942,80.034908,Due Soon,86,Running,S080,Active,Normal,0
EQ04295,Excavator,S077,9.3,1.9,48,24.2,100,C1537,OP0113,13.136038,80.38285,Good,73,Running,S077,Active,Normal,0
EQ04296,Skid Steer Loader,S118,10.5,0.6,91,14.7,95,C8445,OP1045,12.944238,80.286157,Due Soon,86,Running,S118,Active,Normal,0
EQ04297,Backhoe Loader,S048,9.8,2.3,60,39.4,88,C1646,OP0089,12.830577,80.037819,Good,95,Running,S048,Active,Normal,0
EQ04298,Motor Grader,S103,5.1,2.5,38,29.8,97,C2306,OP0958,12.852366,80.219743,Good,94,Running,S103,Active,Normal,0
EQ04299,Wheel Loader,S066,0.5,22.0,93,14.9,95,C7182,OP0552,12.720349,80.111649,Due Soon,5,Idle,S066,Active,High Idle,1
EQ04300,Dump Truck,S006,6.5,0.7,48,29.2,90,C7574,OP1133,12.811799,80.082216,Good,88,Running,S006,Active,Normal,0
EQ04301,Dump Truck,S145,8.4,0.1,68,28.9,87,C2095,OP0490,13.284338,80.389179,Good,75,Running,S145,Active,Normal,0
EQ04302,Skid Steer Loader,S078,8.3,2.2,90,33.0,81,C7429,OP1061,13.075679,80.06964,Good,72,Running,S078,Active,Normal,0
EQ04303,Motor Grader,S106,7.8,1.5,62,27.6,99,C4750,OP1062,13.341756,80.392771,Overdue,71,Running,S106,Active,Normal,0
EQ04304,Excavator,S092,5.8,2.3,59,23.7,94,C4381,OP0270,13.269244,80.041919,Good,93,Running,S092,Active,Normal,0
EQ04305,Excavator,S006,8.3,2.5,54,31.9,87,C4413,OP0958,12.714004,80.335687,Good,72,Running,S006,Active,Normal,0
EQ04306,Wheel Loader,S027,5.7,1.1,92,23.5,88,C6325,OP0318,13.082707,80.214545,Good,90,Running,S027,Active,Normal,0
EQ04307,Backhoe Loader,S078,6.8,1.7,80,25.2,93,C1812,OP1158,13.266928,80.224651,Good,72,Running,S078,Active,Normal,0
EQ04308,Backhoe Loader,S106,7.6,2.0,46,34.0,100,C9184,OP1130,12.766211,80.165198,Good,83,Running,S106,Active,Normal,0
EQ04309,Motor Grader,S128,9.0,1.8,43,32.6,87,C4464,OP0809,13.277522,80.306106,Due Soon,84,Running,S128,Active,Normal,0
EQ04310,Backhoe Loader,S002,8.2,1.1,77,18.6,97,C3690,OP0114,12.962363,80.273896,Good,92,Running,S002,Active,Normal,0
EQ04311,Wheel Loader,S055,9.6,0.9,5,18.0,93,C8167,OP0062,13.340591,80.351283,Due Soon,94,Running,S055,Active,Fuel Anomaly,1
EQ04312,Bulldozer,S131,8.2,2.0,51,25.1,87,C2649,OP0196,12.969648,80.336613,Good,83,Running,S131,Active,Normal,0
EQ04313,Backhoe Loader,S058,6.4,1.8,67,16.4,84,C6927,OP0815,13.140679,80.013767,Good,85,Running,S058,Active,Normal,0
EQ04314,Skid Steer Loader,S098,8.2,2.0,55,35.6,80,C9347,OP0470,13.149847,80.072081,Good,98,Running,S098,Active,Normal,0
EQ04315,Wheel Loader,S056,5.1,1.1,88,32.9,84,C6396,OP0197,13.106863,80.306956,Good,83,Running,S056,Active,Normal,0
EQ04316,Wheel Loader,S016,7.0,0.4,52,30.6,80,C9509,OP0380,12.82651,79.9559,Good,84,Running,S016,Active,Normal,0
EQ04317,Excavator,S071,5.1,1.3,60,29.6,84,C3710,OP0064,12.981698,80.115758,Good,76,Running,S071,Active,Normal,0
EQ04318,Motor Grader,S132,9.6,2.1,87,26.1,88,C9087,OP0118,13.082657,80.279077,Good,65,Running,S132,Active,Normal,0
EQ04319,Motor Grader,S033,6.5,2.0,85,32.5,81,C9326,OP0305,12.721788,80.127236,Good,67,Running,S033,Active,Normal,0
EQ04320,Motor Grader,S099,8.1,2.7,50,35.5,97,C9494,OP0994,12.884222,80.379202,Good,65,Running,S099,Active,Normal,0
EQ04321,Backhoe Loader,S121,10.4,2.7,89,31.7,92,C4349,OP1119,12.945454,80.3163,Good,86,Running,S121,Active,Normal,0
EQ04322,Motor Grader,S085,7.4,1.6,40,24.5,94,C3560,OP1048,13.087003,80.355025,Due Soon,85,Running,S085,Active,Normal,0
EQ04323,Skid Steer Loader,S042,6.9,2.4,50,32.4,82,C2189,OP0074,12.770958,80.198366,Overdue,71,Running,S042,Active,Normal,0
EQ04324,Excavator,S071,7.0,1.8,65,33.5,90,C8091,OP0317,12.777606,80.297981,Good,81,Running,S071,Active,Normal,0
EQ04325,Motor Grader,S002,6.9,0.3,40,15.5,88,C8570,OP0853,12.987483,80.227053,Good,89,Running,S002,Active,Normal,0
EQ04326,Wheel Loader,S102,5.3,1.4,54,20.6,98,C2099,OP0011,12.811697,80.007855,Good,73,Running,S102,Active,Normal,0
EQ04327,Bulldozer,S077,5.7,1.9,37,23.3,99,C3722,OP0174,12.719954,80.141219,Good,82,Running,S077,Active,Normal,0
EQ04328,Wheel Loader,S037,7.4,2.8,69,34.6,80,C8429,OP0406,12.962335,80.232428,Good,90,Running,S037,Active,Normal,0
EQ04329,Wheel Loader,S019,7.1,2.0,83,16.6,98,C3711,OP0878,13.044188,80.210668,Good,78,Running,S019,Active,Normal,0
EQ04330,Skid Steer Loader,S101,9.5,0.3,49,26.0,86,C4790,OP0670,13.136445,80.006628,Due Soon,88,Running,S101,Active,Normal,0
EQ04331,Dump Truck,S125,6.4,2.5,40,37.5,99,C5741,OP0725,12.915705,80.216679,Due Soon,81,Running,S125,Active,Normal,0
EQ04332,Skid Steer Loader,S019,10.0,1.6,93,39.6,92,C2810,OP0061,13.171652,80.201492,Due Soon,87,Running,S019,Active,Normal,0
EQ04333,Backhoe Loader,S058,6.0,2.1,69,30.6,92,C4547,OP0436,13.091438,80.062738,Good,76,Running,S058,Active,Normal,0
EQ04334,Excavator,S118,8.5,2.1,56,23.2,87,C3166,OP0137,13.238529,80.242676,Good,71,Running,S118,Active,Normal,0
EQ04335,Motor Grader,S096,5.4,0.5,68,18.9,90,C8859,OP0755,12.808808,80.031889,Due Soon,76,Running,S096,Active,Normal,0
EQ04336,Bulldozer,S108,6.0,2.3,62,13.3,92,C5918,OP0242,13.333994,80.080814,Good,81,Running,S108,Active,Normal,0
EQ04337,Skid Steer Loader,S019,6.7,0.6,89,33.7,97,C8475,OP0534,13.25243,80.374481,Due Soon,73,Running,S019,Active,Normal,0
EQ04338,Dump Truck,S068,10.3,0.4,64,32.7,89,C9811,OP0907,12.735883,80.317988,Good,80,Running,S068,Active,Normal,0
EQ04339,Backhoe Loader,S033,6.7,0.7,49,18.4,93,C8413,OP1116,12.804892,79.965268,Good,69,Running,S033,Active,Normal,0
EQ04340,Dump Truck,S093,8.7,0.8,59,12.7,80,C2576,OP0965,12.995612,80.314061,Good,78,Running,S093,Active,Normal,0
EQ04341,Skid Steer Loader,S064,8.0,0.5,82,33.9,91,C7379,OP0935,12.875199,80.393353,Good,96,Running,S064,Active,Normal,0
EQ04342,Skid Steer Loader,S020,6.0,0.2,50,26.8,98,C2449,OP0761,12.872378,79.993333,Good,79,Running,S020,Active,Normal,0
EQ04343,Backhoe Loader,S119,7.7,0.1,66,17.4,90,C2245,OP0635,12.733695,80.018704,Due Soon,69,Running,S119,Active,Normal,0
EQ04344,Dump Truck,S028,5.5,0.3,93,16.2,84,C6403,OP0783,13.266865,80.040521,Good,95,Running,S028,Active,Normal,0
EQ04345,Backhoe Loader,S145,7.9,1.4,73,20.1,90,C4202,OP1097,13.31128,79.963981,Good,66,Running,S145,Active,Normal,0
EQ04346,Backhoe Loader,S071,5.7,1.6,70,18.0,92,C4933,OP1187,13.030874,80.150038,Due Soon,85,Running,S071,Active,Normal,0
EQ04347,Wheel Loader,S035,5.2,2.0,90,24.0,96,C3718,OP0139,13.241128,80.211611,Good,84,Running,S035,Active,Normal,0
EQ04348,Backhoe Loader,S032,7.5,1.6,86,24.8,85,C7446,OP0487,12.90323,80.262581,Good,79,Running,S032,Active,Normal,0
EQ04349,Backhoe Loader,S093,5.4,1.0,85,15.5,83,C3788,OP0045,13.055228,79.973832,Good,84,Running,S093,Active,Normal,0
EQ04350,Motor Grader,S071,8.0,2.9,73,165.0,94,C3855,OP0464,13.142454,80.285725,Good,98,Running,S071,Active,Distance Spike,1
EQ04351,Backhoe Loader,S114,6.1,1.4,91,31.3,80,C8760,OP0598,12.780429,80.278952,Good,74,Running,S114,Active,Normal,0
EQ04352,Excavator,S100,8.1,0.8,61,35.9,94,C3288,OP0602,13.201149,80.25265,Good,70,Running,S100,Active,Normal,0
EQ04353,Skid Steer Loader,S148,9.1,1.0,66,16.2,92,C4942,OP1174,12.733105,80.141393,Good,77,Running,S148,Active,Normal,0
EQ04354,Dump Truck,S083,10.8,16.0,58,32.2,94,C7510,OP0410,13.230215,80.298338,Good,8,Idle,S083,Active,Low Utilization,1
EQ04355,Backhoe Loader,S142,6.0,1.1,55,24.0,90,C3742,OP0428,12.858395,80.07427,Good,87,Running,S142,Active,Normal,0
EQ04356,Backhoe Loader,S077,10.7,0.1,55,17.5,88,C5248,OP0659,12.994364,80.129123,Good,88,Running,S077,Active,Normal,0
EQ04357,Skid Steer Loader,S116,5.9,2.5,86,22.1,87,C9596,OP0453,13.232414,80.064106,Good,74,Running,S116,Active,Normal,0
EQ04358,Excavator,S038,8.0,2.1,91,30.8,98,C2935,OP1077,12.850873,79.961502,Good,92,Running,S038,Active,Normal,0
EQ04359,Wheel Loader,S021,6.1,2.3,65,39.0,83,C6311,OP0483,13.244609,80.173821,Good,69,Running,S021,Active,Normal,0
EQ04360,Wheel Loader,S132,10.3,1.9,66,22.1,87,C7637,OP0422,12.882162,80.173176,Good,91,Running,S132,Active,Normal,0
EQ04361,Excavator,S103,8.7,2.1,79,13.7,85,C9465,OP0248,13.281959,80.395148,Good,77,Running,S103,Active,Normal,0
EQ04362,Skid Steer Loader,S046,7.8,0.0,5,18.0,80,C3754,OP0021,13.349253,80.131635,Good,74,Running,S046,Active,Fuel Anomaly,1
EQ04363,Skid Steer Loader,S115,10.3,1.1,53,34.6,84,C6356,OP0410,13.315406,79.951029,Good,75,Running,S115,Active,Normal,0
EQ04364,Motor Grader,S129,6.2,0.6,44,20.0,80,C9088,OP1104,13.129953,80.320484,Good,78,Running,S129,Active,Normal,0
EQ04365,Dump Truck,S067,7.8,0.6,36,24.4,91,C1250,OP0159,13.014066,80.114322,Good,87,Running,S067,Active,Normal,0
EQ04366,Skid Steer Loader,S070,8.4,1.4,88,35.2,92,C8072,OP0871,13.309022,80.074552,Good,82,Running,S070,Active,Normal,0
EQ04367,Motor Grader,S005,5.2,2.8,56,39.7,89,C1028,OP1027,13.219626,80.182939,Good,81,Running,S005,Active,Normal,0
EQ04368,Dump Truck,S145,5.2,1.2,76,18.0,88,C9781,OP0638,12.954066,80.122556,Good,86,Running,S145,Active,Normal,0
EQ04369,Dump Truck,S118,5.5,0.7,89,20.6,82,C5386,OP1081,13.151055,80.148687,Good,74,Running,S118,Active,Normal,0
EQ04370,Dump Truck,S025,10.8,0.6,67,12.6,87,C4993,OP0516,13.163466,80.022529,Good,80,Running,S025,Active,Normal,0
EQ04371,Skid Steer Loader,S122,5.7,1.7,81,29.4,99,C2710,OP0780,13.243119,80.12142,Good,67,Running,S122,Active,Normal,0
EQ04372,Skid Steer Loader,S128,8.8,2.9,73,15.8,97,C5090,OP0747,13.177545,80.323559,Good,67,Running,S128,Active,Normal,0
EQ04373,Wheel Loader,S076,10.1,1.8,48,31.7,94,C4490,OP0812,13.091585,80.015552,Good,88,Running,S076,Active,Normal,0
EQ04374,Skid Steer Loader,S042,6.0,2.9,72,23.0,91,C5429,OP0813,13.026153,80.319954,Good,85,Running,S042,Active,Normal,0
EQ04375,Motor Grader,S009,10.2,0.6,44,34.2,84,C2653,OP0296,12.978644,80.399071,Due Soon,90,Running,S009,Active,Normal,0
EQ04376,Dump Truck,S095,8.2,2.7,50,27.7,86,C2467,OP0652,13.278337,80.264785,Good,91,Running,S095,Active,Normal,0
EQ04377,Skid Steer Loader,S114,5.5,3.0,46,32.8,85,C1519,OP1200,13.200336,80.219464,Good,95,Running,S114,Active,Normal,0
EQ04378,Dump Truck,S148,10.4,1.3,50,38.5,84,C4907,OP1028,13.09848,80.089459,Good,66,Running,S148,Active,Normal,0
EQ04379,Backhoe Loader,S047,8.6,2.9,44,24.3,96,C7174,OP1032,12.815253,80.040772,Good,78,Running,S047,Active,Normal,0
EQ04380,Skid Steer Loader,S006,7.9,2.0,51,21.4,92,C3774,OP1038,12.917382,80.37746,Good,98,Running,S006,Active,Normal,0
EQ04381,Bulldozer,S062,8.2,2.6,76,17.1,81,C6337,OP1045,13.076698,80.048201,Good,67,Running,S062,Active,Normal,0
EQ04382,Bulldozer,S069,0.5,22.0,48,37.0,95,C5722,OP0165,13.144657,80.203332,Good,5,Idle,S069,Active,High Idle,1
EQ04383,Dump Truck,S078,8.3,0.9,77,26.5,93,C2188,OP0946,13.120429,80.240572,Good,77,Running,S078,Active,Normal,0
EQ04384,Excavator,S149,5.4,0.4,58,26.3,81,C1382,OP0134,13.083415,80.206735,Good,85,Running,S149,Active,Normal,0
EQ04385,Skid Steer Loader,S140,7.5,2.0,76,18.1,83,C1169,OP0950,12.892818,80.283447,Good,83,Running,S140,Active,Normal,0
EQ04386,Wheel Loader,S059,7.2,0.6,40,15.5,81,C4855,OP0489,12.869042,80.100685,Good,89,Running,S059,Active,Normal,0
EQ04387,Skid Steer Loader,S027,5.1,0.1,44,21.9,86,C3111,OP0989,13.102396,80.281138,Good,97,Running,S027,Active,Normal,0
EQ04388,Excavator,S028,6.9,1.8,41,27.3,80,C4950,OP0881,12.969893,80.396983,Good,66,Running,S028,Active,Normal,0
EQ04389,Motor Grader,S022,5.2,1.1,58,12.3,82,C4762,OP0559,13.078918,80.261869,Overdue,73,Running,S022,Active,Normal,0
EQ04390,Dump Truck,S012,7.1,0.8,85,36.2,95,C6364,OP0532,13.339782,80.007253,Good,71,Running,S012,Active,Normal,0
EQ04391,Bulldozer,S064,8.5,1.8,67,35.5,89,C1737,OP0232,13.098059,79.966619,Good,74,Running,S064,Active,Normal,0
EQ04392,Skid Steer Loader,S090,5.2,2.4,41,28.3,91,C3403,OP0313,12.905627,79.98978,Good,97,Running,S090,Active,Normal,0
EQ04393,Dump Truck,S130,9.6,2.6,79,12.2,96,C6510,OP0990,13.197289,80.211705,Good,78,Running,S130,Active,Normal,0
EQ04394,Bulldozer,S072,6.4,0.8,41,15.8,100,C6816,OP0109,13.237551,80.141218,Due Soon,67,Running,S072,Active,Normal,0
EQ04395,Backhoe Loader,S113,8.8,2.8,90,14.0,94,C3320,OP1014,13.095629,80.390252,Due Soon,90,Running,S113,Active,Normal,0
EQ04396,Bulldozer,S073,10.4,2.2,90,14.5,90,C8584,OP0309,12.85402,80.331398,Due Soon,91,Running,S073,Active,Normal,0
EQ04397,Bulldozer,S090,6.6,2.9,88,24.2,93,C2831,OP0621,13.009083,80.115574,Good,98,Running,S090,Active,Normal,0
EQ04398,Bulldozer,S121,8.1,0.0,37,29.1,94,C8923,OP0345,13.2992,80.39822,Good,94,Running,S121,Active,Normal,0
EQ04399,Dump Truck,S004,6.7,0.2,89,34.2,99,C8941,OP0858,12.890879,80.285353,Good,91,Running,S004,Active,Normal,0
EQ04400,Dump Truck,S144,7.9,0.2,69,30.2,81,C1046,OP1188,13.315525,80.202972,Good,86,Running,S144,Active,Normal,0
EQ04401,Excavator,S110,10.3,2.1,80,17.0,96,C9071,OP0624,13.145782,80.281275,Due Soon,98,Running,S110,Active,Normal,0
EQ04402,Dump Truck,S019,8.4,2.2,42,39.1,89,C2972,OP0448,12.796383,80.081277,Good,76,Running,S019,Active,Normal,0
EQ04403,Wheel Loader,S012,8.7,2.3,36,32.9,89,C2963,OP0074,13.065072,80.202848,Good,70,Running,S012,Active,Normal,0
EQ04404,Bulldozer,S070,6.4,2.4,42,13.5,100,C5810,OP0011,12.81527,80.089881,Good,96,Running,S070,Active,Normal,0
EQ04405,Wheel Loader,S004,10.5,2.2,95,38.9,80,C6503,OP0531,12.886865,80.104616,Due Soon,94,Running,S004,Active,Normal,0
EQ04406,Excavator,S055,6.7,0.5,75,14.5,98,C3763,OP0134,13.300238,80.160111,Good,68,Running,S055,Active,Normal,0
EQ04407,Backhoe Loader,S065,7.5,1.6,66,32.0,85,C9455,OP0891,12.845763,80.175733,Good,74,Running,S065,Active,Normal,0
EQ04408,Excavator,S016,7.6,0.9,75,29.6,86,C1324,OP0490,13.26094,80.196921,Good,67,Running,S016,Active,Normal,0
EQ04409,Skid Steer Loader,S060,6.1,0.9,87,22.1,93,C6506,OP0736,12.756015,80.300684,Good,90,Running,S060,Active,Normal,0
EQ04410,Skid Steer Loader,S037,9.7,0.8,64,34.0,87,C3164,OP0905,13.152435,80.273918,Overdue,92,Running,S037,Active,Normal,0
EQ04411,Skid Steer Loader,S103,8.4,2.7,75,14.1,97,C8614,OP0280,12.994043,79.960362,Good,66,Running,S103,Active,Normal,0
EQ04412,Backhoe Loader,S030,7.1,1.3,40,34.0,93,C4023,OP0679,12.920218,80.086458,Good,70,Running,S030,Active,Normal,0
EQ04413,Excavator,S038,6.3,1.3,51,39.4,81,C7521,OP0328,13.247609,80.156367,Good,87,Running,S038,Active,Normal,0
EQ04414,Skid Steer Loader,S029,5.8,1.7,60,31.4,81,C2242,OP0421,12.792372,80.01907,Good,68,Running,S029,Active,Normal,0
EQ04415,Bulldozer,S027,10.5,0.6,81,12.8,88,C8723,OP0886,12.916406,80.016001,Overdue,83,Running,S027,Active,Normal,0
EQ04416,Wheel Loader,S017,6.8,1.4,51,32.7,97,C2716,OP0138,13.082171,80.285669,Due Soon,69,Running,S017,Active,Normal,0
EQ04417,Skid Steer Loader,S146,5.1,1.3,35,24.0,84,C7538,OP0364,12.710065,79.959163,Good,97,Running,S146,Active,Normal,0
EQ04418,Wheel Loader,S146,8.4,1.7,86,34.6,28,C1996,OP0903,12.973966,80.09739,Overdue,73,Maintenance,S146,Active,Maintenance Overdue,1
EQ04419,Bulldozer,S006,5.9,1.8,93,24.3,84,C8199,OP0404,13.24705,79.952109,Due Soon,82,Running,S006,Active,Normal,0
EQ04420,Wheel Loader,S012,5.3,1.4,37,37.8,84,C2034,OP0416,12.840436,80.398313,Good,87,Running,S012,Active,Normal,0
EQ04421,Backhoe Loader,S048,8.9,1.8,88,34.9,91,C7591,OP0951,12.781057,80.326237,Due Soon,73,Running,S048,Active,Normal,0
EQ04422,Excavator,S007,8.0,2.9,48,37.3,81,C5033,OP0044,12.897335,80.383457,Good,79,Running,S007,Active,Normal,0
EQ04423,Dump Truck,S121,5.3,0.2,46,21.2,94,C4482,OP0852,13.051318,80.036309,Good,94,Running,S121,Active,Normal,0
EQ04424,Wheel Loader,S052,5.7,1.5,92,29.6,97,C4725,OP0269,12.931791,80.326779,Good,85,Running,S052,Active,Normal,0
EQ04425,Skid Steer Loader,S116,8.2,2.8,92,18.2,89,C3188,OP0405,13.02847,80.017297,Good,91,Running,S116,Active,Normal,0
EQ04426,Bulldozer,S116,7.0,1.3,78,18.5,92,C7181,OP0001,12.715626,80.124846,Good,98,Running,S116,Active,Normal,0
EQ04427,Motor Grader,S007,8.9,2.3,89,39.3,89,C4283,OP0607,12.711777,80.078409,Good,85,Running,S007,Active,Normal,0
EQ04428,Motor Grader,S074,9.6,2.2,79,27.4,80,C4420,OP0089,13.210906,80.362655,Good,66,Running,S074,Active,Normal,0
EQ04429,Backhoe Loader,S147,7.7,1.1,43,36.8,90,C8106,OP0933,13.087809,80.156886,Good,94,Running,S147,Active,Normal,0
EQ04430,Dump Truck,S096,6.1,0.3,89,28.8,97,C6021,OP0673,12.923556,80.062155,Overdue,94,Running,S096,Active,Normal,0
EQ04431,Wheel Loader,S112,6.2,2.6,82,36.6,81,C6750,OP0554,12.910827,80.339022,Due Soon,65,Running,S112,Active,Normal,0
EQ04432,Excavator,S146,6.3,1.6,62,21.1,88,C3458,OP1062,13.332457,80.286043,Good,67,Running,S146,Active,Normal,0
EQ04433,Wheel Loader,S002,7.0,1.0,82,22.1,85,C9754,OP0440,13.009232,80.101042,Good,66,Running,S002,Active,Normal,0
EQ04434,Dump Truck,S087,9.8,0.6,67,15.0,86,C5239,OP0655,12.897028,80.251404,Good,71,Running,S087,Active,Normal,0
EQ04435,Excavator,S076,6.0,2.4,88,28.8,92,C5795,OP1003,12.723003,80.196042,Good,84,Running,S076,Active,Normal,0
EQ04436,Backhoe Loader,S033,8.2,1.0,80,24.2,96,C6460,OP0774,12.918722,80.23149,Good,91,Running,S033,Active,Normal,0
EQ04437,Motor Grader,S041,7.1,2.7,75,23.0,91,C7437,OP0134,12.992525,80.207039,Good,73,Running,S094,Active,Wrong Site,1
EQ04438,Wheel Loader,S062,9.8,2.8,70,18.0,91,C3344,OP0002,13.015799,80.206295,Good,93,Running,S062,Active,Normal,0
EQ04439,Skid Steer Loader,S087,10.1,2.6,94,14.1,87,C1108,OP0016,12.792059,80.213304,Good,66,Running,S087,Active,Normal,0
EQ04440,Dump Truck,S150,8.5,2.5,61,25.8,89,C6022,OP0561,12.839427,80.290817,Due Soon,94,Running,S150,Active,Normal,0
EQ04441,Skid Steer Loader,S141,7.7,2.1,35,38.7,96,C6918,OP0097,12.927912,80.052302,Good,69,Running,S141,Active,Normal,0
EQ04442,Wheel Loader,S102,5.9,1.7,93,26.4,100,C5491,OP0014,12.866621,80.131801,Good,83,Running,S102,Active,Normal,0
EQ04443,Dump Truck,S029,10.8,1.8,95,39.6,97,C5477,OP0539,13.253644,80.077157,Good,66,Running,S029,Active,Normal,0
EQ04444,Motor Grader,S147,6.7,2.1,58,17.6,82,C8995,OP1148,12.853884,80.186151,Good,84,Running,S147,Active,Normal,0
EQ04445,Skid Steer Loader,S043,9.4,2.3,64,35.0,87,C7938,OP0172,13.261168,80.063199,Good,77,Running,S043,Active,Normal,0
EQ04446,Wheel Loader,S113,7.5,0.4,65,31.2,91,C7134,OP1066,12.944872,80.120253,Good,86,Running,S113,Active,Normal,0
EQ04447,Backhoe Loader,S099,6.2,0.8,46,38.4,93,C2539,OP0372,12.967358,80.227948,Good,65,Running,S099,Expired,Contract Expired,1
EQ04448,Motor Grader,S007,9.5,0.8,63,28.5,89,C4929,OP0011,12.715747,80.179144,Due Soon,93,Running,S007,Active,Normal,0
EQ04449,Motor Grader,S062,7.9,1.2,85,20.3,100,C4009,OP0064,13.116489,80.294542,Good,94,Running,S062,Active,Normal,0
EQ04450,Wheel Loader,S059,7.9,1.2,54,33.7,82,C1797,OP0324,13.157699,80.009807,Good,69,Running,S059,Active,Normal,0
EQ04451,Bulldozer,S013,9.0,2.9,45,24.0,86,C6670,OP0142,13.11255,80.309768,Good,67,Running,S013,Active,Normal,0
EQ04452,Wheel Loader,S002,7.7,0.3,86,29.1,91,C1901,OP0368,12.964057,80.084045,Good,87,Running,S002,Active,Normal,0
EQ04453,Dump Truck,S070,8.3,2.7,90,21.1,88,C6726,OP0371,12.934669,79.982904,Good,65,Running,S070,Active,Normal,0
EQ04454,Bulldozer,S078,9.3,2.3,92,18.4,85,C2144,OP0323,12.836821,80.279611,Good,89,Running,S078,Active,Normal,0
EQ04455,Bulldozer,S029,7.7,2.8,57,12.4,83,C1662,OP0044,13.341582,80.369879,Good,96,Running,S029,Active,Normal,0
EQ04456,Backhoe Loader,S028,7.8,2.2,71,38.1,95,C3516,OP1097,13.004378,79.991389,Due Soon,67,Running,S028,Active,Normal,0
EQ04457,Backhoe Loader,S148,8.3,0.3,69,36.5,100,C9497,OP0935,13.147153,80.306526,Good,78,Running,S148,Active,Normal,0
EQ04458,Wheel Loader,S043,7.3,2.3,40,13.0,91,C6868,OP1142,13.197123,80.047383,Due Soon,94,Running,S043,Active,Normal,0
EQ04459,Excavator,S053,5.1,0.8,68,30.6,100,C4967,OP0020,12.983039,80.317823,Good,85,Running,S053,Active,Normal,0
EQ04460,Wheel Loader,S064,6.7,0.2,66,25.4,100,C4677,OP0489,12.813052,80.244388,Good,66,Running,S064,Active,Normal,0
EQ04461,Excavator,S046,9.7,1.7,45,32.6,100,C5129,OP1166,13.019338,80.349578,Good,95,Running,S046,Active,Normal,0
EQ04462,Motor Grader,S057,5.3,1.1,94,12.0,95,C5434,OP0712,12.924578,80.14961,Good,68,Running,S057,Active,Normal,0
EQ04463,Motor Grader,S020,8.4,1.8,67,32.7,83,C1088,OP0028,13.291936,80.337628,Good,85,Running,S020,Active,Normal,0
EQ04464,Backhoe Loader,S079,8.6,3.0,88,29.7,80,C3766,OP0842,13.118304,79.976219,Good,76,Running,S079,Active,Normal,0
EQ04465,Skid Steer Loader,S032,5.7,1.6,72,21.4,86,C9227,OP0728,13.040606,80.207328,Good,65,Running,S032,Active,Normal,0
EQ04466,Wheel Loader,S006,6.5,0.4,83,16.8,91,C1259,OP0680,12.851072,80.203523,Due Soon,86,Running,S006,Active,Normal,0
EQ04467,Excavator,S002,7.6,1.8,84,39.1,82,C3575,OP0573,13.174877,80.381917,Good,72,Running,S002,Active,Normal,0
EQ04468,Excavator,S124,6.5,0.9,80,32.8,87,C4653,OP0088,13.295592,80.096253,Good,65,Running,S124,Active,Normal,0
EQ04469,Excavator,S061,6.2,1.6,80,27.5,92,C4686,OP1172,12.837503,80.083747,Due Soon,94,Running,S061,Active,Normal,0
EQ04470,Skid Steer Loader,S058,7.4,2.5,60,36.7,80,C9970,OP0797,13.020871,79.966931,Good,90,Running,S058,Active,Normal,0
EQ04471,Dump Truck,S150,5.9,2.9,73,38.7,94,C1850,OP0838,13.029343,80.376208,Good,66,Running,S150,Active,Normal,0
EQ04472,Bulldozer,S047,9.7,3.0,75,29.1,96,C4662,OP0002,13.145613,80.178169,Good,80,Running,S047,Active,Normal,0
EQ04473,Dump Truck,S058,9.1,1.8,46,16.1,99,C7430,OP0591,13.34718,80.358724,Due Soon,68,Running,S058,Active,Normal,0
EQ04474,Skid Steer Loader,S140,8.3,0.6,80,28.8,96,C1359,OP0605,12.758614,80.132616,Good,73,Running,S140,Active,Normal,0
EQ04475,Motor Grader,S062,5.5,0.4,36,24.8,80,C7167,OP0651,13.306819,80.178677,Good,73,Running,S062,Active,Normal,0
EQ04476,Motor Grader,S065,5.4,1.6,42,31.0,92,C1458,OP0335,12.727128,79.976989,Good,93,Running,S065,Active,Normal,0
EQ04477,Dump Truck,S053,8.6,0.3,43,25.2,96,C9564,OP0774,12.760783,80.34634,Good,79,Running,S053,Active,Normal,0
EQ04478,Excavator,S075,9.4,2.5,45,14.1,85,C8365,OP0939,13.032612,80.110233,Due Soon,87,Running,S075,Active,Normal,0
EQ04479,Backhoe Loader,S114,10.5,0.6,56,24.0,89,C8857,OP0093,13.141279,80.384272,Good,74,Running,S114,Active,Normal,0
EQ04480,Backhoe Loader,S069,9.7,1.9,69,12.8,87,C5769,OP0200,13.018573,80.296,Good,68,Running,S069,Active,Normal,0
EQ04481,Excavator,S125,10.0,1.0,49,27.0,98,C3687,OP1180,12.888819,79.979398,Good,65,Running,S125,Active,Normal,0
EQ04482,Backhoe Loader,S049,5.7,1.7,60,165.0,92,C9355,OP0418,12.873069,80.309025,Good,98,Running,S049,Active,Distance Spike,1
EQ04483,Dump Truck,S009,7.4,0.1,78,18.0,88,C3922,OP0950,13.0034,80.28836,Good,69,Running,S009,Active,Normal,0
EQ04484,Bulldozer,S025,10.7,1.0,62,13.1,91,C9497,OP0136,12.803634,80.158385,Good,75,Running,S025,Active,Normal,0
EQ04485,Bulldozer,S146,9.7,2.7,52,12.4,91,C6792,OP0358,13.023465,80.20089,Good,89,Running,S146,Active,Normal,0
EQ04486,Wheel Loader,S141,5.5,0.1,80,18.4,93,C4040,OP0839,13.218236,80.027992,Good,84,Running,S141,Active,Normal,0
EQ04487,Skid Steer Loader,S103,8.2,2.1,50,39.8,83,C5438,OP0276,12.927079,80.072234,Due Soon,90,Running,S103,Active,Normal,0
EQ04488,Bulldozer,S003,7.3,0.6,58,17.8,90,C9433,OP0492,13.02744,80.341371,Good,79,Running,S106,Active,Wrong Site,1
EQ04489,Bulldozer,S083,7.7,1.1,86,27.1,81,C2904,OP0132,13.325281,80.230007,Good,89,Running,S083,Active,Normal,0
EQ04490,Excavator,S032,5.0,1.2,60,37.8,96,C9408,OP0766,13.107314,80.059147,Good,68,Running,S032,Active,Normal,0
EQ04491,Bulldozer,S064,7.4,1.5,57,23.9,100,C1178,OP0443,12.972059,79.955911,Good,84,Running,S064,Active,Normal,0
EQ04492,Wheel Loader,S005,7.7,3.0,87,36.1,93,C3716,OP0910,13.14737,80.113789,Due Soon,67,Running,S005,Active,Normal,0
EQ04493,Motor Grader,S136,9.4,1.5,35,21.7,91,C4439,OP0027,13.132929,80.07839,Due Soon,93,Running,S136,Active,Normal,0
EQ04494,Bulldozer,S044,7.7,1.0,35,29.2,100,C7445,OP0236,12.996547,80.353125,Good,89,Running,S044,Active,Normal,0
EQ04495,Bulldozer,S101,8.2,1.3,71,38.2,86,C1351,OP0529,12.797813,80.144839,Good,87,Running,S101,Active,Normal,0
EQ04496,Dump Truck,S044,8.6,0.6,77,24.9,89,C2878,OP0090,13.093749,80.194956,Good,72,Running,S044,Active,Normal,0
EQ04497,Backhoe Loader,S081,7.6,1.1,94,39.1,95,C2610,OP0245,12.824964,80.274935,Good,70,Running,S081,Active,Normal,0
EQ04498,Excavator,S005,6.2,1.1,72,23.1,87,C7353,OP0967,13.24966,80.358127,Good,75,Running,S005,Active,Normal,0
EQ04499,Motor Grader,S034,7.8,2.6,43,28.8,87,C2296,OP1177,13.03136,80.378837,Due Soon,90,Running,S034,Active,Normal,0
EQ04500,Backhoe Loader,S044,10.7,0.8,91,18.2,89,C2795,OP0058,12.940678,80.313284,Good,75,Running,S044,Active,Normal,0
EQ04501,Excavator,S125,6.1,0.9,94,23.8,87,C6818,OP0370,13.039471,80.367395,Good,90,Running,S125,Active,Normal,0
EQ04502,Excavator,S123,6.6,0.2,66,23.7,89,C8145,OP0451,13.239821,79.965891,Good,82,Running,S123,Active,Normal,0
EQ04503,Dump Truck,S129,6.8,2.7,37,14.3,95,C6965,OP1142,12.904205,80.216291,Good,70,Running,S129,Active,Normal,0
EQ04504,Backhoe Loader,S022,10.3,2.1,61,27.9,84,C5990,OP0625,12.875555,80.321796,Good,96,Running,S022,Active,Normal,0
EQ04505,Skid Steer Loader,S046,5.2,1.9,54,34.1,81,C5153,OP0347,13.218437,80.232023,Good,75,Running,S046,Active,Normal,0
EQ04506,Motor Grader,S037,9.4,1.3,51,28.4,84,C6118,OP1141,12.716541,80.03751,Good,86,Running,S037,Active,Normal,0
EQ04507,Backhoe Loader,S118,9.4,0.3,93,18.4,95,C8269,OP0731,13.20104,80.128794,Good,83,Running,S118,Active,Normal,0
EQ04508,Wheel Loader,S130,8.3,1.5,71,36.0,96,C1461,OP0555,13.131894,80.211873,Good,87,Running,S130,Active,Normal,0
EQ04509,Dump Truck,S060,10.5,1.9,38,16.6,84,C7175,OP0037,13.279815,80.049759,Due Soon,93,Running,S060,Active,Normal,0
EQ04510,Bulldozer,S051,5.0,0.6,51,13.9,93,C7080,OP0911,13.103495,80.061595,Good,98,Running,S051,Active,Normal,0
EQ04511,Backhoe Loader,S081,5.5,2.8,72,17.5,82,C1021,OP0672,12.988533,80.230641,Good,71,Running,S081,Active,Normal,0
EQ04512,Backhoe Loader,S066,9.3,0.1,76,13.2,87,C7861,OP1102,13.084493,80.208591,Good,85,Running,S066,Active,Normal,0
EQ04513,Skid Steer Loader,S019,10.7,0.1,44,18.8,95,C5082,OP0078,13.141064,79.989307,Good,81,Running,S019,Active,Normal,0
EQ04514,Bulldozer,S012,8.2,3.0,45,23.4,100,C9948,OP0651,12.748139,80.166902,Good,87,Running,S012,Active,Normal,0
EQ04515,Backhoe Loader,S042,6.2,1.6,73,37.5,94,C5440,OP0792,13.029125,80.142478,Good,72,Running,S042,Active,Normal,0
EQ04516,Excavator,S026,9.5,0.4,43,20.3,82,C6195,OP0249,13.324404,80.251876,Good,66,Running,S026,Active,Normal,0
EQ04517,Skid Steer Loader,S019,7.5,16.0,92,12.3,86,C9857,OP0322,13.020909,79.993223,Good,8,Idle,S019,Active,Low Utilization,1
EQ04518,Excavator,S132,8.0,2.7,69,16.7,89,C4145,OP1186,12.817739,80.114728,Good,81,Running,S132,Active,Normal,0
EQ04519,Skid Steer Loader,S096,9.3,2.9,44,38.5,93,C2747,OP0222,12.926183,80.107484,Good,85,Running,S096,Active,Normal,0
EQ04520,Backhoe Loader,S149,8.4,0.3,56,12.6,86,C5921,OP1158,13.067169,80.360893,Good,80,Running,S149,Active,Normal,0
EQ04521,Skid Steer Loader,S026,8.9,0.0,57,36.5,100,C1009,OP0360,13.250093,80.249614,Due Soon,71,Running,S026,Active,Normal,0
EQ04522,Bulldozer,S042,5.9,1.5,38,28.4,98,C3069,OP1112,12.806151,80.138293,Good,74,Running,S042,Active,Normal,0
EQ04523,Skid Steer Loader,S057,9.1,2.5,35,12.9,84,C7160,OP0383,13.050324,79.996969,Good,69,Running,S057,Active,Normal,0
EQ04524,Bulldozer,S004,7.7,0.8,76,23.4,80,C4653,OP1032,13.341054,80.045807,Good,70,Running,S004,Active,Normal,0
EQ04525,Backhoe Loader,S088,6.8,0.4,66,27.8,86,C7772,OP1094,13.034597,80.045447,Good,89,Running,S088,Active,Normal,0
EQ04526,Excavator,S021,9.6,2.8,87,15.9,85,C3482,OP1098,12.726869,80.20299,Good,97,Running,S021,Active,Normal,0
EQ04527,Backhoe Loader,S132,11.0,0.8,93,38.8,90,C7959,OP1108,13.289881,80.214519,Due Soon,91,Running,S132,Active,Normal,0
EQ04528,Skid Steer Loader,S145,8.4,1.0,87,36.5,95,C2470,OP0263,13.214276,80.356331,Overdue,87,Running,S145,Active,Normal,0
EQ04529,Backhoe Loader,S082,8.7,2.0,58,37.2,91,C2774,OP0741,13.103757,80.172968,Good,95,Running,S082,Active,Normal,0
EQ04530,Backhoe Loader,S058,8.6,3.0,62,27.1,97,C5500,OP1199,12.99462,80.211706,Good,70,Running,S058,Active,Normal,0
EQ04531,Wheel Loader,S039,8.6,0.3,36,28.7,87,C9407,OP0332,12.917923,80.112286,Good,78,Running,S039,Active,Normal,0
EQ04532,Excavator,S062,5.3,2.5,50,12.6,97,C2334,OP0422,12.744502,80.376948,Due Soon,67,Running,S062,Active,Normal,0
EQ04533,Bulldozer,S143,10.2,2.6,89,25.0,86,C6815,OP0951,12.957766,80.141377,Due Soon,88,Running,S143,Active,Normal,0
EQ04534,Motor Grader,S054,7.5,1.4,63,23.6,90,C1222,OP0051,13.122685,80.398739,Good,88,Running,S054,Active,Normal,0
EQ04535,Motor Grader,S050,5.4,1.3,79,18.3,88,C9966,OP0225,12.930768,80.267768,Good,75,Running,S050,Active,Normal,0
EQ04536,Wheel Loader,S072,6.9,1.9,94,38.4,85,C2633,OP0768,12.73037,80.069045,Good,81,Running,S072,Active,Normal,0
EQ04537,Backhoe Loader,S056,9.7,2.5,77,38.8,80,C8988,OP0520,12.971211,80.293335,Good,70,Running,S056,Active,Normal,0
EQ04538,Wheel Loader,S058,6.1,0.6,87,38.2,82,C1683,OP1161,12.765892,80.136049,Good,73,Running,S058,Active,Normal,0
EQ04539,Wheel Loader,S116,8.0,2.8,79,34.8,95,C8536,OP0905,13.156209,80.04278,Good,87,Running,S116,Active,Normal,0
EQ04540,Bulldozer,S021,5.6,1.4,74,38.2,88,C6729,OP1190,12.700605,80.237371,Good,71,Running,S021,Active,Normal,0
EQ04541,Wheel Loader,S114,6.8,1.8,87,32.6,93,C5331,OP1034,12.952127,80.305002,Good,95,Running,S114,Active,Normal,0
EQ04542,Wheel Loader,S087,9.5,1.1,70,18.0,96,C9538,OP0634,13.018484,80.371817,Good,97,Running,S087,Active,Normal,0
EQ04543,Motor Grader,S020,9.9,2.6,35,39.6,82,C9436,OP0444,13.144947,80.092476,Good,70,Running,S020,Active,Normal,0
EQ04544,Bulldozer,S118,10.2,0.5,56,165.0,81,C2556,OP0181,13.345415,80.349335,Good,98,Running,S118,Active,Distance Spike,1
EQ04545,Backhoe Loader,S025,7.6,16.0,78,16.1,85,C6489,OP0233,13.270988,80.091437,Good,8,Idle,S025,Active,Low Utilization,1
EQ04546,Skid Steer Loader,S006,8.8,0.6,95,38.5,91,C3305,OP0041,12.906125,80.340165,Good,67,Running,S006,Active,Normal,0
EQ04547,Bulldozer,S064,6.4,2.0,47,18.8,97,C9270,OP0887,13.157217,80.344108,Good,91,Running,S064,Active,Normal,0
EQ04548,Motor Grader,S110,8.6,0.7,62,17.4,87,C7613,OP0529,13.111566,80.266825,Good,94,Running,S110,Active,Normal,0
EQ04549,Wheel Loader,S057,10.7,2.8,50,32.5,85,C6299,OP1144,13.217086,80.191672,Due Soon,87,Running,S057,Active,Normal,0
EQ04550,Motor Grader,S084,6.1,2.5,57,14.8,97,C7536,OP0118,12.992607,80.386033,Due Soon,78,Running,S084,Active,Normal,0
EQ04551,Excavator,S029,8.9,1.4,77,20.1,99,C4379,OP1149,12.758567,80.067325,Good,93,Running,S029,Active,Normal,0
EQ04552,Backhoe Loader,S137,5.9,1.6,63,28.8,85,C5450,OP1043,13.121182,80.292822,Good,76,Running,S137,Active,Normal,0
EQ04553,Backhoe Loader,S097,5.8,1.4,81,36.8,94,C3779,OP0763,12.788196,80.315211,Due Soon,69,Running,S097,Active,Normal,0
EQ04554,Excavator,S038,5.4,0.9,87,15.1,89,C2965,OP0947,13.138797,80.02022,Good,80,Running,S038,Active,Normal,0
EQ04555,Backhoe Loader,S026,8.9,2.6,77,33.6,99,C3202,OP0260,12.95582,80.2261,Due Soon,95,Running,S026,Active,Normal,0
EQ04556,Excavator,S080,9.7,2.9,82,13.0,98,C9409,OP1015,12.749593,80.303653,Good,93,Running,S080,Active,Normal,0
EQ04557,Dump Truck,S079,5.1,1.4,64,15.4,90,C4902,OP1072,12.824017,80.242419,Good,78,Running,S079,Active,Normal,0
EQ04558,Skid Steer Loader,S036,6.4,1.4,83,25.4,88,C4149,OP1140,13.07169,80.174694,Good,91,Running,S036,Active,Normal,0
EQ04559,Dump Truck,S146,6.4,2.8,59,12.0,98,C8135,OP0992,13.045914,80.258565,Good,85,Running,S146,Active,Normal,0
EQ04560,Bulldozer,S117,5.2,0.1,56,25.2,85,C6887,OP0335,12.748342,80.241924,Due Soon,91,Running,S117,Active,Normal,0
EQ04561,Dump Truck,S010,7.3,1.9,58,19.3,93,C9021,OP0723,12.751189,80.154519,Good,73,Running,S010,Active,Normal,0
EQ04562,Excavator,S106,7.6,1.2,81,36.5,97,C8688,OP0856,13.146123,80.227768,Good,77,Running,S106,Active,Normal,0
EQ04563,Excavator,S072,8.0,1.9,78,29.5,86,C2035,OP0449,13.091181,80.03929,Good,67,Running,S072,Active,Normal,0
EQ04564,Bulldozer,S011,8.0,2.0,60,22.3,94,C1463,OP0218,13.264483,80.301733,Good,74,Running,S011,Active,Normal,0
EQ04565,Bulldozer,S079,6.6,0.1,63,26.3,92,C6154,OP0128,13.137651,80.125134,Good,96,Running,S079,Active,Normal,0
EQ04566,Motor Grader,S020,6.2,1.6,54,39.8,94,C2690,OP0471,13.286914,80.393129,Good,94,Running,S020,Active,Normal,0
EQ04567,Backhoe Loader,S129,8.3,2.3,44,25.5,83,C9128,OP0885,12.731423,80.05547,Good,83,Running,S129,Active,Normal,0
EQ04568,Dump Truck,S006,9.0,2.2,47,21.2,96,C7757,OP0445,12.797772,80.082418,Good,67,Running,S006,Active,Normal,0
EQ04569,Bulldozer,S001,9.5,0.4,95,19.4,84,C2742,OP1080,13.114129,79.967691,Due Soon,97,Running,S001,Active,Normal,0
EQ04570,Excavator,S083,10.9,3.0,87,19.5,83,C7778,OP0730,12.93134,80.092169,Good,89,Running,S083,Active,Normal,0
EQ04571,Skid Steer Loader,S096,10.2,2.4,56,15.3,92,C3981,OP0988,13.323493,80.136177,Good,98,Running,S096,Expired,Contract Expired,1
EQ04572,Wheel Loader,S048,9.3,0.1,57,165.0,88,C5621,OP0483,13.181132,80.312779,Good,98,Running,S048,Active,Distance Spike,1
EQ04573,Motor Grader,S049,0.5,22.0,95,31.0,88,C6823,OP0987,13.253567,80.342921,Good,5,Idle,S049,Active,High Idle,1
EQ04574,Excavator,S080,8.8,2.3,62,17.1,98,C9109,OP0792,12.780019,80.362692,Due Soon,66,Running,S080,Active,Normal,0
EQ04575,Motor Grader,S053,8.7,1.3,86,17.5,83,C6161,OP0719,13.182668,80.214953,Good,95,Running,S053,Active,Normal,0
EQ04576,Excavator,S110,9.6,0.4,5,18.0,98,C4860,OP0251,12.867442,80.368917,Good,89,Running,S110,Active,Fuel Anomaly,1
EQ04577,Skid Steer Loader,S144,6.7,2.9,94,38.7,99,C7836,OP0914,13.319499,80.211504,Good,94,Running,S144,Active,Normal,0
EQ04578,Skid Steer Loader,S069,8.2,1.2,88,16.7,83,C3006,OP0146,13.101857,80.147814,Good,69,Running,S069,Active,Normal,0
EQ04579,Motor Grader,S131,9.4,0.5,95,35.6,96,C6983,OP0512,13.065499,80.143295,Good,98,Running,S131,Active,Normal,0
EQ04580,Wheel Loader,S034,7.9,2.3,51,165.0,94,C3124,OP0407,12.8093,80.1652,Due Soon,98,Running,S034,Active,Distance Spike,1
EQ04581,Wheel Loader,S071,9.1,0.4,51,22.9,93,C4325,OP0264,12.855727,80.27651,Due Soon,88,Running,S071,Active,Normal,0
EQ04582,Skid Steer Loader,S021,7.1,0.8,72,31.0,93,C2968,OP0102,13.135703,80.008333,Good,73,Running,S021,Active,Normal,0
EQ04583,Bulldozer,S143,5.8,1.3,36,34.6,96,C3101,OP1154,13.065174,80.178907,Good,75,Running,S143,Active,Normal,0
EQ04584,Wheel Loader,S038,7.4,1.8,53,33.7,88,C2791,OP0905,12.823785,80.320767,Good,79,Running,S038,Active,Normal,0
EQ04585,Bulldozer,S093,8.8,0.8,56,21.2,88,C4380,OP0763,13.11218,80.099108,Due Soon,86,Running,S093,Active,Normal,0
EQ04586,Dump Truck,S026,5.6,1.1,46,38.6,85,C9864,OP0673,12.937652,80.028911,Good,77,Running,S026,Active,Normal,0
EQ04587,Excavator,S020,8.5,1.7,72,39.0,94,C1420,OP1128,12.890624,80.117679,Due Soon,66,Running,S020,Active,Normal,0
EQ04588,Excavator,S009,8.4,1.6,88,33.0,99,C3238,OP0523,13.29226,80.216399,Due Soon,97,Running,S009,Active,Normal,0
EQ04589,Backhoe Loader,S028,9.7,2.9,35,37.7,83,C2940,,13.053231,79.996552,Good,94,Running,S028,Active,Missing Operator,1
EQ04590,Motor Grader,S056,5.3,2.5,74,37.5,83,C9184,OP0312,13.057436,79.970639,Good,96,Running,S056,Active,Normal,0
EQ04591,Dump Truck,S142,9.8,16.0,70,36.2,89,C8396,OP0008,12.869532,80.320776,Good,8,Idle,S142,Active,Low Utilization,1
EQ04592,Motor Grader,S027,6.2,1.3,40,21.0,94,C4598,OP0179,12.831722,79.972805,Good,72,Running,S027,Active,Normal,0
EQ04593,Skid Steer Loader,S060,7.4,0.0,57,18.6,85,C2080,OP0217,13.023627,80.362791,Good,95,Running,S060,Active,Normal,0
EQ04594,Bulldozer,S118,5.2,0.7,69,12.0,92,C6055,OP1005,12.950926,80.183831,Good,69,Running,S118,Active,Normal,0
EQ04595,Dump Truck,S113,6.5,0.1,54,39.9,100,C9895,OP0761,12.966231,79.954649,Good,90,Running,S113,Active,Normal,0
EQ04596,Backhoe Loader,S112,6.7,2.7,64,33.3,82,C4166,OP0317,12.870167,80.164819,Good,74,Running,S112,Active,Normal,0
EQ04597,Dump Truck,S150,10.7,2.8,48,33.7,82,C1001,OP0241,12.902844,79.955827,Good,86,Running,S150,Active,Normal,0
EQ04598,Bulldozer,S067,10.4,0.8,73,25.1,98,C2914,OP0631,12.854345,80.182948,Good,89,Running,S067,Active,Normal,0
EQ04599,Motor Grader,S028,8.1,1.8,72,16.9,88,C9334,OP0737,12.907582,80.211766,Due Soon,77,Running,S028,Active,Normal,0
EQ04600,Skid Steer Loader,S075,6.9,2.4,40,39.4,90,C2277,OP1019,13.270186,80.263765,Good,76,Running,S075,Active,Normal,0
EQ04601,Motor Grader,S108,10.5,1.1,62,34.6,81,C4880,OP1004,12.994692,80.089366,Good,93,Running,S108,Active,Normal,0
EQ04602,Dump Truck,S147,7.9,1.9,94,14.4,86,C8081,OP0381,13.304152,79.953571,Due Soon,79,Running,S147,Active,Normal,0
EQ04603,Backhoe Loader,S018,5.3,1.4,49,16.4,96,C2395,OP0929,12.834804,80.398613,Good,79,Running,S018,Active,Normal,0
EQ04604,Motor Grader,S029,10.4,1.6,5,18.0,96,C5814,OP0118,12.852875,80.111702,Good,93,Running,S029,Active,Fuel Anomaly,1
EQ04605,Wheel Loader,S082,6.5,0.1,75,32.2,95,C2709,OP1097,13.303453,80.034784,Overdue,80,Running,S082,Active,Normal,0
EQ04606,Dump Truck,S129,8.4,0.9,93,22.7,84,C8247,OP0469,12.913531,80.202418,Good,76,Running,S129,Active,Normal,0
EQ04607,Skid Steer Loader,S066,10.4,1.2,78,19.7,83,C5929,OP0820,13.029952,80.299841,Good,87,Running,S066,Active,Normal,0
EQ04608,Excavator,S129,7.9,2.7,95,31.2,97,C6719,OP1152,12.764581,80.035958,Good,75,Running,S129,Active,Normal,0
EQ04609,Backhoe Loader,S132,9.9,3.0,52,16.3,87,C2074,OP0037,12.927196,80.384497,Due Soon,83,Running,S132,Active,Normal,0
EQ04610,Bulldozer,S073,6.5,3.0,53,19.8,96,C9138,OP0261,12.955457,79.973826,Good,71,Running,S073,Active,Normal,0
EQ04611,Excavator,S006,9.4,2.0,55,20.2,90,C3163,OP0567,13.097417,80.091982,Good,91,Running,S006,Active,Normal,0
EQ04612,Motor Grader,S013,9.8,2.4,86,24.7,85,C6236,OP0182,12.82908,80.039821,Good,93,Running,S013,Active,Normal,0
EQ04613,Skid Steer Loader,S117,8.9,2.0,67,24.6,94,C3560,OP0239,12.958609,80.191215,Good,70,Running,S117,Active,Normal,0
EQ04614,Motor Grader,S002,5.1,1.2,92,19.2,84,C7051,OP0176,12.755302,80.086169,Good,81,Running,S002,Active,Normal,0
EQ04615,Motor Grader,S137,5.7,1.5,56,30.9,87,C4837,OP0597,12.969756,80.209611,Due Soon,85,Running,S137,Active,Normal,0
EQ04616,Bulldozer,S119,9.6,2.1,78,14.2,84,C2727,OP0376,13.191756,80.013865,Good,90,Running,S119,Active,Normal,0
EQ04617,Dump Truck,S006,8.3,0.2,55,33.2,96,C8377,OP0530,12.955618,80.389845,Good,76,Running,S006,Active,Normal,0
EQ04618,Skid Steer Loader,S028,8.5,0.6,61,20.3,82,C8709,OP0310,13.135457,80.230041,Due Soon,92,Running,S028,Active,Normal,0
EQ04619,Backhoe Loader,S038,9.4,0.3,68,12.8,100,C3014,OP0752,13.193468,80.269854,Good,68,Running,S038,Active,Normal,0
EQ04620,Backhoe Loader,S127,6.3,0.4,95,15.1,98,C4443,OP1035,13.256827,80.376706,Good,98,Running,S127,Active,Normal,0
EQ04621,Motor Grader,S029,7.0,0.0,83,37.3,99,C3908,OP1108,13.225613,80.083185,Good,67,Running,S029,Active,Normal,0
EQ04622,Motor Grader,S064,5.7,2.1,37,22.2,86,C4662,OP1001,13.102089,80.253932,Good,86,Running,S064,Active,Normal,0
EQ04623,Bulldozer,S061,5.8,1.1,55,23.2,94,C2900,OP0309,12.784185,80.214871,Good,81,Running,S061,Active,Normal,0
EQ04624,Excavator,S106,10.7,2.7,49,39.0,82,C7024,OP0558,12.876285,80.106357,Good,65,Running,S106,Active,Normal,0
EQ04625,Backhoe Loader,S138,7.2,2.2,57,33.1,97,C1409,OP0660,13.310113,80.132415,Good,83,Running,S138,Active,Normal,0
EQ04626,Bulldozer,S137,7.8,0.9,46,15.6,97,C5130,OP0525,13.193361,79.978243,Good,91,Running,S137,Active,Normal,0
EQ04627,Wheel Loader,S055,5.2,0.9,84,29.3,94,C9661,OP0868,13.050136,80.348176,Good,91,Running,S055,Active,Normal,0
EQ04628,Wheel Loader,S009,7.1,2.6,82,29.5,100,C2094,OP1188,12.84888,80.090957,Good,92,Running,S009,Active,Normal,0
EQ04629,Backhoe Loader,S068,9.6,0.2,5,18.0,88,C3005,OP0960,12.961398,80.045887,Good,77,Running,S068,Active,Fuel Anomaly,1
EQ04630,Wheel Loader,S086,7.2,1.1,40,24.1,82,C5777,OP0010,13.051258,80.250628,Good,76,Running,S086,Active,Normal,0
EQ04631,Excavator,S032,6.2,1.6,45,21.2,85,C4448,OP1069,13.033319,80.255828,Due Soon,97,Running,S032,Active,Normal,0
EQ04632,Dump Truck,S053,5.8,2.2,75,26.2,89,C5151,OP0946,13.200856,80.019216,Due Soon,72,Running,S053,Active,Normal,0
EQ04633,Backhoe Loader,S130,7.1,0.4,69,34.5,98,C7722,OP0822,13.006085,80.27868,Good,91,Running,S130,Active,Normal,0
EQ04634,Motor Grader,S009,9.4,1.8,87,26.9,90,C3077,OP0725,13.062616,80.066693,Good,76,Running,S009,Active,Normal,0
EQ04635,Skid Steer Loader,S110,5.1,1.6,47,17.0,95,C2090,OP0864,13.303607,80.370596,Good,88,Running,S110,Active,Normal,0
EQ04636,Bulldozer,S120,8.0,1.0,93,36.4,95,C2279,OP0679,12.71754,80.194406,Good,86,Running,S120,Active,Normal,0
EQ04637,Dump Truck,S114,8.1,1.1,94,14.2,87,C9990,OP1153,13.037548,80.263795,Good,96,Running,S114,Active,Normal,0
EQ04638,Backhoe Loader,S067,6.0,0.1,55,38.3,92,C8141,OP0178,12.730263,80.022153,Good,91,Running,S005,Active,Wrong Site,1
EQ04639,Excavator,S040,9.8,2.6,82,21.3,86,C9555,OP0048,12.76031,79.984725,Due Soon,74,Running,S040,Active,Normal,0
EQ04640,Wheel Loader,S030,10.3,16.0,53,20.8,83,C4648,OP0283,13.080549,80.102282,Good,8,Idle,S030,Active,Low Utilization,1
EQ04641,Skid Steer Loader,S126,6.6,1.5,37,23.0,82,C3583,OP0549,12.807717,79.970074,Good,70,Running,S126,Active,Normal,0
EQ04642,Motor Grader,S143,6.1,1.1,92,165.0,94,C4035,OP0452,12.813873,80.397964,Due Soon,98,Running,S143,Active,Distance Spike,1
EQ04643,Backhoe Loader,S040,10.7,0.4,73,39.1,99,C3547,OP0708,12.752838,80.236067,Good,81,Running,S040,Active,Normal,0
EQ04644,Dump Truck,S014,8.9,1.9,67,25.7,91,C9220,OP0409,12.839338,80.210464,Good,81,Running,S014,Active,Normal,0
EQ04645,Bulldozer,S057,7.0,1.8,62,32.7,92,C5892,OP0669,12.897259,80.076837,Due Soon,98,Running,S057,Active,Normal,0
EQ04646,Motor Grader,S038,9.2,1.9,46,34.7,88,C5113,OP0990,13.164082,80.250314,Good,74,Running,S038,Active,Normal,0
EQ04647,Skid Steer Loader,S062,6.8,0.3,94,26.3,91,C9773,OP0815,13.186473,80.245568,Good,68,Running,S062,Active,Normal,0
EQ04648,Dump Truck,S064,5.1,1.3,84,24.8,92,C3838,OP0240,13.25627,79.986101,Good,93,Running,S064,Active,Normal,0
EQ04649,Wheel Loader,S088,7.4,2.9,80,20.4,93,C9691,OP0295,12.712117,80.124248,Good,94,Running,S088,Active,Normal,0
EQ04650,Skid Steer Loader,S081,9.9,1.4,40,37.3,89,C4321,OP0034,13.099922,80.376062,Due Soon,69,Running,S081,Active,Normal,0
EQ04651,Backhoe Loader,S084,10.4,0.2,55,19.2,94,C2408,OP0137,12.875861,80.088925,Good,73,Running,S084,Active,Normal,0
EQ04652,Backhoe Loader,S045,6.7,3.0,41,20.0,97,C2815,OP0496,12.792201,80.078238,Good,79,Running,S045,Active,Normal,0
EQ04653,Dump Truck,S022,5.7,0.2,92,37.3,99,C1677,OP1141,13.290475,80.37391,Good,90,Running,S022,Active,Normal,0
EQ04654,Motor Grader,S016,9.1,2.1,60,26.4,93,C5495,OP0098,13.146605,80.215868,Good,87,Running,S016,Active,Normal,0
EQ04655,Bulldozer,S118,10.9,0.1,79,14.8,92,C9410,OP0971,13.316362,80.358411,Good,75,Running,S118,Active,Normal,0
EQ04656,Excavator,S075,9.1,2.3,44,36.8,94,C3447,OP0977,13.213666,80.0056,Good,69,Running,S075,Active,Normal,0
EQ04657,Dump Truck,S063,8.4,1.7,38,18.4,83,C7905,OP0057,13.284492,80.281296,Good,72,Running,S063,Active,Normal,0
EQ04658,Excavator,S010,8.6,0.5,69,30.7,28,C8378,OP0738,13.070276,80.241908,Overdue,98,Maintenance,S010,Active,Maintenance Overdue,1
EQ04659,Dump Truck,S143,6.6,0.5,41,24.1,95,C4332,OP1127,12.82886,80.249633,Good,71,Running,S143,Active,Normal,0
EQ04660,Motor Grader,S083,5.5,2.7,86,36.8,80,C4959,OP0758,12.979717,80.335067,Good,94,Running,S083,Active,Normal,0
EQ04661,Skid Steer Loader,S124,7.3,0.0,75,28.7,98,C5866,OP0002,13.080084,80.055131,Due Soon,84,Running,S124,Active,Normal,0
EQ04662,Bulldozer,S035,6.7,1.6,44,14.8,88,C9165,OP0519,12.808516,80.303251,Good,97,Running,S035,Active,Normal,0
EQ04663,Dump Truck,S074,6.3,0.8,51,12.2,88,C2458,OP0241,13.192313,80.165002,Due Soon,76,Running,S074,Active,Normal,0
EQ04664,Skid Steer Loader,S150,9.6,2.6,36,31.3,94,C1178,OP1179,12.837206,80.275713,Good,65,Running,S150,Active,Normal,0
EQ04665,Excavator,S070,5.0,0.3,79,31.4,81,C4093,OP0704,13.07745,80.348826,Good,86,Running,S070,Active,Normal,0
EQ04666,Excavator,S084,5.8,1.5,56,17.9,82,C6623,OP0731,13.207256,80.061267,Good,88,Running,S084,Active,Normal,0
EQ04667,Dump Truck,S063,9.1,0.8,82,14.1,83,C3851,OP0862,13.015961,79.971435,Good,78,Running,S063,Active,Normal,0
EQ04668,Skid Steer Loader,S100,7.3,1.1,51,28.7,90,C8193,OP0415,13.13664,79.95616,Good,73,Running,S100,Expired,Contract Expired,1
EQ04669,Excavator,S087,6.5,1.6,49,32.3,100,C8919,OP0187,13.192766,80.10069,Good,73,Running,S087,Active,Normal,0
EQ04670,Excavator,S033,5.5,2.5,75,21.5,82,C6911,OP0291,13.285998,80.340149,Good,70,Running,S033,Active,Normal,0
EQ04671,Excavator,S073,9.5,0.1,70,35.2,81,C4583,OP0244,13.308299,80.397803,Good,78,Running,S073,Active,Normal,0
EQ04672,Motor Grader,S108,6.4,2.4,43,18.6,87,C5315,OP0085,13.22575,80.179673,Good,88,Running,S108,Active,Normal,0
EQ04673,Dump Truck,S003,8.4,0.7,38,27.7,90,C3411,OP1167,12.919001,80.082996,Good,77,Running,S003,Active,Normal,0
EQ04674,Skid Steer Loader,S113,10.1,2.9,57,33.7,90,C6350,OP0592,12.708623,79.957545,Good,93,Running,S113,Active,Normal,0
EQ04675,Wheel Loader,S111,8.3,1.2,35,12.8,82,C4277,OP0691,13.089402,80.37526,Good,94,Running,S111,Active,Normal,0
EQ04676,Excavator,S017,10.5,1.1,48,32.3,89,C3183,OP0084,13.294367,80.203113,Good,70,Running,S017,Active,Normal,0
EQ04677,Bulldozer,S087,9.4,2.0,68,30.8,28,C2363,OP1181,13.135309,80.209643,Overdue,92,Maintenance,S087,Active,Maintenance Overdue,1
EQ04678,Dump Truck,S010,10.6,2.1,52,30.3,86,C7272,OP0915,12.847627,80.136909,Due Soon,81,Running,S010,Active,Normal,0
EQ04679,Dump Truck,S140,5.9,0.3,51,32.8,88,C4835,OP0010,12.752015,80.018938,Good,95,Running,S140,Active,Normal,0
EQ04680,Bulldozer,S041,8.9,0.5,59,16.4,89,C6463,OP1119,12.830738,80.332523,Good,90,Running,S041,Active,Normal,0
EQ04681,Motor Grader,S029,5.7,0.8,46,27.6,85,C9626,OP1090,12.83212,80.132523,Good,79,Running,S029,Active,Normal,0
EQ04682,Bulldozer,S029,10.6,2.0,73,38.7,96,C6788,OP0411,13.276492,80.097695,Overdue,72,Running,S029,Active,Normal,0
EQ04683,Bulldozer,S016,5.8,2.5,35,27.9,95,C1414,OP0819,13.090817,80.039099,Good,98,Running,S016,Active,Normal,0
EQ04684,Bulldozer,S093,10.1,1.7,64,31.9,86,C1422,OP0130,13.152098,80.180707,Due Soon,77,Running,S093,Active,Normal,0
EQ04685,Dump Truck,S149,10.6,0.4,90,39.7,97,C5336,OP0259,12.805021,79.975702,Good,68,Running,S149,Active,Normal,0
EQ04686,Bulldozer,S083,5.2,1.4,73,34.6,81,C7280,OP0573,12.841068,80.000058,Good,72,Running,S083,Active,Normal,0
EQ04687,Dump Truck,S113,6.1,2.5,68,20.5,84,C1990,OP0346,13.115322,80.387806,Good,91,Running,S113,Active,Normal,0
EQ04688,Excavator,S046,9.8,0.3,88,28.6,88,C5808,OP0131,12.730345,80.346579,Good,77,Running,S046,Active,Normal,0
EQ04689,Bulldozer,S127,10.1,0.6,37,22.6,80,C8704,OP1050,13.058246,80.366392,Good,91,Running,S127,Active,Normal,0
EQ04690,Wheel Loader,S018,9.0,2.9,73,28.2,94,C1408,OP1034,13.200349,80.334537,Good,92,Running,S018,Active,Normal,0
EQ04691,Backhoe Loader,S002,9.8,1.7,57,39.5,81,C4684,OP0416,13.174128,79.983482,Good,70,Running,S002,Active,Normal,0
EQ04692,Backhoe Loader,S001,9.8,2.5,95,12.0,80,C2199,OP0914,12.926846,80.042121,Good,89,Running,S001,Active,Normal,0
EQ04693,Dump Truck,S084,9.7,2.3,83,34.1,92,C5721,OP0117,12.934374,80.217605,Good,92,Running,S084,Active,Normal,0
EQ04694,Motor Grader,S089,10.3,2.3,39,12.8,89,C7735,OP0119,13.266286,80.139617,Good,77,Running,S089,Active,Normal,0
EQ04695,Backhoe Loader,S051,6.4,0.5,57,30.3,100,C7911,,12.885492,80.049901,Good,85,Running,S051,Active,Missing Operator,1
EQ04696,Motor Grader,S074,5.7,0.7,80,33.5,97,C6575,OP0060,13.23324,80.231211,Due Soon,66,Running,S074,Active,Normal,0
EQ04697,Dump Truck,S114,9.7,0.7,70,28.8,83,C2434,OP0615,12.87923,80.25568,Good,87,Running,S114,Active,Normal,0
EQ04698,Motor Grader,S023,5.6,0.5,59,33.0,98,C4530,OP0246,13.345283,80.206043,Good,83,Running,S023,Active,Normal,0
EQ04699,Dump Truck,S140,5.3,2.2,86,36.6,85,C6342,OP0663,12.90719,80.334452,Due Soon,75,Running,S140,Active,Normal,0
EQ04700,Wheel Loader,S093,10.5,0.6,87,12.7,81,C2038,OP0897,13.18323,80.191244,Good,82,Running,S093,Active,Normal,0
EQ04701,Wheel Loader,S060,5.8,0.6,84,27.6,99,C1559,OP1134,13.252465,80.179812,Due Soon,72,Running,S060,Active,Normal,0
EQ04702,Backhoe Loader,S074,7.7,2.2,86,37.5,86,C1934,OP0388,12.761484,80.368824,Due Soon,73,Running,S074,Active,Normal,0
EQ04703,Backhoe Loader,S042,10.1,0.2,66,14.6,28,C6741,OP1108,13.223602,80.015186,Overdue,84,Maintenance,S042,Active,Maintenance Overdue,1
EQ04704,Backhoe Loader,S003,10.1,0.2,60,40.0,86,C1338,OP0285,13.143723,80.05396,Good,91,Running,S003,Active,Normal,0
EQ04705,Excavator,S142,7.9,0.0,49,21.7,84,C2882,OP1184,13.329744,80.147081,Good,84,Running,S142,Active,Normal,0
EQ04706,Backhoe Loader,S137,8.5,1.7,82,29.5,85,C1269,OP0507,12.82045,79.956894,Good,81,Running,S137,Active,Normal,0
EQ04707,Dump Truck,S114,7.1,2.8,71,12.7,88,C2797,OP0590,12.84744,80.25456,Due Soon,98,Running,S114,Active,Normal,0
EQ04708,Wheel Loader,S039,10.5,2.4,58,17.7,80,C2482,OP1123,13.085663,80.136763,Good,98,Running,S039,Active,Normal,0
EQ04709,Skid Steer Loader,S047,8.8,1.0,54,15.3,81,C3225,OP0882,12.89567,80.266353,Due Soon,80,Running,S047,Active,Normal,0
EQ04710,Motor Grader,S001,10.8,0.8,80,12.8,97,C6085,OP0985,12.936073,80.149959,Good,87,Running,S001,Active,Normal,0
EQ04711,Skid Steer Loader,S149,6.6,2.0,40,18.6,84,C6834,OP0689,12.91061,80.059935,Good,84,Running,S149,Active,Normal,0
EQ04712,Wheel Loader,S056,5.2,1.8,87,27.1,94,C7359,OP0396,13.260015,80.250578,Due Soon,80,Running,S056,Active,Normal,0
EQ04713,Bulldozer,S109,5.6,2.1,50,19.6,93,C5299,OP0535,13.2496,80.236006,Due Soon,92,Running,S109,Active,Normal,0
EQ04714,Motor Grader,S132,5.9,2.7,74,32.4,80,C9296,OP1058,13.055631,79.991534,Due Soon,75,Running,S132,Active,Normal,0
EQ04715,Backhoe Loader,S134,7.9,0.0,79,31.0,88,C5888,OP0545,13.121293,80.145697,Good,80,Running,S134,Active,Normal,0
EQ04716,Backhoe Loader,S050,5.5,1.6,75,29.6,81,C7365,OP0438,13.036633,80.035771,Good,81,Running,S050,Active,Normal,0
EQ04717,Excavator,S059,10.3,2.6,65,32.6,92,C1763,OP0933,13.349279,80.036965,Good,90,Running,S059,Active,Normal,0
EQ04718,Skid Steer Loader,S035,5.5,0.1,52,27.8,84,C1822,OP0500,12.872133,80.329975,Good,94,Running,S035,Active,Normal,0
EQ04719,Skid Steer Loader,S054,5.3,1.2,63,16.6,87,C8602,OP0747,12.791632,80.05081,Good,95,Running,S054,Active,Normal,0
EQ04720,Bulldozer,S115,7.0,2.2,94,31.6,87,C2341,OP0325,12.888524,80.090145,Due Soon,68,Running,S115,Active,Normal,0
EQ04721,Bulldozer,S027,10.1,2.4,74,23.3,84,C9144,OP1177,12.86031,80.090676,Good,92,Running,S027,Active,Normal,0
EQ04722,Dump Truck,S136,10.4,0.9,5,18.0,89,C6437,OP0091,13.221629,80.121782,Good,82,Running,S136,Active,Fuel Anomaly,1
EQ04723,Skid Steer Loader,S011,9.7,0.5,50,31.3,90,C8728,OP0384,12.840948,80.243493,Good,74,Running,S011,Active,Normal,0
EQ04724,Wheel Loader,S115,7.2,16.0,86,13.2,89,C3613,OP0125,12.836626,80.276281,Good,8,Idle,S115,Active,Low Utilization,1
EQ04725,Wheel Loader,S135,7.6,1.6,73,33.6,88,C5299,OP0366,12.924425,80.254377,Overdue,79,Running,S135,Active,Normal,0
EQ04726,Wheel Loader,S014,8.8,2.0,88,38.0,94,C7550,OP0924,13.189865,79.99798,Good,71,Running,S014,Active,Normal,0
EQ04727,Skid Steer Loader,S012,9.6,2.7,38,29.6,99,C9702,OP0190,13.011846,80.301547,Good,70,Running,S012,Active,Normal,0
EQ04728,Dump Truck,S046,8.7,1.9,84,21.4,97,C1842,OP0870,12.771988,80.164068,Good,81,Running,S046,Active,Normal,0
EQ04729,Motor Grader,S018,7.4,2.5,51,31.1,98,C6827,OP0894,13.345126,80.04047,Good,70,Running,S136,Active,Wrong Site,1
EQ04730,Excavator,S032,7.5,0.1,72,16.8,94,C8197,OP0256,12.708735,80.142022,Good,85,Running,S032,Active,Normal,0
EQ04731,Skid Steer Loader,S049,9.4,2.3,55,34.4,92,C4427,OP0611,13.30328,80.220038,Good,86,Running,S049,Active,Normal,0
EQ04732,Excavator,S075,5.5,1.0,72,34.5,86,C8273,OP0619,12.959145,80.153815,Good,67,Running,S130,Active,Wrong Site,1
EQ04733,Motor Grader,S055,5.3,2.6,43,24.9,91,C7540,OP1168,13.158382,80.316948,Due Soon,89,Running,S055,Expired,Contract Expired,1
EQ04734,Motor Grader,S128,9.6,16.0,79,17.5,91,C6090,OP0168,12.95372,80.165887,Good,8,Idle,S128,Active,Low Utilization,1
EQ04735,Excavator,S013,8.4,1.6,94,15.4,87,C7530,OP0342,12.949046,80.265849,Good,68,Running,S013,Active,Normal,0
EQ04736,Excavator,S067,6.3,1.6,84,39.5,91,C7128,OP0727,12.891044,80.016565,Good,98,Running,S067,Active,Normal,0
EQ04737,Skid Steer Loader,S023,10.7,1.6,46,22.3,92,C5346,OP0931,13.038444,80.188594,Good,78,Running,S023,Active,Normal,0
EQ04738,Dump Truck,S119,8.0,0.0,68,30.6,82,C8810,OP0846,13.189228,80.032088,Good,81,Running,S119,Active,Normal,0
EQ04739,Motor Grader,S002,6.4,1.2,70,22.6,90,C7709,OP0835,12.979318,80.352797,Good,82,Running,S002,Active,Normal,0
EQ04740,Backhoe Loader,S063,7.8,1.9,64,24.0,84,C6693,OP0249,12.712595,80.055351,Good,96,Running,S063,Active,Normal,0
EQ04741,Excavator,S022,6.5,1.5,70,34.9,91,C9419,OP0270,13.040106,80.058092,Good,96,Running,S022,Active,Normal,0
EQ04742,Motor Grader,S006,6.7,2.1,53,34.6,84,C4219,OP0401,13.043908,80.33684,Good,74,Running,S006,Active,Normal,0
EQ04743,Bulldozer,S052,8.8,0.9,91,14.2,87,C5397,OP0914,12.912797,79.9644,Due Soon,85,Running,S052,Active,Normal,0
EQ04744,Backhoe Loader,S079,10.6,0.7,44,37.4,100,C5110,OP1097,12.852456,80.090735,Due Soon,73,Running,S079,Active,Normal,0
EQ04745,Excavator,S090,10.8,2.6,57,22.2,87,C9492,OP0322,13.06015,80.103795,Good,81,Running,S090,Active,Normal,0
EQ04746,Excavator,S038,5.2,0.5,78,13.8,84,C4294,OP0919,13.092698,80.205811,Good,89,Running,S038,Active,Normal,0
EQ04747,Motor Grader,S007,6.9,1.4,35,19.1,89,C3860,OP1148,12.810938,80.004649,Good,85,Running,S007,Active,Normal,0
EQ04748,Backhoe Loader,S021,8.0,2.7,60,30.0,86,C7348,OP0489,13.197156,79.959394,Good,87,Running,S021,Active,Normal,0
EQ04749,Excavator,S034,7.6,1.8,88,23.6,100,C6640,OP0651,13.110345,80.141191,Overdue,81,Running,S034,Active,Normal,0
EQ04750,Dump Truck,S037,9.2,0.4,50,26.3,81,C5392,OP1195,13.348288,79.986962,Good,80,Running,S037,Active,Normal,0
EQ04751,Wheel Loader,S057,6.6,16.0,89,21.5,99,C8839,OP0961,12.958359,79.994246,Due Soon,8,Idle,S057,Active,Low Utilization,1
EQ04752,Dump Truck,S148,6.3,1.4,84,27.3,89,C8598,OP0650,12.969161,80.181423,Due Soon,73,Running,S148,Active,Normal,0
EQ04753,Excavator,S058,8.2,2.2,61,28.4,82,C6052,OP0272,13.059798,79.976419,Good,89,Running,S058,Active,Normal,0
EQ04754,Skid Steer Loader,S073,10.0,0.9,79,33.6,85,C9093,OP0058,12.7394,80.037858,Good,98,Running,S073,Active,Normal,0
EQ04755,Backhoe Loader,S097,10.5,0.2,94,15.5,94,C5985,OP0109,12.712721,80.013959,Good,81,Running,S097,Active,Normal,0
EQ04756,Dump Truck,S097,7.8,1.2,67,29.0,83,C4484,OP0219,13.266341,80.289695,Good,89,Running,S097,Active,Normal,0
EQ04757,Backhoe Loader,S070,9.8,1.6,41,25.6,90,C1033,,12.860203,80.0892,Good,98,Running,S070,Active,Missing Operator,1
EQ04758,Bulldozer,S096,10.9,2.8,62,27.6,99,C6065,OP0853,13.22029,80.134174,Due Soon,78,Running,S096,Active,Normal,0
EQ04759,Backhoe Loader,S024,10.7,1.4,86,27.4,89,C3884,OP0284,12.815494,80.324621,Due Soon,67,Running,S024,Active,Normal,0
EQ04760,Backhoe Loader,S062,8.7,2.3,89,15.6,97,C2210,OP0368,13.303788,80.24365,Good,65,Running,S062,Active,Normal,0
EQ04761,Dump Truck,S109,9.1,0.9,51,38.4,87,C2255,OP0923,12.787143,80.047898,Good,74,Running,S109,Active,Normal,0
EQ04762,Bulldozer,S019,8.0,3.0,69,37.0,90,C5992,OP0869,12.814612,80.17399,Good,96,Running,S019,Active,Normal,0
EQ04763,Bulldozer,S009,8.1,0.3,74,16.1,88,C5377,OP0128,13.089222,80.289149,Good,79,Running,S009,Active,Normal,0
EQ04764,Bulldozer,S141,7.1,1.2,45,27.9,90,C4027,OP0200,13.160766,80.218192,Due Soon,74,Running,S141,Active,Normal,0
EQ04765,Bulldozer,S028,7.5,0.3,72,21.0,91,C6810,OP0311,12.993061,80.107043,Good,70,Running,S028,Active,Normal,0
EQ04766,Backhoe Loader,S012,6.8,1.2,72,34.8,84,C8791,OP0544,13.08639,80.243126,Good,98,Running,S012,Active,Normal,0
EQ04767,Excavator,S132,6.1,1.7,60,27.3,99,C8456,OP0658,12.966632,80.238805,Good,69,Running,S132,Active,Normal,0
EQ04768,Motor Grader,S002,10.4,0.7,64,21.6,90,C3793,OP0517,13.304783,80.256116,Good,77,Running,S002,Active,Normal,0
EQ04769,Motor Grader,S030,9.9,0.0,43,24.9,93,C1810,OP0511,13.102816,79.956718,Good,70,Running,S030,Active,Normal,0
EQ04770,Backhoe Loader,S146,8.3,2.6,57,165.0,91,C2471,OP0885,12.706462,80.104356,Good,98,Running,S146,Active,Distance Spike,1
EQ04771,Bulldozer,S102,8.1,1.6,52,21.6,95,C6986,OP0798,12.863348,80.284,Good,67,Running,S102,Active,Normal,0
EQ04772,Excavator,S049,9.9,2.0,76,25.7,89,C6563,OP0508,13.029825,79.987952,Good,79,Running,S049,Active,Normal,0
EQ04773,Bulldozer,S115,8.9,2.4,90,22.9,92,C3337,OP0739,13.060833,80.247406,Good,87,Running,S115,Active,Normal,0
EQ04774,Excavator,S056,6.9,0.2,86,27.8,94,C3171,OP0048,12.836852,80.08683,Good,89,Running,S056,Active,Normal,0
EQ04775,Bulldozer,S084,5.7,0.9,44,15.1,82,C8838,OP0140,12.906251,80.132455,Overdue,92,Running,S084,Active,Normal,0
EQ04776,Motor Grader,S089,8.5,2.6,64,39.4,88,C4057,OP0009,13.122078,80.348226,Good,69,Running,S089,Active,Normal,0
EQ04777,Backhoe Loader,S126,10.3,2.1,56,26.6,28,C8725,OP0451,12.895908,80.053226,Overdue,74,Maintenance,S126,Active,Maintenance Overdue,1
EQ04778,Backhoe Loader,S063,6.9,2.0,75,14.6,90,C9004,OP0102,13.18951,80.106566,Good,94,Running,S063,Active,Normal,0
EQ04779,Wheel Loader,S025,11.0,2.5,57,35.0,80,C9651,OP0061,13.030533,80.189952,Good,94,Running,S025,Active,Normal,0
EQ04780,Backhoe Loader,S028,7.1,0.1,90,14.7,97,C4868,OP0024,13.146046,80.334319,Good,86,Running,S028,Active,Normal,0
EQ04781,Excavator,S017,6.7,2.0,76,35.8,83,C8141,OP0177,12.998894,80.343862,Due Soon,77,Running,S017,Active,Normal,0
EQ04782,Dump Truck,S005,7.6,2.3,46,39.5,81,C3196,OP0752,12.754477,80.16909,Good,98,Running,S005,Active,Normal,0
EQ04783,Excavator,S086,8.7,0.8,95,30.4,83,C1477,OP0231,13.157637,80.103593,Good,79,Running,S086,Active,Normal,0
EQ04784,Skid Steer Loader,S107,9.8,2.2,67,14.9,88,C7175,OP0547,12.830397,79.970164,Good,68,Running,S107,Active,Normal,0
EQ04785,Motor Grader,S005,8.5,2.5,89,21.5,80,C7283,OP0481,13.268507,80.259303,Good,98,Running,S005,Active,Normal,0
EQ04786,Dump Truck,S016,6.4,2.8,65,14.1,85,C7119,OP1095,12.905232,80.229839,Good,81,Running,S016,Active,Normal,0
EQ04787,Motor Grader,S074,5.6,2.6,70,32.7,93,C7162,OP0376,12.702211,80.300618,Due Soon,71,Running,S074,Active,Normal,0
EQ04788,Backhoe Loader,S141,5.7,1.9,52,28.7,92,C3046,OP0726,12.863165,80.187528,Good,84,Running,S141,Active,Normal,0
EQ04789,Excavator,S027,10.2,0.0,91,31.3,28,C9108,OP0032,12.74023,80.251527,Overdue,86,Maintenance,S027,Active,Maintenance Overdue,1
EQ04790,Dump Truck,S084,10.3,2.7,86,37.7,93,C2280,OP0904,12.972152,80.108687,Good,67,Running,S084,Active,Normal,0
EQ04791,Wheel Loader,S060,9.8,0.8,66,28.7,92,C2687,OP0436,12.958165,80.267879,Due Soon,93,Running,S060,Active,Normal,0
EQ04792,Wheel Loader,S075,10.6,1.7,78,19.2,100,C4462,OP0783,13.027418,80.128024,Good,73,Running,S075,Active,Normal,0
EQ04793,Backhoe Loader,S045,10.2,2.3,71,28.4,90,C1128,OP0536,13.320025,80.17526,Good,68,Running,S045,Active,Normal,0
EQ04794,Skid Steer Loader,S001,8.6,0.6,80,24.4,93,C2796,OP0637,12.727678,80.077076,Good,66,Running,S001,Active,Normal,0
EQ04795,Motor Grader,S024,8.1,1.0,75,23.5,98,C3171,OP0770,12.943781,80.299254,Good,76,Running,S024,Active,Normal,0
EQ04796,Skid Steer Loader,S073,5.6,0.4,47,24.7,94,C6306,OP0490,12.840812,80.340734,Good,88,Running,S130,Active,Wrong Site,1
EQ04797,Skid Steer Loader,S115,8.6,1.7,87,26.6,88,C7956,OP0711,13.277077,80.243094,Good,65,Running,S115,Active,Normal,0
EQ04798,Skid Steer Loader,S043,5.1,0.8,56,14.5,91,C9966,OP0606,12.969138,80.203644,Good,91,Running,S043,Active,Normal,0
EQ04799,Motor Grader,S073,9.4,0.5,49,25.2,95,C2981,OP0748,13.285015,80.320468,Good,81,Running,S073,Active,Normal,0
EQ04800,Motor Grader,S145,8.0,1.7,74,35.2,92,C1228,OP0659,13.179667,80.159169,Good,69,Running,S145,Active,Normal,0
EQ04801,Motor Grader,S081,5.9,0.5,47,19.8,90,C8793,OP1178,12.746168,80.229976,Good,97,Running,S081,Active,Normal,0
EQ04802,Wheel Loader,S092,8.1,0.7,78,38.1,88,C5564,OP1198,13.229272,79.997281,Good,74,Running,S092,Active,Normal,0
EQ04803,Skid Steer Loader,S102,10.8,1.5,89,26.4,81,C6276,OP1016,13.019076,80.385159,Good,81,Running,S102,Active,Normal,0
EQ04804,Motor Grader,S074,9.9,1.4,46,15.6,93,C5451,OP0014,12.933485,80.126516,Good,83,Running,S074,Active,Normal,0
EQ04805,Bulldozer,S050,9.7,1.1,59,17.5,88,C4673,OP0215,12.953031,79.984677,Good,91,Running,S050,Active,Normal,0
EQ04806,Backhoe Loader,S059,7.9,0.1,74,14.9,91,C9346,OP0366,13.269889,80.054211,Good,96,Running,S059,Active,Normal,0
EQ04807,Skid Steer Loader,S078,8.9,1.9,69,18.1,96,C6838,OP0007,13.324894,80.003023,Good,96,Running,S078,Active,Normal,0
EQ04808,Dump Truck,S127,8.0,2.3,42,15.0,82,C9097,OP0780,13.334874,80.295785,Good,98,Running,S127,Active,Normal,0
EQ04809,Dump Truck,S074,9.9,1.2,52,37.6,81,C6578,OP0146,13.263902,80.049291,Good,95,Running,S074,Active,Normal,0
EQ04810,Wheel Loader,S106,9.7,0.9,72,16.8,88,C9538,OP0509,12.899818,80.048742,Good,72,Running,S106,Active,Normal,0
EQ04811,Wheel Loader,S068,5.2,1.3,47,29.5,96,C9832,OP0025,13.295019,80.085497,Good,66,Running,S068,Active,Normal,0
EQ04812,Dump Truck,S026,5.8,1.5,46,20.2,92,C3165,OP0735,12.779232,79.99391,Due Soon,90,Running,S026,Active,Normal,0
EQ04813,Wheel Loader,S039,10.6,1.1,64,23.2,91,C8517,OP0454,13.115002,79.9677,Good,67,Running,S039,Active,Normal,0
EQ04814,Skid Steer Loader,S120,10.5,2.4,81,25.9,88,C6808,OP0176,12.791046,80.270478,Good,86,Running,S120,Active,Normal,0
EQ04815,Motor Grader,S015,10.7,2.4,61,32.3,85,C4032,OP0024,13.309444,80.281912,Good,69,Running,S015,Active,Normal,0
EQ04816,Dump Truck,S115,10.6,1.8,94,14.8,90,C6392,OP0758,12.942663,80.208252,Good,67,Running,S115,Active,Normal,0
EQ04817,Bulldozer,S028,10.6,2.5,61,27.7,85,C1468,OP0324,13.282052,80.075497,Good,95,Running,S028,Active,Normal,0
EQ04818,Dump Truck,S086,7.2,1.8,57,35.9,98,C5653,OP1140,12.985913,80.250937,Good,72,Running,S086,Active,Normal,0
EQ04819,Bulldozer,S069,7.8,1.7,54,14.7,95,C2941,OP1148,13.010546,80.322135,Good,83,Running,S069,Active,Normal,0
EQ04820,Backhoe Loader,S082,7.3,1.9,87,21.0,82,C1802,OP0230,12.768915,80.299063,Due Soon,87,Running,S082,Active,Normal,0
EQ04821,Backhoe Loader,S085,8.4,1.9,89,14.9,85,C1664,OP0134,13.206,80.272677,Good,66,Running,S085,Active,Normal,0
EQ04822,Wheel Loader,S043,5.7,0.0,61,15.5,93,C8152,OP0475,13.197558,80.196674,Good,88,Running,S043,Active,Normal,0
EQ04823,Dump Truck,S023,5.5,1.9,69,22.0,99,C2093,OP0876,13.277807,80.360981,Good,97,Running,S023,Active,Normal,0
EQ04824,Backhoe Loader,S058,9.6,2.3,76,13.6,89,C1471,OP0745,12.995724,80.021377,Good,70,Running,S058,Active,Normal,0
EQ04825,Skid Steer Loader,S053,7.4,0.1,69,20.4,83,C1467,OP1125,13.203099,80.399942,Good,98,Running,S053,Active,Normal,0
EQ04826,Wheel Loader,S004,5.2,2.2,52,29.2,86,C5472,OP0203,12.778405,80.294554,Due Soon,82,Running,S004,Active,Normal,0
EQ04827,Wheel Loader,S049,7.1,2.4,59,19.1,96,C6244,OP0930,13.043687,80.144203,Good,93,Running,S049,Active,Normal,0
EQ04828,Wheel Loader,S032,6.0,1.5,81,35.8,87,C4237,OP0121,12.976744,80.057463,Good,77,Running,S032,Active,Normal,0
EQ04829,Wheel Loader,S011,8.3,2.9,95,36.9,94,C9604,OP0970,12.782309,80.239785,Good,84,Running,S011,Active,Normal,0
EQ04830,Bulldozer,S086,7.1,2.5,55,29.1,93,C7205,OP0725,12.746469,80.053521,Good,87,Running,S086,Active,Normal,0
EQ04831,Dump Truck,S118,10.6,1.6,75,27.7,83,C1000,OP0742,12.771535,79.970076,Good,84,Running,S118,Active,Normal,0
EQ04832,Motor Grader,S027,10.3,1.7,60,37.7,89,C6665,OP0159,13.109442,80.067649,Good,91,Running,S027,Active,Normal,0
EQ04833,Motor Grader,S023,6.4,16.0,48,24.5,95,C3445,OP0771,12.767612,80.012542,Due Soon,8,Idle,S023,Active,Low Utilization,1
EQ04834,Motor Grader,S084,7.6,1.4,38,15.3,95,C2693,OP0049,12.989439,80.244455,Good,97,Running,S084,Active,Normal,0
EQ04835,Skid Steer Loader,S093,10.0,1.5,92,38.1,81,C7077,OP0847,12.997521,80.336318,Good,75,Running,S093,Active,Normal,0
EQ04836,Skid Steer Loader,S120,9.9,1.8,55,33.8,90,C1821,OP0597,13.166518,80.160778,Good,93,Running,S120,Active,Normal,0
EQ04837,Bulldozer,S116,9.9,0.4,38,20.9,81,C6148,OP0600,12.747264,80.374632,Overdue,92,Running,S116,Active,Normal,0
EQ04838,Wheel Loader,S147,5.2,2.6,38,14.0,84,C4855,OP1165,13.282965,80.166969,Good,94,Running,S147,Active,Normal,0
EQ04839,Wheel Loader,S150,7.7,2.9,44,22.7,98,C4070,OP0870,13.271038,80.199353,Good,88,Running,S150,Active,Normal,0
EQ04840,Motor Grader,S001,7.1,2.9,41,30.0,94,C9834,OP0582,12.829059,80.178168,Good,65,Running,S001,Active,Normal,0
EQ04841,Backhoe Loader,S050,8.5,2.3,71,36.6,89,C5446,OP0007,12.730165,80.112114,Good,72,Running,S050,Active,Normal,0
EQ04842,Bulldozer,S014,7.8,1.2,38,22.3,85,C9462,OP0169,12.723842,80.079491,Good,79,Running,S014,Active,Normal,0
EQ04843,Motor Grader,S032,6.8,2.5,36,36.1,81,C7402,OP0022,12.994721,80.056633,Good,71,Running,S032,Active,Normal,0
EQ04844,Bulldozer,S009,9.9,1.1,39,28.0,81,C6094,OP0468,12.915905,79.954624,Good,75,Running,S009,Active,Normal,0
EQ04845,Skid Steer Loader,S098,6.1,2.8,62,28.1,28,C3989,OP0415,13.256271,79.969937,Overdue,85,Maintenance,S098,Active,Maintenance Overdue,1
EQ04846,Dump Truck,S055,10.5,1.7,94,32.1,91,C3950,OP0599,13.122035,79.999841,Due Soon,84,Running,S055,Active,Normal,0
EQ04847,Bulldozer,S091,9.9,2.5,76,25.4,91,C1317,OP0353,13.171558,80.202636,Good,79,Running,S091,Active,Normal,0
EQ04848,Wheel Loader,S147,10.5,2.4,44,33.3,80,C6707,OP0433,13.057371,80.180403,Good,89,Running,S147,Active,Normal,0
EQ04849,Motor Grader,S118,8.8,1.7,65,36.9,95,C1954,OP0549,12.759057,80.051061,Good,74,Running,S118,Active,Normal,0
EQ04850,Excavator,S052,6.1,0.3,46,38.7,83,C1917,OP1123,12.71384,80.139251,Good,71,Running,S052,Active,Normal,0
EQ04851,Dump Truck,S098,7.7,0.7,66,19.8,91,C3927,OP0516,12.7345,80.187266,Overdue,88,Running,S098,Active,Normal,0
EQ04852,Backhoe Loader,S024,10.7,1.7,40,35.1,87,C7143,OP1073,12.872272,80.320433,Good,94,Running,S024,Active,Normal,0
EQ04853,Excavator,S127,5.7,1.6,47,22.2,81,C8592,OP0936,12.780726,79.993467,Due Soon,75,Running,S127,Active,Normal,0
EQ04854,Dump Truck,S086,10.4,1.5,95,32.7,91,C5723,OP0611,13.034299,80.066945,Good,80,Running,S086,Active,Normal,0
EQ04855,Backhoe Loader,S133,7.3,1.0,91,13.0,85,C8404,OP1172,13.21712,80.107,Due Soon,70,Running,S133,Active,Normal,0
EQ04856,Excavator,S143,8.8,0.4,74,21.6,97,C4193,OP1067,13.225479,80.264388,Good,80,Running,S143,Active,Normal,0
EQ04857,Backhoe Loader,S116,10.5,2.9,74,16.2,88,C5155,OP0730,13.176587,80.251994,Good,71,Running,S116,Active,Normal,0
EQ04858,Excavator,S023,8.0,2.6,65,29.9,89,C7504,OP1174,12.879759,80.258887,Good,95,Running,S023,Active,Normal,0
EQ04859,Dump Truck,S051,5.6,2.0,73,39.2,98,C4050,OP0123,13.000007,79.971044,Good,98,Running,S051,Active,Normal,0
EQ04860,Dump Truck,S140,8.0,16.0,83,20.6,93,C6021,OP0971,12.819083,80.34137,Good,8,Idle,S140,Active,Low Utilization,1
EQ04861,Motor Grader,S003,9.4,1.9,83,16.2,88,C6800,OP0371,13.331952,80.310748,Good,80,Running,S003,Active,Normal,0
EQ04862,Backhoe Loader,S120,7.4,1.6,46,31.3,91,C3828,OP0449,12.847803,79.951206,Overdue,94,Running,S120,Active,Normal,0
EQ04863,Bulldozer,S142,10.3,2.3,88,25.0,93,C7405,OP0550,13.342207,80.201807,Due Soon,65,Running,S142,Active,Normal,0
EQ04864,Dump Truck,S104,8.7,1.6,57,27.7,98,C3857,OP0997,12.737921,80.052005,Good,70,Running,S104,Active,Normal,0
EQ04865,Backhoe Loader,S014,9.9,2.6,65,28.0,87,C1473,OP0790,12.93977,80.399986,Good,89,Running,S014,Active,Normal,0
EQ04866,Motor Grader,S068,7.1,1.4,91,12.7,89,C2781,OP0189,13.167789,80.257786,Good,93,Running,S068,Active,Normal,0
EQ04867,Skid Steer Loader,S029,5.8,2.6,46,31.0,97,C4854,OP1037,13.294224,80.195564,Good,76,Running,S029,Active,Normal,0
EQ04868,Motor Grader,S009,5.9,0.5,42,19.6,89,C7158,OP0991,13.347497,80.169204,Good,74,Running,S009,Active,Normal,0
EQ04869,Backhoe Loader,S017,7.2,1.7,5,18.0,81,C9927,OP0903,12.873189,80.220577,Good,80,Running,S017,Active,Fuel Anomaly,1
EQ04870,Dump Truck,S073,10.1,1.7,44,31.3,85,C6204,OP1183,13.313125,80.08746,Good,77,Running,S073,Active,Normal,0
EQ04871,Excavator,S093,7.8,1.4,47,39.7,86,C5125,OP0865,13.147077,79.974146,Good,92,Running,S093,Active,Normal,0
EQ04872,Backhoe Loader,S095,10.6,0.3,79,35.2,89,C7520,OP0473,13.299108,80.38318,Good,73,Running,S095,Active,Normal,0
EQ04873,Excavator,S100,5.7,0.4,38,20.1,86,C4398,OP0739,13.146557,80.346264,Due Soon,67,Running,S100,Active,Normal,0
EQ04874,Dump Truck,S072,10.9,3.0,83,27.0,94,C5677,OP0957,13.12405,80.293051,Due Soon,70,Running,S072,Active,Normal,0
EQ04875,Wheel Loader,S043,6.9,0.5,78,14.0,87,C2862,OP0330,13.080614,80.017034,Good,85,Running,S043,Active,Normal,0
EQ04876,Excavator,S025,5.3,1.0,81,19.0,92,C2379,OP0078,12.949939,80.332393,Good,77,Running,S025,Active,Normal,0
EQ04877,Dump Truck,S009,10.9,2.5,87,26.7,89,C5598,OP0117,13.080746,80.371006,Overdue,86,Running,S009,Active,Normal,0
EQ04878,Bulldozer,S052,10.1,2.4,36,18.1,89,C7653,OP0291,13.019141,80.088736,Due Soon,83,Running,S052,Active,Normal,0
EQ04879,Excavator,S007,9.8,1.8,80,37.7,93,C4355,OP0184,13.046842,79.974265,Good,81,Running,S007,Active,Normal,0
EQ04880,Backhoe Loader,S018,8.9,1.3,71,165.0,91,C8424,OP0403,13.155786,79.954317,Due Soon,98,Running,S018,Active,Distance Spike,1
EQ04881,Wheel Loader,S120,10.8,0.0,57,27.6,97,C1120,OP0069,13.12325,80.015268,Good,75,Running,S120,Active,Normal,0
EQ04882,Excavator,S027,9.3,1.3,57,19.9,98,C6060,OP0222,13.263546,80.38545,Good,80,Running,S027,Active,Normal,0
EQ04883,Wheel Loader,S137,5.8,0.6,50,37.6,94,C9872,OP0155,13.179793,80.168903,Good,91,Running,S137,Active,Normal,0
EQ04884,Excavator,S054,9.2,2.5,90,31.8,82,C9484,OP0368,13.002678,80.032561,Good,82,Running,S054,Active,Normal,0
EQ04885,Bulldozer,S062,8.5,1.4,40,39.2,84,C6864,OP0742,13.10138,80.214696,Good,65,Running,S062,Active,Normal,0
EQ04886,Motor Grader,S106,5.5,1.3,41,26.6,83,C2892,OP0895,12.949834,80.353537,Good,98,Running,S106,Active,Normal,0
EQ04887,Motor Grader,S053,9.3,1.5,45,31.8,96,C6758,OP0565,12.784589,80.296454,Good,71,Running,S053,Active,Normal,0
EQ04888,Dump Truck,S122,5.2,0.8,50,31.1,99,C9907,OP0678,13.122492,79.952571,Good,65,Running,S122,Active,Normal,0
EQ04889,Bulldozer,S103,10.1,1.0,37,33.9,96,C7431,OP0326,13.283056,80.084081,Good,74,Running,S103,Active,Normal,0
EQ04890,Backhoe Loader,S138,6.3,0.4,92,35.6,84,C7217,OP0493,13.333767,80.063607,Due Soon,66,Running,S138,Active,Normal,0
EQ04891,Wheel Loader,S074,6.9,2.6,55,18.5,98,C8272,OP0981,13.156952,80.124327,Good,68,Running,S074,Active,Normal,0
EQ04892,Excavator,S105,9.1,1.0,89,32.7,93,C3015,OP0703,12.824612,80.248002,Good,73,Running,S105,Active,Normal,0
EQ04893,Bulldozer,S067,7.6,0.5,69,31.1,94,C3597,OP0241,13.24973,80.34155,Good,91,Running,S067,Active,Normal,0
EQ04894,Skid Steer Loader,S080,6.4,0.4,60,14.3,87,C2289,OP1188,12.912695,79.97921,Good,97,Running,S080,Active,Normal,0
EQ04895,Backhoe Loader,S043,5.3,0.4,71,21.2,87,C3761,OP0477,12.90452,80.244405,Good,84,Running,S043,Active,Normal,0
EQ04896,Backhoe Loader,S011,10.7,0.6,43,31.0,86,C1076,OP0031,12.705602,80.136779,Due Soon,73,Running,S011,Active,Normal,0
EQ04897,Motor Grader,S096,8.4,2.0,42,34.9,99,C9366,OP1143,13.013361,80.386741,Good,68,Running,S096,Active,Normal,0
EQ04898,Motor Grader,S118,9.1,1.0,70,30.2,92,C7783,OP0767,12.9789,80.345001,Due Soon,95,Running,S118,Active,Normal,0
EQ04899,Bulldozer,S103,8.7,2.7,57,16.2,90,C1199,OP0428,13.077034,80.338644,Due Soon,94,Running,S103,Active,Normal,0
EQ04900,Excavator,S050,10.8,1.9,80,36.8,80,C5791,OP0907,13.281451,80.034173,Good,93,Running,S050,Active,Normal,0
EQ04901,Backhoe Loader,S100,6.3,2.1,58,28.4,93,C1985,OP0306,13.163667,80.089974,Good,91,Running,S100,Active,Normal,0
EQ04902,Bulldozer,S049,6.7,1.2,71,39.1,80,C8766,OP0036,12.976634,80.361783,Overdue,90,Running,S049,Expired,Contract Expired,1
EQ04903,Skid Steer Loader,S143,9.8,1.2,85,23.0,86,C3795,OP0964,12.936062,80.043604,Due Soon,78,Running,S143,Active,Normal,0
EQ04904,Motor Grader,S019,10.8,0.5,83,12.8,89,C4450,OP0440,13.314486,80.296992,Good,96,Running,S019,Active,Normal,0
EQ04905,Dump Truck,S077,5.5,1.6,82,25.6,97,C9607,OP0857,12.782505,80.011136,Overdue,67,Running,S077,Active,Normal,0
EQ04906,Backhoe Loader,S102,9.8,2.2,60,28.2,82,C6821,OP0760,13.284527,80.131007,Good,68,Running,S102,Active,Normal,0
EQ04907,Excavator,S015,8.1,1.1,65,38.1,96,C9561,OP0306,13.23379,79.994732,Good,96,Running,S015,Active,Normal,0
EQ04908,Motor Grader,S018,6.8,0.1,47,29.3,100,C6608,OP0815,13.030102,80.196599,Good,92,Running,S018,Active,Normal,0
EQ04909,Bulldozer,S056,10.1,3.0,78,34.3,93,C5946,OP0287,13.05847,80.150207,Due Soon,72,Running,S056,Active,Normal,0
EQ04910,Backhoe Loader,S147,5.5,0.1,57,28.9,86,C8413,OP1103,13.095397,80.366051,Good,97,Running,S147,Active,Normal,0
EQ04911,Wheel Loader,S118,5.9,0.9,65,19.6,80,C7513,OP0049,12.925439,80.040032,Good,77,Running,S118,Active,Normal,0
EQ04912,Backhoe Loader,S004,9.1,0.4,43,13.8,83,C2181,OP1176,13.099585,80.259775,Overdue,65,Running,S004,Active,Normal,0
EQ04913,Backhoe Loader,S011,9.8,0.5,77,33.0,86,C3675,OP0551,13.208378,80.321968,Overdue,97,Running,S011,Active,Normal,0
EQ04914,Bulldozer,S014,9.1,0.8,5,18.0,84,C1772,OP0498,13.030958,80.266216,Good,78,Running,S014,Active,Fuel Anomaly,1
EQ04915,Wheel Loader,S023,8.7,2.2,80,25.7,98,C8176,OP0138,13.109131,79.977651,Overdue,84,Running,S023,Active,Normal,0
EQ04916,Wheel Loader,S066,8.9,1.2,49,31.4,84,C4701,OP0340,12.901847,80.050059,Due Soon,83,Running,S066,Active,Normal,0
EQ04917,Backhoe Loader,S050,6.9,1.4,70,37.1,92,C9110,OP1061,12.749056,80.263701,Good,77,Running,S050,Active,Normal,0
EQ04918,Skid Steer Loader,S026,9.1,1.4,78,23.5,84,C8002,OP0722,13.316553,80.163961,Good,69,Running,S026,Active,Normal,0
EQ04919,Bulldozer,S080,7.5,2.1,51,12.7,86,C6063,OP1022,13.25467,80.244784,Good,69,Running,S080,Active,Normal,0
EQ04920,Bulldozer,S006,10.1,1.5,60,27.9,98,C8994,OP0302,12.71032,79.96585,Good,70,Running,S006,Active,Normal,0
EQ04921,Skid Steer Loader,S127,5.6,1.1,94,37.4,89,C5151,OP0504,13.294261,80.121103,Good,89,Running,S127,Active,Normal,0
EQ04922,Backhoe Loader,S092,5.8,1.1,64,165.0,98,C7841,OP1099,12.938725,80.339432,Good,98,Running,S092,Active,Distance Spike,1
EQ04923,Wheel Loader,S126,10.3,0.6,92,23.6,95,C8056,OP0784,13.201721,80.203261,Good,84,Running,S126,Active,Normal,0
EQ04924,Wheel Loader,S056,9.5,2.1,42,17.1,92,C3616,OP1153,12.878225,80.063097,Good,85,Running,S056,Active,Normal,0
EQ04925,Dump Truck,S144,9.2,1.8,37,21.1,95,C7651,OP1186,13.039511,80.096383,Overdue,65,Running,S144,Active,Normal,0
EQ04926,Backhoe Loader,S122,8.8,1.3,43,12.3,94,C9843,OP0368,13.233464,80.289706,Due Soon,96,Running,S122,Active,Normal,0
EQ04927,Skid Steer Loader,S109,7.5,0.3,55,18.5,97,C8530,OP0812,12.948521,80.369981,Good,70,Running,S109,Active,Normal,0
EQ04928,Motor Grader,S006,9.8,2.4,42,35.2,100,C2158,OP0668,12.966095,80.052761,Due Soon,70,Running,S006,Active,Normal,0
EQ04929,Backhoe Loader,S041,5.9,0.6,69,17.3,87,C6983,OP0275,13.259852,79.976701,Good,65,Running,S041,Active,Normal,0
EQ04930,Motor Grader,S084,7.5,2.3,54,14.1,80,C5064,OP1074,13.131989,80.198413,Good,88,Running,S084,Active,Normal,0
EQ04931,Motor Grader,S028,7.1,1.7,65,30.1,91,C1072,OP0202,12.917848,80.31006,Good,97,Running,S069,Active,Wrong Site,1
EQ04932,Backhoe Loader,S076,7.4,2.8,52,17.1,100,C3510,OP1015,12.781897,80.187314,Good,93,Running,S076,Active,Normal,0
EQ04933,Dump Truck,S036,5.2,0.5,46,38.7,99,C2809,OP0622,13.039348,80.357654,Good,85,Running,S036,Active,Normal,0
EQ04934,Motor Grader,S067,7.8,2.3,58,19.2,95,C5856,OP0555,13.253046,80.252761,Due Soon,93,Running,S067,Active,Normal,0
EQ04935,Motor Grader,S043,9.6,1.8,89,23.4,95,C6620,OP0735,13.232635,80.226261,Good,86,Running,S043,Active,Normal,0
EQ04936,Bulldozer,S129,5.5,1.8,48,34.2,86,C7958,OP0114,12.97128,80.086991,Good,97,Running,S129,Active,Normal,0
EQ04937,Wheel Loader,S115,10.0,0.5,82,31.5,95,C9837,OP1103,13.1389,80.243513,Due Soon,65,Running,S115,Active,Normal,0
EQ04938,Motor Grader,S037,8.9,1.4,56,20.0,81,C7136,OP0865,12.930031,80.147133,Good,76,Running,S037,Active,Normal,0
EQ04939,Wheel Loader,S149,7.9,0.1,36,15.5,91,C7210,OP1155,13.18123,80.349227,Good,69,Running,S149,Active,Normal,0
EQ04940,Backhoe Loader,S023,10.7,2.4,90,34.2,84,C6250,OP0395,12.775875,80.278946,Good,74,Running,S023,Active,Normal,0
EQ04941,Wheel Loader,S011,8.9,2.0,46,23.4,90,C1019,OP1166,13.296852,80.28067,Good,92,Running,S011,Active,Normal,0
EQ04942,Backhoe Loader,S103,8.4,2.6,58,16.1,80,C1279,OP1110,13.115681,80.194864,Good,66,Running,S039,Active,Wrong Site,1
EQ04943,Wheel Loader,S028,5.7,1.8,73,22.7,94,C6901,OP0053,13.037383,80.343561,Good,68,Running,S028,Active,Normal,0
EQ04944,Excavator,S027,8.9,0.8,84,13.5,98,C4418,OP0724,13.052882,80.133992,Due Soon,90,Running,S027,Active,Normal,0
EQ04945,Excavator,S098,10.6,2.1,73,23.6,94,C6564,OP0391,12.968186,80.197057,Good,91,Running,S098,Active,Normal,0
EQ04946,Bulldozer,S111,9.0,0.1,73,26.0,82,C7279,OP0298,12.730869,80.150015,Good,95,Running,S111,Active,Normal,0
EQ04947,Bulldozer,S031,9.4,1.8,64,36.1,91,C6552,OP0219,13.024136,80.182308,Good,94,Running,S031,Active,Normal,0
EQ04948,Motor Grader,S033,6.9,0.3,82,29.8,94,C5812,OP1084,12.950409,80.201243,Due Soon,81,Running,S033,Active,Normal,0
EQ04949,Wheel Loader,S015,9.2,2.9,58,26.1,91,C3873,OP1177,12.722874,80.290095,Good,76,Running,S015,Active,Normal,0
EQ04950,Backhoe Loader,S100,8.5,2.4,53,23.4,92,C5011,OP0929,13.24528,80.157986,Good,91,Running,S100,Active,Normal,0
EQ04951,Skid Steer Loader,S089,7.5,2.4,82,19.0,100,C8147,OP0958,12.71371,80.311756,Good,87,Running,S089,Active,Normal,0
EQ04952,Wheel Loader,S102,7.0,1.8,42,18.1,81,C2706,OP1001,13.213349,79.959145,Good,95,Running,S143,Active,Wrong Site,1
EQ04953,Excavator,S114,9.4,0.3,95,17.3,81,C1846,OP0835,13.079466,80.096198,Good,83,Running,S114,Active,Normal,0
EQ04954,Motor Grader,S063,0.5,22.0,63,36.8,90,C9982,OP0733,12.879401,80.393981,Good,5,Idle,S063,Active,High Idle,1
EQ04955,Dump Truck,S042,6.5,2.4,54,27.4,89,C1636,OP0206,12.750847,80.338548,Due Soon,93,Running,S042,Active,Normal,0
EQ04956,Dump Truck,S071,6.0,0.9,94,23.7,94,C8495,OP0082,13.171639,80.180194,Due Soon,73,Running,S071,Active,Normal,0
EQ04957,Skid Steer Loader,S005,5.8,2.8,95,22.7,93,C3942,OP0654,13.022803,80.221956,Good,95,Running,S005,Active,Normal,0
EQ04958,Skid Steer Loader,S019,7.4,2.1,78,30.3,88,C4765,OP0545,12.980095,79.964785,Good,65,Running,S019,Active,Normal,0
EQ04959,Wheel Loader,S034,6.4,1.7,43,14.0,97,C6285,OP0118,12.701771,80.11809,Due Soon,70,Running,S034,Active,Normal,0
EQ04960,Dump Truck,S069,10.9,2.1,45,14.0,82,C3125,OP1176,12.987941,80.148122,Good,76,Running,S069,Active,Normal,0
EQ04961,Wheel Loader,S076,6.7,1.5,92,27.9,93,C2346,OP1021,12.88323,80.017831,Good,96,Running,S076,Active,Normal,0
EQ04962,Bulldozer,S103,0.5,22.0,92,22.1,96,C4977,OP0500,13.252206,80.131873,Good,5,Idle,S103,Active,High Idle,1
EQ04963,Excavator,S035,8.6,2.4,61,18.8,90,C5792,OP0578,13.03177,80.243264,Good,81,Running,S035,Active,Normal,0
EQ04964,Bulldozer,S010,10.9,1.7,78,23.8,28,C4822,OP0259,12.822266,80.392173,Overdue,95,Maintenance,S010,Active,Maintenance Overdue,1
EQ04965,Motor Grader,S038,5.7,2.5,37,39.8,87,C3418,OP0155,13.154419,80.206478,Good,85,Running,S038,Active,Normal,0
EQ04966,Skid Steer Loader,S003,8.9,0.7,66,32.9,92,C2262,OP0050,12.863351,80.155557,Good,70,Running,S003,Active,Normal,0
EQ04967,Skid Steer Loader,S012,9.3,1.1,43,23.5,92,C4337,OP1168,12.715893,80.048043,Good,66,Running,S012,Active,Normal,0
EQ04968,Dump Truck,S138,8.5,0.5,92,18.1,85,C1998,OP0613,13.144944,80.145736,Good,91,Running,S138,Active,Normal,0
EQ04969,Bulldozer,S079,6.7,2.6,55,28.5,80,C7760,OP0015,12.895039,80.202396,Good,86,Running,S079,Active,Normal,0
EQ04970,Bulldozer,S122,6.6,1.9,84,12.2,98,C8956,OP0136,12.887456,79.979906,Due Soon,81,Running,S122,Active,Normal,0
EQ04971,Dump Truck,S068,8.6,16.0,49,13.4,92,C9928,OP0380,13.103318,80.006312,Good,8,Idle,S068,Active,Low Utilization,1
EQ04972,Dump Truck,S121,5.8,0.2,89,32.1,95,C8219,OP0892,13.253267,80.17355,Good,70,Running,S121,Active,Normal,0
EQ04973,Wheel Loader,S072,8.2,1.4,91,22.3,99,C8471,OP0406,13.009293,79.967,Good,96,Running,S072,Active,Normal,0
EQ04974,Motor Grader,S080,10.3,2.6,95,34.9,89,C7032,OP0107,12.817701,80.088638,Good,70,Running,S080,Active,Normal,0
EQ04975,Backhoe Loader,S098,7.7,0.6,47,32.2,97,C7482,OP0678,13.115592,80.080624,Good,72,Running,S098,Active,Normal,0
EQ04976,Skid Steer Loader,S119,10.1,0.2,41,15.1,86,C1353,OP0529,12.902957,80.324281,Good,78,Running,S119,Active,Normal,0
EQ04977,Bulldozer,S009,6.1,1.6,44,165.0,90,C1043,OP0318,12.944153,80.003182,Due Soon,98,Running,S009,Active,Distance Spike,1
EQ04978,Bulldozer,S071,5.2,0.2,72,30.3,97,C9498,OP1147,12.957423,80.052063,Good,70,Running,S101,Active,Wrong Site,1
EQ04979,Skid Steer Loader,S043,5.3,16.0,85,12.2,81,C5372,OP0649,12.754004,80.024884,Good,8,Idle,S043,Active,Low Utilization,1
EQ04980,Excavator,S053,5.8,2.8,52,17.9,85,C9396,OP0443,12.96692,80.286911,Good,86,Running,S053,Active,Normal,0
EQ04981,Skid Steer Loader,S141,5.4,1.7,68,23.1,89,C2636,OP0671,13.317745,80.031341,Good,97,Running,S141,Active,Normal,0
EQ04982,Backhoe Loader,S090,6.5,2.3,39,22.6,90,C5850,OP0443,12.788093,80.007683,Good,88,Running,S090,Active,Normal,0
EQ04983,Skid Steer Loader,S136,9.0,2.6,89,24.8,82,C5612,OP0696,13.003466,80.377858,Good,87,Running,S136,Active,Normal,0
EQ04984,Excavator,S084,10.7,0.5,72,31.5,91,C9429,OP0172,12.769965,80.153326,Good,77,Running,S084,Active,Normal,0
EQ04985,Dump Truck,S111,8.0,0.7,94,23.8,92,C4644,OP1066,12.788468,79.974011,Good,85,Running,S111,Active,Normal,0
EQ04986,Excavator,S080,8.1,0.1,36,32.2,85,C9059,OP0773,12.993761,80.114455,Good,71,Running,S080,Active,Normal,0
EQ04987,Motor Grader,S003,7.2,0.6,75,33.5,91,C9577,OP0511,12.843974,80.007642,Good,83,Running,S003,Active,Normal,0
EQ04988,Excavator,S138,7.8,1.4,72,21.2,84,C9412,OP0978,13.326847,79.957401,Good,79,Running,S138,Active,Normal,0
EQ04989,Bulldozer,S073,6.3,2.9,40,21.7,98,C9063,OP0860,13.234809,80.093099,Good,66,Running,S073,Active,Normal,0
EQ04990,Bulldozer,S084,9.2,0.8,86,17.5,88,C4385,OP0351,13.287556,79.977344,Good,73,Running,S084,Active,Normal,0
EQ04991,Excavator,S009,10.2,1.6,89,16.3,83,C3848,OP0607,13.121835,79.962712,Good,71,Running,S009,Active,Normal,0
EQ04992,Motor Grader,S075,8.9,1.8,38,21.3,95,C4574,OP0396,13.270077,80.133699,Good,98,Running,S075,Active,Normal,0
EQ04993,Dump Truck,S095,8.0,1.2,39,33.8,87,C3118,OP0863,12.949088,80.328031,Good,94,Running,S095,Active,Normal,0
EQ04994,Dump Truck,S009,5.2,0.6,70,23.6,92,C7321,OP0953,12.705538,80.264545,Good,96,Running,S009,Active,Normal,0
EQ04995,Bulldozer,S027,9.9,1.0,76,36.7,93,C8543,OP1152,12.754168,80.081584,Good,77,Running,S027,Active,Normal,0
EQ04996,Backhoe Loader,S093,9.3,0.0,49,25.1,95,C2297,OP0325,12.854994,80.316276,Good,87,Running,S093,Active,Normal,0
EQ04997,Dump Truck,S135,6.3,0.9,39,23.6,83,C4876,OP0819,12.832401,80.07877,Good,69,Running,S135,Active,Normal,0
EQ04998,Dump Truck,S045,10.0,1.3,87,38.0,82,C1318,OP0494,13.114209,80.06841,Good,96,Running,S045,Active,Normal,0
EQ04999,Motor Grader,S075,6.7,2.0,64,18.1,88,C6015,OP0337,13.126765,80.010913,Good,83,Running,S075,Active,Normal,0
EQ05000,Motor Grader,S101,6.9,0.2,92,25.7,90,C5636,OP0610,13.016317,80.014017,Good,72,Running,S101,Active,Normal,0
